FID,src_name,src_link,ev_id,ev_date,ev_time,ev_title,ev_desc,loc_desc,loc_accu,ls_cat,ls_trig,ls_size,ls_setting,fatalities,injuries,storm_name,photo_link,comments,ev_imp_src,ev_imp_id,latitude,longitude,ctry_name,ctry_code,div_name,gaz_point,gaz_dist,sub_date,edit_date,geometry_lon,geometry_lat,event_date,exact_duplicate,proxy_storm_group
14,The Hindu,https://www.thehindu.com/news/national/kerala/jvx8ru/article24937709.ece,14391,1536796800000.0,unknown,Landslip at Anpathi Monnam Mile Forest,Landslip formed a lake on two acres of forestland at Anpathi moonnam mile forest under the Begur range of forest in North Wayanad.,"Anpathi moonnam mile forest, Begur Range, Wayanad, IND",50km,landslide,monsoon,large,above_river,0,0, ,https://th.thgim.com/news/national/kerala/jvx8ru/article24937709.ece/alternates/FREE_660/13tvwynewlyformedlake1, ,GLC, ,11.84413018,76.08364903,India,IN,Kerala,Chambagapara,2.28,1595980800000.0,1606348800000,76.083649032,11.844130181,2018-09-13 00:00:00+00:00,False,prox:23:152:5929
18,onmanorama,https://www.onmanorama.com/districts/malappuram/2018/09/03/flood-damage-compensation-fraud-malappuram.html,14477,1535932800000.0,unknown,Trikkalangode Landslip,Soil landslip occurred at Trikkalangode panchayat near semi-hilly Manjeri following heavy rain.,"Trikkalangode, Malappuram, Kerala, IND",5km,landslide,rain,small,engineered_slope,0,0, ,https://img.onmanorama.com/content/dam/mm/en/districts/malappuram/images/2018/9/3/compensation-fraud.jpg, ,GLC, ,11.16100669,76.12754727,India,IN,Kerala,Karuvambram,5.19,1596844800000.0,1606348800000,76.1275472690001,11.16100669,2018-09-03 00:00:00+00:00,False,prox:22:152:5925
19,The Hindu,https://www.thehindu.com/news/national/kerala/quarrying-causes-landslips/article24866542.ece,14430,1534377600000.0,unknown,Cherumkad Landslip,4 major landslips occurred in 2 days in the forest areas of Athavand Hills including a massive landslip close to an illegal quarry in Cherumkad that killed 10 members of 3 families.,"Cherumkad, Athavand, Kerala, IND",25km,landslide,rain,medium,other,10,0, , , ,GLC, ,10.86885351,76.03846723,India,IN,Kerala,Valancher,3.49,1596844800000.0,1606348800000,76.038467228,10.868853512,2018-08-16 00:00:00+00:00,False,prox:21:152:5919
31,The Tribune,https://www.tribuneindia.com/news/archive/j-k/state-nhai-pass-the-buck-over-condition-of-nhs-647297,14350,1535500800000.0,unknown,Kheri Landslide,"Landslide triggered by rain occurred at Kheri near Udhampur, blocking the Jammu-Srinagar National Highway and causing heavy traffic even after the debris was cleared.","Kheri, Jammu, Jammu & Kashmir, IND",5km,landslide,rain,medium,above_road,0,0, , , ,GLC, ,32.79349919,74.82127414,India,IN,Jammu and Kashmir,Kurwanda,3.47,1597104000000.0,1606348800000,74.8212741400001,32.7934991870001,2018-08-29 00:00:00+00:00,False,prox:65:149:5924
50,The New Indian Express,https://www.newindianexpress.com/states/kerala/2018/aug/09/two-killed-after-house-tumbles-in-landslide-in-kannurs-keezhanganam-1855253.html,14322,1533427200000.0,19:00,Keezhanganam Landslide,2 people were killed after their house was destroyed in a landslide in Keezhanganam.,"Keezhanganam, Kannur, Kerala, IND",1km,landslide,rain,large,unknown,2,0, , , ,GLC, ,12.00218517,75.77401073,India,IN,Kerala,Virarajendrapet,21.38,1595289600000.0,1606348800000,75.7740107290001,12.0021851710001,2018-08-05 00:00:00+00:00,False,prox:24:151:5916
52,The Tribune India,https://www.tribuneindia.com/news/archive/himachal/traffic-restored-on-hatkoti-highway-after-24-hours-647198,14326,1535846400000.0,unknown,Landslip on Theog-Hatkoti-Rohru Highway,"During India's rainy season a landslide occurred on the Theog-Hatkoti-Rohru Highway blocking the road, but was cleared after 24 hours. This was one slide of many in the area causing various traffic delays.","Theog-Hatkoti-Rohru highway, Shimla, Himachal Pradesh, 171205",25km,landslide,rain,small,above_road,0,0, ,https://images.tribuneindia.com/cms/gall_content/2018/9/2018_9$largeimg03_Monday_2018_231924595.jpg, ,GLC, ,31.11294766,77.61442829,India,IN,Himachal Pradesh,Saura,13.0,1597536000000.0,1606348800000,77.6144282880001,31.112947658,2018-09-02 00:00:00+00:00,False,prox:62:155:5925
54,Scroll.in,https://scroll.in/article/893138/in-keralas-wayanad-record-landslides-and-cave-ins-raise-alarm-over-its-fragile-ecology,14438,1533772800000.0,unknown,Vythiri Landslide,"Landslide during monsoon season washed into the police station in Vythiri gram panchayat. Additonally, a 2 story shopping complex sank to the ground.","Vythiri, Wayanad, Kerala, 673576",1km,landslide,monsoon,large,deforested_slope,0,0, ,https://s01.sgp1.digitaloceanspaces.com/inline/893138-pgptrwjcgh-1536060822.jpg,Landslide occurred on same day as many other events in Wayanad district.,GLC, ,11.54868241,76.03927146,India,IN,Kerala,Meppadi,11.41,1595030400000.0,1606348800000,76.039271458,11.5486824130001,2018-08-09 00:00:00+00:00,False,prox:23:152:5917
56,Scroll.in,https://scroll.in/article/893138/in-keralas-wayanad-record-landslides-and-cave-ins-raise-alarm-over-its-fragile-ecology,14447,1533772800000.0,10:00,Kurichiyarmala Debris Flow,300 villagers were able to escape a debris flow in Kurichiyarmala during monsoon season that destroyed 100 acres of tea plantations and a government school.,"Kurichiyarmala (Kurichiar Mala), Wayanad, Kerala, IND",10km,debris_flow,monsoon,large,unknown,0,0, , ,Occurred on same day as many other events in Wayanad.,GLC, ,11.58288514,75.96672472,India,IN,Kerala,Tharuvana,16.86,1595030400000.0,1606348800000,75.9667247200001,11.5828851420001,2018-08-09 00:00:00+00:00,False,prox:23:151:5917
58,The Tribune India,https://www.tribuneindia.com/news/archive/himachal/landslide-blocks-kangra-highway-640047,14483,1534723200000.0,06:00,Kangra-Chandigarh National Highway Landslide,"A landslide induced by heavy rain from the day prior fell on the Kangra-Chandigarh National Highway, causing closure in both lanes for hours.","Kangra-Chandigarh National Highway, Himachal Pradesh, IND",50km,landslide,rain,large,above_road,0,0, ,https://images.tribuneindia.com/cms/gall_content/2018/8/2018_8$largeimg20_Monday_2018_231548496.jpg, ,GLC, ,31.49579417,76.23393204,India,IN,Himachal Pradesh,Gobindpur,16.55,1598227200000.0,1606348800000,76.2339320390001,31.4957941690001,2018-08-20 00:00:00+00:00,False,prox:62:152:5921
60,Khaleej Times,https://www.pressreader.com/uae/khaleej-times/20181031/281947428849053,14397,1540857600000.0,unknown,"Landslide closes highway, 1 dead",A landslide that shut down a stretch of the Jammu-Srinagar highway in Ramban district. One man was kidded after being hit by rubble sliding down mountain sides in Digdol area.,Jammu-Srinagar highway in Digol area,1km,landslide,continuous_rain,medium,above_road,1,0, , ,Night-long rains in Ramban district triggered the landslide. Multiple landslide were reported.,GLC, ,33.30077774,75.18148186,India,IN,Jammu and Kashmir,Gund,14.88,1596412800000.0,1606348800000,75.181481859,33.3007777380001,2018-10-30 00:00:00+00:00,False,prox:66:150:5944
64,The Tribune,https://www.tribuneindia.com/news/archive/j-k/state-nhai-pass-the-buck-over-condition-of-nhs-647297,14459,1534809600000.0,unknown,Kuligad Landslide,Seven people died when a landslide on the Batote-Kishtwar Highway hit a vehicle at Kuligad near Thathri during the rainy season.,"Kuligad, Thathri, Doda, Jammu & Kashmir, IND",10km,landslide,rain,unknown,above_road,7,0, , ,Unable to locate Kuligad.,GLC, ,33.1454521,75.78025691,India,IN,Jammu and Kashmir,Khandhot,4.6,1597104000000.0,1606348800000,75.7802569100001,33.1454521000001,2018-08-21 00:00:00+00:00,False,prox:66:151:5921
67,Daiji World,https://www.daijiworld.com/news/newsDisplay.aspx?newsID=535692,14465,1541203200000.0,09:00,"Landslides kills nine-year-old girl in Jammu and Kashmir, India","Landslides triggered by incessant rains closed the strategic Jammu-Srinagar highway. A nine-year-old-girl has died and three of her relatives have been injured in the Rajouri District of Jammu and Kashmir, India.","Jammu-Srinagar highway, Ramban, Jammu & Kashmir, 182148",50km,landslide,continuous_rain,medium,above_road,1,3, , ,Incessant rains caused multiple landslides in Ramban district during the week.,GLC, ,33.25426998,75.20536699,India,IN,Jammu and Kashmir,Chaunkri,18.46,1596499200000.0,1606348800000,75.205366994,33.254269983,2018-11-03 00:00:00+00:00,False,prox:66:150:5946
69,Scroll.in,https://scroll.in/article/893138/in-keralas-wayanad-record-landslides-and-cave-ins-raise-alarm-over-its-fragile-ecology,14261,1533772800000.0,04:00,Makkimala Landslide,"Landslide occurred in Makkimala during monsoon season, leaving 2 dead.","Makkimala, Tavinhal, Wayanad, Kerala, IND",1km,landslide,monsoon,large,deforested_slope,2,0, ,https://s01.sgp1.digitaloceanspaces.com/large/893138-shtljmvjqp-1536060853.jpg,Same day as many events in Wayanad District,GLC, ,11.86842559,75.95230556,India,IN,Kerala,Chambagapara,12.44,1595030400000.0,1606348800000,75.9523055560001,11.868425587,2018-08-09 00:00:00+00:00,False,prox:23:151:5917
70,China.org.cn,http://www.china.org.cn/world/Off_the_Wire/2018-09/24/content_63945761.htm,14332,1537833600000.0,unknown,Bhotli Landslide,5 family members were killed after a landslide triggered by overnight rains hit their mud house.,"Bhotli, Gandoh area of Doda District, Kashmir, IND",5km,landslide,rain,medium,natural_slope,5,0, , , ,GLC, ,33.0498709,75.94928866,India,IN,Jammu and Kashmir,Gondo,3.18,1598659200000.0,1606348800000,75.94928866,33.0498709030001,2018-09-25 00:00:00+00:00,False,prox:66:151:5933
96,The New Indian Express,https://www.newindianexpress.com/states/tamil-nadu/2018/nov/17/cyclone-gaja-four-workers-killed-in-landslide-at-kodaikanal-1899465.html,14242,1542326400000.0,12:00,"Landslide at Chinnapallam, Kodaikanal, India","A landslide caused by damages from the Gaja cyclone killed 4 construction workers in at Chinnapallam, Kodaikanal, Tamil Nadu. Multiple uprooted trees fell on the road. Further damage is reported across the region.","Kodaikanal, Dindigul, Tamil Nadu",5km,debris_flow,tropical_cyclone,large,unknown,4,0, ,https://images.newindianexpress.com/uploads/user/imagelibrary/2018/11/17/w900X450/WhatsApp_Image_02018-11-16_at_11.jpeg,The specific location the construction workers were working in is unmentioned.,GLC, ,10.25289358,77.48190281,India,IN,Tamil Nadu,Kadaikan,2.88,1596412800000.0,1606348800000,77.481902813,10.252893584,2018-11-16 00:00:00+00:00,False,prox:20:154:5950
98,Indian Geotechnical Journal,https://link.springer.com/article/10.1007/s40098-018-0343-1,14235,1502582400000.0,unknown,Kotropi Landslide,A stretch of 300 m on NH-154 was buried under debris after a landslide occurred at Kotropi triggered by heavy rainfall and previous minor landslides.,"Kotropi, Mandi District, Himachal Pradesh, IND",exact,debris_flow,downpour,large,above_road,0,0, , , ,GLC, ,31.91422878,76.8929866,India,IN,Himachal Pradesh,Bhuntar,14.73,1595203200000.0,1606348800000,76.892986598,31.9142287810001,2017-08-13 00:00:00+00:00,False,prox:63:153:5797
103,The New Indian Express,https://www.newindianexpress.com/states/kerala/2018/aug/09/heavy-rain-triggers-landslides-in-idukki-at-least-10-persons-dead-1855444.html,14068,1533772800000.0, ,Kurangatty Landslides,a couple identified as Mohanan (52) and Shobhana (41) was found dead in a landslide which occurred at Kurangatty near Adimaly.,Kurangatty near Adimaly,10km,landslide,rain,medium,unknown,2,0, , , ,GLC, ,10.02195311,76.94077696,India,IN,Kerala,Devikolam,18.7,,1606348800000,76.9407769580001,10.021953113,2018-08-09 00:00:00+00:00,False,prox:20:153:5917
108,Outlook India,https://www.outlookindia.com/newsscroll/1-killed-another-missing-as-intermittent-rains-continue-in-ukhand/1364919,14194,1533772800000.0,unknown,Pithoragarh Landslide,An elderly man was killed during a landslide in Pithoragarh after being hit by a boulder and pushed into a waterfall. This landslide was caused by rains that had been persistent in the region over the past 24 hours.,"Pithoragarh, Uttarakhand, IND",25km,landslide,rain,unknown,natural_slope,1,0, , , ,GLC, ,30.04014521,80.31354955,India,IN,Uttaranchal,Mathkot,3.42,1589241600000.0,1606348800000,80.3135495510001,30.040145206,2018-08-09 00:00:00+00:00,False,prox:60:160:5917
112,Daily Hunt,https://m.dailyhunt.in/news/india/english/the+english+post-epaper-tengpo/700+pilgrims+stranded+on+uttarakhand+highway+after+landslide-newsid-94318067,14081,1533859200000.0,12:00,Uttarakashi-Gangotri Hwy Landslide,A massive landslide on the Gangotri highway in Uttarakhand has left 700 pilgrims stranded.,"Surakki Village, Uttarakhand, IND",10km,landslide,rain,large,above_road,0,0, , , ,GLC, ,30.91714399,78.68361831,India,IN,Uttaranchal,Purali,13.27,1589414400000.0,1606348800000,78.6836183070001,30.917143993,2018-08-10 00:00:00+00:00,False,prox:61:157:5917
114,The New Indian Express,https://www.newindianexpress.com/states/karnataka/2018/aug/14/landslide-hits-traffic-on-bengaluru-mysore-highway-1857626.html,14124,1534204800000.0,16:00,Shiradi Ghat Landslides,A landslide on Shiradi Ghat near Gundya caused the closure of the Bengaluru-Mysore highway.,Shiradi Ghat near Gundya,25km,landslide,monsoon,medium,above_road,0,0, , , ,GLC, ,12.82847613,75.51598335,India,IN,Karnataka,Kunturu,16.61,1589932800000.0,1606348800000,75.5159833540001,12.8284761270001,2018-08-14 00:00:00+00:00,False,prox:25:151:5919
115,Deccan Chronicle,https://www.deccanchronicle.com/nation/current-affairs/100818/heavy-rains-hit-life-at-vilangad.html,14206,1533686400000.0,unknown,Valook landslide,"A minor, rain-induced landslide in Valook caused building damage and crop loss within the area.","Valook, Thinoor, Kerala, IND",1km,landslide,rain,small,unknown,0,0, , , ,GLC, ,11.74045825,75.79592486,India,IN,Kerala,Valiyannur,11.24,1589241600000.0,1606348800000,75.795924858,11.740458254,2018-08-08 00:00:00+00:00,False,prox:23:151:5917
119,Outlook India,https://www.outlookindia.com/newsscroll/youth-killed-in-landslide-in-chamba/1364631,14113,1533686400000.0,unknown,Chamba Landslide,Incessant rains caused a landslide in Chamba near the Dunali Nazad Chhanchau area causing one death.,"Chamba Bypass, Surada, Chamba, Himachal Pradesh, 176310",10km,landslide,rain,medium,unknown,1,0, , , ,GLC, ,32.55696156,76.1291057,India,IN,Himachal Pradesh,Chamba,0.31,1589068800000.0,1606348800000,76.129105704,32.55696156,2018-08-08 00:00:00+00:00,False,prox:65:152:5917
120,Mangalore Today,http://www.mangaloretoday.com/main/Landslip-causes-cancellation-of-trains-in-Konkan-railway.html,14080,1533686400000.0,10:00,Yeshwantpur–Karwar Express Landslip,A landslip near Hassan caused cancellation of many train routes between Sirivagilu and Yedakumari stations in the western ghats. This landslide was caused by monsoon induced rains.,Between Sirivagilu and Yedakumari stations in the western ghats,5km,landslide,rain,medium,above_road,0,0, ,http://www.mangaloretoday.com/contentfiles/2018/aug_2018/Landslip.jpg, ,GLC, ,12.80189359,75.59095835,India,IN,Karnataka,Panaje,18.69,1589241600000.0,1606348800000,75.590958352,12.8018935910001,2018-08-08 00:00:00+00:00,False,prox:25:151:5917
123,The Tribune,https://www.tribuneindia.com/news/archive/himachal/landslide-in-dharamsala-village-8-houses-damaged-634810,14179,1533686400000.0,20:00,Kand Village Landslide,"A massive landslide damaged eight houses at Kand village, about 20 km from Dharamsala, on Wednesday night. The villagers have been given shelter at the Mahila Mandal Bhawan and the village community hall.  The landslide has brought down a significant por","Kand village, about 20 km from Dharamsala",1km,landslide,rain,large,natural_slope,0,0, ,https://images.tribuneindia.com/cms/gall_content/2018/8/2018_8$largeimg09_Thursday_2018_231139548.jpg, ,GLC, ,32.17102661,76.41866146,India,IN,Himachal Pradesh,Pathiar,3.93,1589328000000.0,1606348800000,76.418661463,32.1710266110001,2018-08-08 00:00:00+00:00,False,prox:64:152:5917
125,The Tribune India,https://www.tribuneindia.com/news/archive/himachal/landslide-blocks-theog-hatkoti-road-633232,14164,1533513600000.0,unknown,Theog-Hatkoti road Blocked by Landslide,"A rain induced landslide blocked Theog-Hatkoti road causing traffic to be rerouted. Around 95 roads, including 41 in the Shimla zone and 40 in the Mandi zone, were blocked.",Along the Theog-Hatkoti Hwy near Nihari,25km,landslide,rain,small,above_road,0,0, , , ,GLC, ,31.12029184,77.35887837,India,IN,Himachal Pradesh,Gannja,26.38,1588982400000.0,1606348800000,77.3588783700001,31.120291836,2018-08-06 00:00:00+00:00,False,prox:62:154:5916
126,The Kashmir Press,https://thekashmirpress.com/2018/08/10/flash-floods-mudslide-damage-property-in-leh/,14057,1533772800000.0,unknown,Leh Mudslide,"A rain induced mudslide occurred in Leh, Himachal Pradesh on the evening of August 9th. Flash floods led to mudslides in Saboo and Shey villages and caused property damage as well as damage to crops in the area. No injuries or fatalities were reported.","Leh, Himachal Pradesh, IND",5km,mudslide,rain,medium,above_road,0,0, , , ,GLC, ,34.16098224,77.55448943,India,IN,Jammu and Kashmir,Leh,2.82,1589328000000.0,1606348800000,77.554489431,34.160982243,2018-08-09 00:00:00+00:00,False,prox:68:155:5917
129,The New Indian Express,https://www.newindianexpress.com/states/kerala/2018/aug/09/heavy-rain-triggers-landslides-in-idukki-at-least-10-persons-dead-1855444.html,14172,1533772800000.0,08:00,Adimali Landslides,SW monsoon rains leading to flooding in the area led to landslides which caused debris to fall on a family home. 5 out of the 7 inhabitants were killed and the other two were injured. This event occurred along with other landslides triggered by flooding,"Adimali, Devikulam, Idukki, Kerala",10km,landslide,rain,medium,unknown,5,2, , ,Same day as landslides in Idukki as well as Kurangatty.,GLC, ,10.01471,76.94683,India,IN,Kerala,Devikolam,18.28,1589241600000.0,1606348800000,76.94683,10.01471,2018-08-09 00:00:00+00:00,False,prox:20:153:5917
134,The New Indian Express,https://www.newindianexpress.com/states/kerala/2018/aug/10/kerala-floods-kuttampuzha-tribal-settlements-cut-off-from-mainland-1855665.html,14159,1533686400000.0,unknown,Kuttampuzha - Pooyamkutty Road Landslides,Multiple major and minor landslides occurred on Kuttampuzha - Pooyamkutty Road between the 8th and the 9th causing traffic blockages and electricity disruptions. Tribal colonies in Kuttampuzha panchayat have been cut off from the mainland as a result of,"Kuttampuzha - Pooyamkutty Road, Kuttampuzha, Kerala, IND",5km,landslide,rain,medium,above_road,0,0, , , ,GLC, ,10.16699483,76.75872389,India,IN,Kerala,Periyar,19.47,1589414400000.0,1606348800000,76.7587238940001,10.16699483,2018-08-08 00:00:00+00:00,False,prox:20:153:5917
154,The Tribune India,https://www.tribuneindia.com/news/archive/chandigarh/morni-remains-cut-off-from-p-kula-for-four-hours-due-to-landslides-637171,14110,1534118400000.0,unknown,Morni Landslides,Morni was had all routes cut off towards Panchkula due to landslides for about four hours on Monday. The landslides causing the closures were induced by rain. In Thathar Village 12 goats died as a result of a shed collapsing caused by a landslide.,"Morni, Haryana, IND",10km,landslide,monsoon,medium,unknown,0,0, , , ,GLC, ,30.7384152,76.98640069,India,IN,Haryana,Pinjaur,8.98,1589587200000.0,1606348800000,76.986400685,30.738415199,2018-08-13 00:00:00+00:00,False,prox:61:153:5918
167,The New Indian Express,https://www.newindianexpress.com/states/kerala/2018/aug/10/five-of-family-killed-in-keralas-nilambur-as-flash-floods-pound-state-1855663.html,14229,1533686400000.0,23:00,5 Deaths Caused by Nilambur Landslide,"A landslide in Nilambur near Adyanpara waterfalls occurred after heavy rain, washing away a house and causing 5 fatalities.","Near Adyanpara waterfalls, Malappuram, Kerala, IND",10km,landslide,rain,large,unknown,6,0, , , ,GLC, ,11.36670899,76.22109653,India,IN,Kerala,Chaliyar,5.92,1589414400000.0,1606348800000,76.2210965310001,11.3667089910001,2018-08-08 00:00:00+00:00,False,prox:22:152:5917
174,Daily Hunt,https://m.dailyhunt.in/news/india/english/the+english+post-epaper-tengpo/700+pilgrims+stranded+on+uttarakhand+highway+after+landslide-newsid-94318067,14102,1533686400000.0,12:00,Dharali Landslide,"A massive landslide occurred in Dharali (about 80km from Uttarkashi) which caused problems with clearing the highway. According to the news, material continued to fall from the hillslopes due to the rain.","Dharali, Uttarakhand, IND",10km,landslide,rain,large,above_road,0,0, , ,Two days before another landslide in Dehradun.,GLC, ,30.82129895,78.23265711,India,IN,Uttaranchal,Uttarkashi,22.13,1589328000000.0,1606348800000,78.2326571070001,30.821298953,2018-08-08 00:00:00+00:00,False,prox:61:156:5917
175,The New Indian Express,https://www.newindianexpress.com/states/kerala/2018/aug/09/two-killed-after-house-tumbles-in-landslide-in-kannurs-keezhanganam-1855253.html,14139,1533686400000.0,18:00,Keezhanganam hill landslide,"A house was crushed by a landslide at Keezhanganam hill, causing two deaths."," Keezhanganam, Kerala",5km,landslide,rain,medium,unknown,2,0, , ,"Article does not state specifically the trigger, however there were several other reported landslides in Kerala over the course of the same week which were caused by rain associated with the SW monsoon.",GLC, ,9.74109526,76.71354671,India,IN,Kerala,Ramaouram,9.54,1589241600000.0,1606348800000,76.7135467090001,9.74109526200005,2018-08-08 00:00:00+00:00,False,prox:19:153:5917
176,Down To Earth,https://www.downtoearth.org.in/news/natural-disasters/cyclone-phethai-makes-landfall-three-hours-early-kills-1-62512,14043,1545004800000.0,unknown,Cyclone Phethai Landslide in Vijayawada city,A landslide occurred in Vijayawada city caused by the heavy rains of Cyclone Phethai. There was one fatality.,"Vijayawada city, India",10km,landslide,tropical_cyclone,medium,urban,1,0,Cyclone Phethai, , ,GLC, ,16.52140962,80.60751229,India,IN,Andhra Pradesh,Vijayawada,2.76,1588291200000.0,1606348800000,80.607512285,16.521409615,2018-12-17 00:00:00+00:00,False,named:cyclone phethai
182,The New Indian Express,https://www.newindianexpress.com/states/kerala/2018/aug/10/landslide-leaves-57-tourists-including-24-foreigners-trapped-in-plum-judy-resort-near-munnar-1855907.html,14069,1533772800000.0,07:00,Plum Judy Resort Landslide,A landslide at Plum Judy Resort near Pallivasal killed at least 11 people and prevented tourists from traveling in the area and returning to their resort from Munnar.,ear Plum Judy Resort at Pallivasal,10km,landslide,rain,medium,above_road,0,0, , ,11 deaths associated to the storm,GLC, ,10.05487169,77.03736624,India,IN,Kerala,Devikolam,7.59,1589241600000.0,1606348800000,77.0373662430001,10.0548716920001,2018-08-09 00:00:00+00:00,False,prox:20:154:5917
183,Biharprabha.com,https://news.biharprabha.com/2018/08/watch-himachal-pradeshs-bilaspur-witnesses-landslide/,14055,1533859200000.0,unknown,Bilaspur Landslides,A landslide occurred in Himachal Pradesh’s Bilaspur following incessant rainfall. Vehicular traffic has been stopped in the area.,"Bilaspur, Himachal Pradesh, IND",5km,landslide,rain,unknown,above_road,0,0, , , ,GLC, ,31.34335179,76.76200671,India,IN,Himachal Pradesh,Bilaspur,1.98,1589414400000.0,1606348800000,76.762006709,31.3433517880001,2018-08-10 00:00:00+00:00,False,prox:62:153:5917
186,The New Indian Express,https://www.newindianexpress.com/states/odisha/2018/oct/13/landslide-kills-12-in-odisha-1884816.html,14185,1539388800000.0,unknown,Rayagada Block Landslide,Cyclone Titli caused flooding and a landslide in Baraghara village of Gangabada panchayat in Rayagada block of Gajapati district which killed 16 people.,Rayagada block of Gajapati district,5km,landslide,tropical_cyclone,large,unknown,16,0,Cyclone Titli,https://images.newindianexpress.com/uploads/user/imagelibrary/2018/10/13/w900X450/Rampant_change.jpg,Within 25 km of events in previous years.,GLC, ,18.97213889,84.15813889,India,IN,Orissa,Raygad,1.23,1589500800000.0,1606348800000,84.158138889,18.9721388890001,2018-10-13 00:00:00+00:00,False,named:cyclone titli
199,The Kashmir Press,https://thekashmirpress.com/2018/08/13/himachal-pradesh-landslide-4-of-family-including-2-children-buried-alive/,14117,1534118400000.0,03:00,Chakla Landslide,"A mudslide occurred in Chakla at around 3am on the 13th, burying a family of four in their home in their sleep.","Chakla, Himachal Pradesh, IND",25km,mudslide,rain,medium,unknown,4,0, , , ,GLC, ,32.02547867,76.16692599,India,IN,Himachal Pradesh,Katnor,7.93,1590019200000.0,1606348800000,76.1669259890001,32.025478671,2018-08-13 00:00:00+00:00,False,prox:64:152:5918
216,The New Indian Express,https://www.newindianexpress.com/states/odisha/2018/oct/13/cyclone-titli-over-three-lakh-affected-in-cuttack-1884833.html,14090,1539302400000.0,unknown,Salepur Block,Man died after heavy rain from Cyclone Titli caused a wall to collapse in Salepur Block.,"Salepur Block, Cuttack, Odisha, IND",5km,landslide,rain,medium,unknown,1,0,Cyclone Titli, , ,GLC, ,20.47818279,86.106255,India,IN,Orissa,Salipur,1.26,1590624000000.0,1606348800000,86.1062549950001,20.4781827940001,2018-10-12 00:00:00+00:00,False,named:cyclone titli
227,The Hindu,https://www.thehindu.com/news/national/kerala/highlands-face-threat-from-lateral-spread/article25222346.ece,14138,1539561600000.0,unknown,Lateral Spread in Thrissur,Heavy rains that caused devastation in August continued to cause lateral spread and land subsidence in the highlands of Kerala. It can be seen by the cracks in a house at Chittakunnu in Thrissur.,Across the highlands of Kerala,50km,creep,continuous_rain,large,unknown,0,0, ,https://www.thehindu.com/news/national/kerala/bk8yyu/article25222345.ece/ALTERNATES/FREE_660/15tvSUBSIDENCE, ,GLC, ,10.52371038,76.2145574,India,IN,Kerala,Trichur,1.84,1590624000000.0,1606348800000,76.2145573970001,10.523710378,2018-10-15 00:00:00+00:00,False,prox:21:152:5939
234,Mathrubhumi,https://english.mathrubhumi.com/news/kerala/mudslide-kills-seven-in-malappuram-1.3063936,14140,1534291200000.0,01:00,Peringavu Landslides,Seven people were killed when mudslides destroyed a house at Peringavu.,"SH-22, Chembukkav, Thrissur, Kerala, 680008",5km,mudslide,continuous_rain,large,unknown,7,0, , ,https://english.manoramaonline.com/news/kerala/2018/08/15/kondotty-landlside-house-buried.html  https://www.thehindu.com/news/national/kerala/rain-continues-to-pound-malappuram/article24696358.ece,GLC, ,10.53762479,76.21576213,India,IN,Kerala,Trichur,3.36,1590105600000.0,1606348800000,76.2157621320001,10.537624791,2018-08-15 00:00:00+00:00,False,prox:21:152:5919
247,The Hindu,https://www.thehindu.com/news/cities/Thiruvananthapuram/villagers-seek-closure-of-quarry/article25221821.ece,14093,1539475200000.0,unknown,Konni Quarry Landslide,Flooding caused landslides near illegal granite quarrying at Thudiyurulippara near Pramadom in Konni Taluk.,"near a granite quarrying in the environmentally fragile Thudiyurulippara, near Pramadom, Konni",10km,landslide,rain,medium,natural_slope,0,0, , , ,GLC, ,9.22979437,76.85092558,India,IN,Kerala,Pattanapuram,16.32,1590624000000.0,1606348800000,76.8509255820001,9.22979436600003,2018-10-14 00:00:00+00:00,False,prox:18:153:5939
249,The Hindu,https://www.thehindu.com/news/national/kerala/another-landslip-shocks-adyanpara/article24682271.ece,14065,1534118400000.0,14:00,Adyanpara Landslide,"A landslide occurred near Adyanpara in the Chaliyar panchayat after water in the Kanhirapuzha tributary rose, causing flooding and damaging houses.","Nilambur-Adyanpara Rd near Chaliyar Panchaya, Kerala, IND",25km,landslide,rain,medium,unknown,0,0, , , ,GLC, ,11.30665848,76.20771335,India,IN,Kerala,Nilambur,4.39,1589932800000.0,1606348800000,76.2077133540001,11.306658479,2018-08-13 00:00:00+00:00,False,prox:22:152:5918
250,Biharprabha,https://news.biharprabha.com/2018/08/landslide-damages-century-old-railway-track-in-west-bengal/,14215,1533168000000.0,unknown,Kurseong Landslide,"A landslide occurred in Kurseong, approximately 32 km away from Darjeeling hills. This landslide damaged a century old railway track and blocked the highway northbound to Darjeeling.","Kurseong, 32 kilometres (20 miles) away from the popular hill station of Darjeeling.",10km,landslide,rain,medium,above_road,0,0, , ,Many landslides over the years concentrated within this city.,GLC, ,26.87653701,88.27487677,India,IN,West Bengal,Kurseong,0.92,1588377600000.0,1606348800000,88.2748767720001,26.876537007,2018-08-02 00:00:00+00:00,False,prox:53:176:5915
251,Daijy World,http://www.daijiworld.com/news/newsDisplay.aspx?newsID=523562,14071,1534118400000.0,unknown,Kandaghat Landslide,"A landslide in the Chakla village in Kandaghat buried 5 people, killing one.","Chakla Village, Kandaghat, Shimla, Himachal Pradesh, IND",1km,landslide,rain,medium,unknown,1,4, , , ,GLC, ,31.05513474,77.02399952,India,IN,Himachal Pradesh,Simla,5.32,1589587200000.0,1606348800000,77.0239995160001,31.055134743,2018-08-13 00:00:00+00:00,False,prox:62:154:5918
261,Barak Bulletin,https://www.barakbulletin.com/en_US/track-cleared-trains-are-running-again-in-badarpur-lumding-route/,14086,1545091200000.0,12:00,Rock fall on Railroad tracks between Phiding and Mahur Stations,A rock fall occurred at noon on the railroad tracks between Phiding and Mahur stations. The route was delayed until the tracks were cleared at 2:44 pm the same day.,Railway between Phiding and Mahur station in Badarpur.,5km,rock_fall,rain,small,above_road,0,0, , , ,GLC, ,25.19640994,93.13430585,India,IN,Assam,Mahur,2.93,1588291200000.0,1606348800000,93.1343058460001,25.196409943,2018-12-18 00:00:00+00:00,False,prox:50:186:5961
262,Biharprabha News,https://news.biharprabha.com/2018/10/national-highway-305-blocked-after-landslide-in-hps-mandi/,14125,1539043200000.0,unknown,Bali Chowki Landslide,National Highway 305 between Rampur and Aut blocked at Bali Chowki after landslide. The area has frequent landslides due to monsoon rain and flash flooding.,"NH-305 between Rampur and Aut, at Bali Chowki",5km,landslide,rain,small,above_road,0,0, , , ,GLC, ,31.6891217,77.27867699,India,IN,Himachal Pradesh,Manglaor,6.4,1590796800000.0,1606348800000,77.2786769910001,31.6891216980001,2018-10-09 00:00:00+00:00,False,prox:63:154:5937
266,The Tribune,https://www.tribuneindia.com/news/archive/himachal/sangla-cut-off-after-landslide-636348,14146,1534032000000.0,16:00,Sangla Valley Landslide,A landslide in the Sangla valley blocked the highway. Karcham-Sangla road was blocked after rain.,Karcham-Sangla road,25km,landslide,rain,medium,above_road,0,0, ,https://images.tribuneindia.com/cms/gall_content/2018/8/2018_8$largeimg13_Monday_2018_000035434.jpg, ,GLC, ,31.42500223,78.26035019,India,IN,Himachal Pradesh,Oling,12.81,1589500800000.0,1606348800000,78.2603501900001,31.4250022250001,2018-08-12 00:00:00+00:00,False,prox:62:156:5918
326,The News Minute,https://www.thenewsminute.com/article/kerala-floods-he-lost-his-daughter-home-and-farm-farmer-won-t-give-88136,14371,1536624000000.0,unknown,Kakka City Landslide,A man's farm was destroyed by a landslide following the August rains and flooding in Kerala. He moved to Kakka City after a landslide destroyed his home in Vimala City.,"Kakka City, Konnathady Panchayat, Idukki District, Kerala",1km,landslide,continuous_rain,unknown,natural_slope,0,0, ,https://www.thenewsminute.com/sites/all/var/www/images/WhatsApp%20Image%202018-09-10%20at%2019_02_32.jpeg, ,GLC, ,9.94953321,77.04450096,India,IN,Kerala,Devikolam,14.34,1594771200000.0,1606348800000,77.044500956,9.94953321400004,2018-09-11 00:00:00+00:00,False,prox:19:154:5928
338,The Hindu,https://www.thehindu.com/news/cities/Mangalore/family-evacuated-as-landslip-cuts-them-off-main-road/article24735022.ece,14290,1534723200000.0,unknown,Puttila in Bilinele village of Puttur taluk Landslide,A landslide cut off the road in Puttila in Bilinele village of Puttur taluk that caused a farmer and his family to be trapped.,"Puttila in Bilinele village of Puttur taluk, Karnataka, IND",25km,landslide,rain,medium,below_road,0,0, ,https://th.thgim.com/news/cities/Mangalore/k4hur3/article24735021.ece/ALTERNATES/FREE_960/20BGMANGLANDSLIP, ,GLC, ,12.71770821,75.56314853,India,IN,Karnataka,Panaje,10.63,1598227200000.0,1606348800000,75.5631485280001,12.717708209,2018-08-20 00:00:00+00:00,False,prox:25:151:5921
349,The Hindu,https://www.thehindu.com/news/national/karnataka/vs6bs6/article24844893.ece,14452,1535760000000.0,unknown,Landslip Sakleshpur - Somwarpet,Landslip occurred on the road connecting Hijjanahalli in Sakleshpur and Somwarpet in Kodagu.,"Sakleshpur - Somwarpet, Karnataka, IND",25km,landslide,monsoon,medium,above_road,0,0, ,https://th.thgim.com/news/national/karnataka/vs6bs6/article24844893.ece/alternates/FREE_660/02BGHASSANHIJJANAHALLI2, ,GLC, ,12.62707413,75.93057115,India,IN,Karnataka,Somvarpet,9.92,1595203200000.0,1606348800000,75.9305711530001,12.6270741330001,2018-09-01 00:00:00+00:00,False,prox:25:151:5925
354,The Tribune India,https://www.tribuneindia.com/news/archive/himachal/landslide-blocks-shimla-hatkoti-road-646780,14325,1535846400000.0,unknown,Nihari Landslide,Landslide triggered by rains blocked the Shimla-Hatkoti road near Nihari.,"Nihari, Himachal Pradesh",1km,landslide,rain,unknown,above_road,0,0, , , ,GLC, ,31.10756408,77.21537742,India,IN,Himachal Pradesh,Simla,13.97,1595203200000.0,1606348800000,77.2153774210001,31.1075640820001,2018-09-02 00:00:00+00:00,False,prox:62:154:5925
356,The Hindu,https://www.thehindu.com/news/national/kerala/xoeypv/article24835915.ece,14413,1535155200000.0,unknown,Munnar Road Landslip,"Road damaged by landslip near Munnar in Idukki, Kerala during monsoon season.","Munnar, Devikulam, Idukki, Kerala",10km,landslide,monsoon,small,above_road,0,0, ,https://th.thgim.com/news/national/kerala/xoeypv/article24835915.ece/alternates/FREE_660/31TVMUNNAR, ,GLC, ,10.08673984,77.06304483,India,IN,Kerala,Devikolam,5.34,1595289600000.0,1606348800000,77.0630448270001,10.086739836,2018-08-25 00:00:00+00:00,False,prox:20:154:5922
358,The Hindu,https://www.thehindu.com/news/national/kerala/rain-eases-but-idukki-still-on-the-edge/article24732419.ece,14385,1534636800000.0,unknown,Kumily Panchayat Waste Management Plant Landslide,A landslide hit the Kumily Panchayat Waste Management Plant which caused waste to wash downhill and accumulate in low-lying areas.,"Kumily, Peerumade, Idukki, Kerala",5km,landslide,rain,medium,natural_slope,0,0, , , ,GLC, ,9.61891211,77.14082618,India,IN,Kerala,Gudalur,13.5,1598227200000.0,1606348800000,77.1408261820001,9.61891211400007,2018-08-19 00:00:00+00:00,False,prox:19:154:5920
364,The Hindu,https://www.thehindu.com/news/national/kerala/a-herculean-task-awaits-ksrtc/article24852485.ece,14363,1534550400000.0,unknown,Vellayamkudy Landslide,Landslide triggered by rain and flooding at Vellayamkudy near Kattappana on the Puliyanmala-Thodupuzha highway covered a workshop building and waiting shed in 12 feet of debris and destroyed another commercial building.,KSRTC bus depot,1km,landslide,rain,medium,above_road,0,0, ,https://th.thgim.com/news/national/kerala/vukxj7/article24852484.ece/ALTERNATES/FREE_660/20180901131053, ,GLC, ,9.76821399,77.10872715,India,IN,Kerala,Carda Mom Hills,14.26,1596931200000.0,1606348800000,77.108727152,9.76821399000005,2018-08-18 00:00:00+00:00,False,prox:19:154:5920
375,The Hindu,https://www.thehindu.com/news/national/tamil-nadu/landslips-reported-in-many-places-in-valparai-ghat-road/article24704101.ece,14394,1534464000000.0,05:00,Pollachi-Valparai Road landslides,"At the third bend in the road, a landslide occurred along a 1km strip. It took 3 hours to clear the road.","""Hairpin Bend 3"", SH-78, Valparai, Coimbatore, Tamil Nadu, 642105",25km,landslide,rain,medium,above_road,0,0, , ,Previously cataloged as 133108. Updated for location accuracy.,GLC, ,10.45147354,76.98339139,India,IN,Tamil Nadu,Anaimalai,15.19,1597622400000.0,1606348800000,76.9833913860001,10.451473541,2018-08-17 00:00:00+00:00,False,prox:20:153:5920
377,The Times of India,https://timesofindia.indiatimes.com/city/kochi/red-earth-and-pouring-rain/articleshow/65619153.cms,14239,1534377600000.0,unknown,Kulamavu - Painavu Landslide Month,12 landslides occurred in one month along the 19 km stretch of ghat road between Kulamavu to Painavu.,"Idukki Road, Thodupuzha, Idukki, Kerala, 685602",5km,landslide,monsoon,unknown,above_road,0,0, , ,"Landslide trigger is not state, but time of year is known to have heavy rains in this region from monsoons.",GLC, ,9.82689429,76.92110479,India,IN,Kerala,Ramaouram,28.25,1595376000000.0,1606348800000,76.9211047910001,9.82689428600003,2018-08-16 00:00:00+00:00,False,prox:19:153:5919
380,Scroll.in,https://scroll.in/article/893138/in-keralas-wayanad-record-landslides-and-cave-ins-raise-alarm-over-its-fragile-ecology,14384,1533772800000.0,unknown,Thacharakolly Landslip,A road at Thacharakolly in Thirunelli was destroyed by a landslip during monsoon season.,"Thacharakolly, Thirunelli, Wayand, Kerala, IND",5km,landslide,monsoon,medium,above_road,0,0, ,https://s01.sgp1.digitaloceanspaces.com/inline/893138-meszmkeddq-1536060784.jpg,Occurred on same day as many other events in Wayanad District.,GLC, ,11.90505908,76.00043563,India,IN,Kerala,Chambagapara,9.83,1595030400000.0,1606348800000,76.0004356270001,11.905059082,2018-08-09 00:00:00+00:00,False,prox:23:152:5917
389,Scroll.in,https://scroll.in/article/893138/in-keralas-wayanad-record-landslides-and-cave-ins-raise-alarm-over-its-fragile-ecology,14390,1533772800000.0,unknown,Boys Town Land Subsidence,"Resident claimed foundation of home in Priyandarshini Cholony sank to a depth of 30 cm as Boys Town continues to be destroyed by land subsidence. A 50 km long crack runs from Thirunelli to Boys Town in Manthavady taluk, with some places experiencing 6 m","Priyadarshini, Boys Town, Wayanad, Kerala, IND",10km,other,monsoon,large,other,0,0, ,https://s01.sgp1.digitaloceanspaces.com/inline/893138-fysowthtwa-1536060802.jpg, ,GLC, ,11.83926355,75.91755805,India,IN,Kerala,Tharuvana,13.23,1595030400000.0,1606348800000,75.917558053,11.839263553,2018-08-09 00:00:00+00:00,False,prox:23:151:5917
390,Daiji World,https://www.daijiworld.com/news/newsDisplay.aspx?newsID=536436,14468,1541376000000.0,unknown,Landslide hit the Jammu-Srinagar highway,A massive landslide hit the Jammu-Srinagar highway in Jammu and Kashmir's Ramban district. Three truckers went missing.,"Jammu-Srinagar highway in Battery Chashma area, Ramban, Jammu & Kashmir, 182144",5km,landslide,continuous_rain,medium,above_road,3,0, , ,Incessant rains caused multiple landslides in Ramban district during the week.,GLC, ,33.23064797,75.25138307,India,IN,Jammu and Kashmir,Chaunkri,21.14,1596585600000.0,1606348800000,75.2513830720001,33.230647972,2018-11-05 00:00:00+00:00,False,prox:66:150:5946
394,Mangalore Today,http://www.mangaloretoday.com/headlines/800-students-stranded-in-landslide-hit-Himachal-s-Chamba-safe-in-a-school-say-officials.html,14282,1537833600000.0,unknown,Mandi Town Landslide,Heavy landslide hindered vehicular movement on the Chandigarh-Manali Highway beyond Mandi Town after continuous rain heavily hit the Kullu district of Himachal Pradesh.,"NH3, Mandi Town, Kullu, Himachal Pradesh, IND",50km,landslide,continuous_rain,medium,above_road,0,0, , ,Accuracy is low due to lack of detail in article.,GLC, ,31.70552778,76.93438889,India,IN,Himachal Pradesh,Mandi,0.73,1598832000000.0,1606348800000,76.934388889,31.705527778,2018-09-25 00:00:00+00:00,False,prox:63:153:5933
400,Mangalore Today,http://www.mangaloretoday.com/main/Massive-landslip-at-Jodupala-near-Sampaje-one-body-found-4-missing.html,14475,1534464000000.0,20:00,Jodupala Landslide,A massive landslip occurred between Madikeri and Sampaje that washed away five people.,"NH-275, Madikeri Sub-District, Kodagu, Karnataka, 571201",5km,mudslide,rain,large,natural_slope,5,0, ,http://www.mangaloretoday.com/contentfiles/2018/aug_2018/sullia%2018%20aug18.jpg, ,GLC, ,12.41394132,75.71901706,India,IN,Karnataka,Mercara,1.66,1598140800000.0,1606348800000,75.7190170580001,12.4139413180001,2018-08-17 00:00:00+00:00,False,prox:24:151:5920
541,Outlook India,https://www.outlookindia.com/newsscroll/two-persons-drown-in-nagaland/1360169,13841,1532908800000.0,unknown,Tuensang District Landslides,"Several landslides occurred in the Tuensang district on July 30th, 2018 due to continuous rain within the region. Many landslides occurred due to this rainfall event. One landslide was large enough to destroy part of NH-702 road.","Sotokur, Tuensang, Nagaland",50km,landslide,continuous_rain,medium,above_road,0,0, , ,Article reported there were many landslides but not much detail besides to the one that washed away part of the road.,GLC, ,26.13179516,94.78584429,India,IN,Nagaland,Shipungrr,9.3,1587600000000.0,1606348800000,94.7858442890001,26.131795164,2018-07-30 00:00:00+00:00,False,prox:52:189:5914
563,News Report,https://kashmirobserver.net/2020/04/18/kashmir-highway-remains-closed-for-second-day-due-to-landslides/,13804,1587168000000.0,06:00,Landslides blocked Jammu-Srinagar Highway,"The 270-km Jammu-Srinagar national highway remained closed for the second consecutive day on Saturday as inclement weather triggered more landslides at several places in Ramban district, traffic officials said. The traffic on the highway, the only all-we","NH-44, Patnitop, Ramban, Jammu & Kashmir, 182143",5km,rock_fall,rain,medium,above_road,0,0,Pre-monsoon Rainfall,https://kashmirobserver.net/2020/04/18/kashmir-highway-remains-closed-for-second-day-due-to-landslides/,Rainfall triggered rock fall at several locations causing huge traffic standby on Jammu-Srinagar highway,LRC, ,33.09846173,75.32835755,India,IN,Jammu and Kashmir,Doda,21.16,1587254400000.0,1606348800000,75.3283575510001,33.0984617330001,2020-04-18 00:00:00+00:00,False,named:pre-monsoon rainfall
564,The Hindu,thehindu.com/news/national/kerala/kerala-floods-massive-landslip-in-kannur-caught-on-camera/article24705544.ece,13803,1597536000000.0, ,landslides from Kerala Flooding,Kerala Flooding causing landslides across southwest India,Kunderippoyil near Shivapuram in the Iritty taluk in Kannur,5km,landslide,continuous_rain,medium,above_river,0,0, , , ,GLC, ,11.86719598,75.6300566,India,IN,Kerala,Kuttaparamba,8.64,1586131200000.0,1606348800000,75.6300566040001,11.867195983,2020-08-16 00:00:00+00:00,True,prox:23:151:6163
566,The Hindu,thehindu.com/news/national/kerala/kerala-floods-massive-landslip-in-kannur-caught-on-camera/article24705544.ece,13801,1597536000000.0, ,landslides from Kerala Flooding,Kerala Flooding causing landslides across southwest India,Kunderippoyil near Shivapuram in the Iritty taluk in Kannur,5km,landslide,continuous_rain,medium,above_river,0,0, , , ,GLC, ,11.86719598,75.6300566,India,IN,Kerala,Kuttaparamba,8.64,1586131200000.0,1606348800000,75.6300566040001,11.867195983,2020-08-16 00:00:00+00:00,True,prox:23:151:6163
573,Times Now News,https://www.timesnownews.com/india/article/torrential-rain-causes-widespread-damage-in-nagaland/262537,13814,1532995200000.0, ,Widespread landslide damage in Nagaland,"Damage of 13 houses has been reported from Naga Hospital Colony, 36 in Pezielietsie colony within Kohima town affecting at least 54 families",the retaining wall near wall near Soul Harvest Church,1km,mudslide,continuous_rain,medium,retaining_wall,0,0, , , ,GLC, ,25.67295037,94.10513917,India,IN,Nagaland,Naga Hills,19.32,1586476800000.0,1606348800000,94.1051391680001,25.672950369,2018-07-31 00:00:00+00:00,False,prox:51:188:5914
574,The Hindu,https://www.thehindu.com/news/national/kerala/two-killed-as-monsoon-tightens-grip-on-state/article24566880.ece,13818,1533081600000.0, ,Landslides and slips occur after monsoon impacts India,A wide range of areas were affected by this event with landslide events present from Odisha to Kerla.,Aralam forest in Kannur district,10km,landslide,monsoon,unknown,unknown,0,0, , , ,GLC, ,11.96697752,75.8086905,India,IN,Kerala,Virarajendrapet,25.14,1586476800000.0,1606348800000,75.808690498,11.966977523,2018-08-01 00:00:00+00:00,True,prox:23:151:5914
576,The Hindu,https://www.thehindu.com/news/national/kerala/two-killed-as-monsoon-tightens-grip-on-state/article24566880.ece,13816,1533081600000.0, ,Landslides and slips occur after monsoon impacts India,A wide range of areas were affected by this event with landslide events present from Odisha to Kerla.,Aralam forest in Kannur district,10km,landslide,monsoon,unknown,unknown,0,0, , , ,GLC, ,11.96697752,75.8086905,India,IN,Kerala,Virarajendrapet,25.14,1586476800000.0,1606348800000,75.808690498,11.966977523,2018-08-01 00:00:00+00:00,True,prox:23:151:5914
586,Himachal Tribune,https://www.tribuneindia.com/news/archive/himachaltribune/construction-in-sliding-zones-in-d-sala-660325,13820,1537574400000.0, ,Landslides in construction zones,An unknown number of landslides was reported in the vicinity of Dharamshala after heavy rains in the Himachal area.,"Dharamshala, Kangra, Himachal Pradesh",1km,unknown,rain,unknown,engineered_slope,0,0, , , ,GLC, ,32.22035575,76.31070832,India,IN,Himachal Pradesh,Dharmsala,0.79,1586131200000.0,1606348800000,76.3107083180001,32.220355754,2018-09-22 00:00:00+00:00,False,prox:64:152:5932
665,Deccan Chronicle,https://www.deccanchronicle.com/nation/current-affairs/051017/hyderabad-accused-realtor-builds-additional-floor-shed.html,12964,1506988800000.0, ,"Landslide at Plot no. 9 of Singadikunta, Road No. 10 in Banjara Hill","Builder P. Krisham Raju, against whom a police case was filed post the mudslide which killed two on Tuesday, had rented out his building to OYO Homes without a license and illegally constructed an additional floor and a shed.   P. Krishnam Raju owns the","Road Number 10, Singada Kunta, Banjara Hills, Hyderabad, Telangana 500034, India",1km,landslide,rain,medium,below_road,2,0, ,https://s3.ap-southeast-1.amazonaws.com/images.deccanchronicle.com/dc-Cover-5v5gf6cbd3t8c39s9679qbk121-20171005030919.Medi.jpeg, ,GLC, ,17.414895,78.433758,India,IN,Telangana,Hyderabad,4.97,1534377600000.0,1606348800000,78.4337580000001,17.4148950000001,2017-10-03 00:00:00+00:00,False,prox:34:156:5814
670,The Hindu,https://www.thehindu.com/news/national/andhra-pradesh/landslip-hits-traffic-on-ghat-road/article19856565.ece,12957,1507852800000.0, ,Tirumala Road Landslide,"The first ghat road leading to Tirupati on Friday witnessed a massive landslip in the vicinity of Akkagarla temple, about 2 km from here.  As a consequence, a huge tree got uprooted and fell across the road, leading to disruption in vehicular traffic. Th","Tirumala Up Rd, Tirupati, Andhra Pradesh, India.",1km,rock_fall,rain,medium,above_road,0,0, ,https://www.thehindu.com/news/national/andhra-pradesh/article19856564.ece/alternates/FREE_660/14VJLANDSLIP, ,GLC, ,13.664854,79.357442,India,IN,Andhra Pradesh,Tirupati,7.48,1534291200000.0,1606348800000,79.3574420000001,13.664854,2017-10-13 00:00:00+00:00,False,prox:27:158:5817
908,The Statesman,https://www.thestatesman.com/india/uttarakhand-tehri-landslide-seven-killed-1502679106.html,12882,1535500800000.0, ,Kot Village Landslide in Tehri District,"In the early hours of Wednesday, a landslide damaged a house at Kot village in Tehri district. Seven family members inside the house were sleeping when flowing debris after a cloudburst caused mass destruction. Kot village experienced heavy rainfall Wedn","SH-8, Tehri Sub-District, Tehri Garhwal, Uttarakhand, 249145",1km,debris_flow,downpour,medium,deforested_slope,7,1, ,https://www.thestatesman.com/wp-content/uploads/2018/08/Tehri1.jpg, ,GLC, ,30.35948514,78.37742809,India,IN,Uttaranchal,Chham,18.39,1535500800000.0,1606348800000,78.3774280870001,30.359485142,2018-08-29 00:00:00+00:00,False,prox:60:156:5924
915,The Shillong Times,http://www.theshillongtimes.com/2018/04/28/landslide-at-malidor-disrupts-traffic-movement/,12719,1524873600000.0,11:00,Malidor Landslide Obstructs Road,"A massive landslide at Malidor in East Jaintia Hills on Saturday morning affected 150 meters of the road stretch, cutting off traffic for the entire road. The landslide took place at around 11am due to rain in the area. The road is expected to open by Su","Road, Malidor, East Jaintia Hills, Meghalaya, India",1km,landslide,rain,medium,above_road,0,0, ,http://www.theshillongtimes.com/wp-content/uploads/2018/04/landslide-at-Malidor-720x430.jpg, ,GLC, ,25.03190213,92.42257695,India,IN,Meghalaya,Chargram,6.55,1533859200000.0,1606348800000,92.4225769500001,25.031902125,2018-04-28 00:00:00+00:00,False,prox:50:184:5883
916,The Morung Express,http://morungexpress.com/landslide-cut-off-roads-ahthibung-khelma-area/,12718,1503878400000.0, ,Ahthibung-Khelma Landslide,"The road in Ahthibung area of Peren District was washed away on Monday night by the river, resulting in total cut off of the lifeline to Ahthibung and Khelma area.","Athibung, Peren, Nagaland",5km,landslide,rain,small,above_road,0,0, ,http://morungexpress.com/wp-content/uploads/2017/08/take-6.jpg, ,GLC, ,25.55544,93.63981,India,IN,Nagaland,Purana Dhansiri,28.99,1534982400000.0,1606348800000,93.6398100000001,25.55544,2017-08-28 00:00:00+00:00,False,prox:51:187:5802
920,webindia123,https://news.webindia123.com/news/articles/india/20171001/3195606.html,12714,1506729600000.0, ,"Landslide Damages House in P.R. Hill, Kohima","One two-storied house was completely damaged in a landslide triggered by heavy rainfall at Supply Colony in the PR Hill Lower-2 in Kohima at the wee hours of yesterday, however, there was no any casualty. According to a report today two families stayed i","P.R. Hill, Kohima, Nagaland 797005, India.",1km,landslide,downpour,medium,retaining_wall,0,0, , , ,GLC, ,25.658708,94.098536,India,IN,Nagaland,Naga Hills,21.0,1534464000000.0,1606348800000,94.0985360000001,25.658708,2017-09-30 00:00:00+00:00,False,prox:51:188:5813
921,webindia123,https://news.webindia123.com/news/Articles/India/20171023/3205144.html,12713,1508630400000.0, ,Khuzama Mudslide,"The incessant rain during the past few days in Kohima, there has been a mudslide in Mewoboke colony in Khuzama village, 1 km away from the National Highway affecting five families whose properties and livestock were destroyed in the process. The Khuzama","about 1 km from the AH2 national highway which runs through the center of Khuzama, Mewoboke Colony, Khuzama, Nagaland 797005, India",1km,mudslide,continuous_rain,medium,natural_slope,0,0, , , ,GLC, ,25.533595,94.133345,India,IN,Manipur,Sochumei,12.11,1534204800000.0,1606348800000,94.1333450000001,25.533595,2017-10-22 00:00:00+00:00,False,prox:51:188:5820
922,Kangla Online,http://kanglaonline.com/2017/09/imphal-saikul-road-breaks-down/,12712,1506643200000.0,14:00,Imphal-Saikul Road Landslide,"Saikul sub-divisional HQs, has been completely cut off from the rest of the State when the only road connecting Saikul to Imphal road broke down this afternoon triggering untold misery to the people.  The road leading to Saikul Hill Town from the State c","6-7 km away from Saikul, near Champhai, Imphal-Saikul Rd, Manipur, India",10km,landslide,downpour,small,below_road,0,0, ,http://kanglaonline.com/wp-content/uploads/2017/09/Imphal-Saikul-road-breaks-down.jpg, ,GLC, ,24.981195,94.018619,India,IN,Manipur,Manipur,14.13,1534464000000.0,1606348800000,94.0186190000001,24.9811950000001,2017-09-29 00:00:00+00:00,False,prox:49:188:5812
923,e-pao.net,http://e-pao.net/GP.asp?src=22..230917.sep17,9701,1505952000000.0, ,Landslide near Khongjaron on Tamenglong-Khongsang Road,Incessant rain in the past few days has severely hit normal life in Noney district too.  While most places in the valley districts of the state have been reported to have been affected as major rivers overflows and flooded many places in Kakching and Tho,"near the Khongjaron Khunthak village, Tamei Road, Manipur, India",10km,landslide,continuous_rain,medium,above_road,0,0, , , ,GLC, ,24.938948,93.496837,India,IN,Manipur,Sempang,11.98,1534723200000.0,1606348800000,93.4968370000001,24.9389480000001,2017-09-21 00:00:00+00:00,False,prox:49:186:5810
924,Zee News,http://zeenews.india.com/news/landslides-in-mizoram-snap-road-links-7-buildings-collapse-2036680.html,9731,1503705600000.0, ,Aizwal Landslides Destroy Buildings in Lengpui Village,"At least seven buildings, including a church, collapsed in Aizawl and nearby villages due to multiple landslides triggered by heavy rains in Mizoram since Thursday, officials said on Saturday.  Many places of the state were cut off due to road blocks cau","Lengpui Village, Aizawl, Mizoram, India",5km,landslide,downpour,medium,deforested_slope,0,0, ,https://i.ndtvimg.com/i/2017-08/mandi-landslide_650x400_81502607465.jpg?output-quality=70&output-format=webp, ,GLC, ,23.83291945,92.63125938,India,IN,Mizoram,Aizwal,20.97,1534896000000.0,1606348800000,92.631259378,23.832919454,2017-08-26 00:00:00+00:00,False,prox:47:185:5801
942,Mathrubumi News,https://youtu.be/e5-1H5iz9VE,12695,1534377600000.0, ,"Landslide in Kottiyoor, Kerala Floods","Landslide occurred at Ambayathode, Kottiyoor. The river Bavalippuzha is overflowing. 14 houses in the region are under water.","Ambayathode, Kottiyoor, Kerala, India",1km,mudslide,continuous_rain,large,above_river,0,0, , , ,LRC, ,11.86932069,75.90546189,India,IN,Kerala,Tharuvana,16.78,1534377600000.0,1606348800000,75.905461892,11.8693206880001,2018-08-16 00:00:00+00:00,False,prox:23:151:5919
943,Twitter,https://twitter.com/unnis_m/status/1030392480439721985,12694,1534464000000.0, ,Munnar Hill Station Landslide,"A large, deep-seated landslide occurred at the hill station in Munnar. There are collapsed buildings and waterlogged roads. This comes during the 2018 Kerala floods.","Hill station, Idukki district, Kerala, India",1km,rotational_slide,continuous_rain,large,above_road,0,0, , ,Video in event link,GLC, ,10.1160933,77.1496325,India,IN,Kerala,Anaimudi Pik,1.49,1534464000000.0,1606348800000,77.149632502,10.1160933040001,2018-08-17 00:00:00+00:00,False,prox:20:154:5920
944,The New Indian Express,http://www.newindianexpress.com/states/kerala/2017/sep/20/two-shops-fall-into-kallarkutty-reservoir-following-road-cave-in-1659806.html,12693,1505779200000.0,11:00,Highway Collapse into Kallarkutty dam reservoir,The timely intervention of local people averted a tragedy on Tuesday as two shops fell into the Kallarkutty dam reservoir near Adimali even as a part of the National Highway caved in following a landslide due to torrential rain.  The mishap occurred arou,"NH185 Kallarkutty, Kerala 685562 India.",1km,riverbank_collapse,downpour,medium,retaining_wall,0,0, ,http://images.newindianexpress.com/uploads/user/imagelibrary/2017/9/20/w600X300/Landslid.jpg,Heavy traffic is likely responsible for the retaining wall failure in addition to the torrential rain. It should be noted that many other shops on precarious slopes have also fallen into the dam reservoir.,GLC, ,9.980976,77.000961,India,IN,Kerala,Devikolam,14.73,1534809600000.0,1606348800000,77.0009610000001,9.98097600000006,2017-09-19 00:00:00+00:00,False,prox:19:154:5809
945,Deccan Herald,https://www.deccanherald.com/national/muttom-life-picks-pace-after-689201.html,12692,1534291200000.0, ,Mutton Village Landslide,"In the small village of Mutton, just 9 km away from Thodupuzha (the biggest village in the Idukki district, India), a torrential downpour led to a smaller sized landslide (relative to the other landslides recently felt in the Kerala region that the villa","Mutton, Idukki District, India",1km,landslide,downpour,small,deforested_slope,1,4, ,https://www.deccanherald.com/sites/dh/files/styles/article_detail/public/article_images/2018/08/24/file71ldisgx79hh2sjr27a1535127.jpg?itok=KSZ30DzH, ,LRC, ,9.84283264,76.7379347,India,IN,Kerala,Ramaouram,8.8,1535068800000.0,1606348800000,76.737934701,9.84283264200007,2018-08-15 00:00:00+00:00,False,prox:19:153:5919
971,India Times,https://www.indiatimes.com/trending/wtf/distressing-footage-shows-heavy-rains-tear-down-a-two-storey-building-in-karnataka-s-kodagu-351450.html,12666,1534377600000.0, ,Madikeri Landslide Causes Building to Fall Down a Hill,"Incessant rains across Kerala have caused flooding and landslides. In Madikeri, in Kodagu, a video shows that the saturated ground underneath a two-story building has failed. The building, left with no support, tilts and slides down the muddy slope. The","near Muthappa Temple, Madikeri, Kodagu, Karnataka",1km,mudslide,continuous_rain,medium,urban,4,0, ,https://im.indiatimes.in/content/2018/Aug/building_1534587644_725x725.jpg, ,GLC, ,12.43205911,75.73750347,India,IN,Karnataka,Mercara,1.71,1534982400000.0,1606348800000,75.7375034710001,12.432059114,2018-08-16 00:00:00+00:00,False,prox:24:151:5919
1315,Times of India,https://timesofindia.indiatimes.com/videos/city/kochi/kerala-floods-massive-landslide-in-kannur-district-caught-on-camera/videoshow/65422861.cms,13718,1534550400000.0,04:00,landslide,near kannur,670622,50km,landslide,downpour,large,natural_slope,0,0, , ,"Converted from a large polygon; 79 dead, but this number is due to both floods and landslides",LRC, ,11.91014201,75.45875639,India,IN,Kerala,Valarpattanam,9.77,1534550400000.0,1606348800000,75.458756386,11.910142014,2018-08-18 00:00:00+00:00,False,prox:23:150:5920
1316,News and TV,https://www.manoramaonline.com/news/latest-news/2018/08/18/kodagu-rain-havoc-karnataka.html,13717,1534550400000.0,08:00,Landslides in Coorg Karnataka,Landslides,571218,25km,landslide,downpour,large,above_road,10,25, ,https://www.manoramaonline.com/news/latest-news/2018/08/18/kodagu-rain-havoc-karnataka.html,Converted from large polygon. Exact location unknown.,LRC, ,12.21522844,75.84626678,India,IN,Karnataka,Virarajendrapet,5.75,1534550400000.0,1606348800000,75.846266777,12.21522844,2018-08-18 00:00:00+00:00,False,prox:24:151:5920
1317,New Indian Express,http://www.newindianexpress.com/states/kerala/2018/aug/17/10-killed-in-landslides-in-idukki-many-low-lying-areas-flooded-1858828.html,13716,1534291200000.0,unknown,"Multiple landslides in Kerala, India","Massive landslides in multiple locations, mostly in hilly areas. Landslides happened in multiple districts in almost same time. Many lost their lives and loved ones, and also lost their home and belongings. Multiple landslides occured in multiple places",Across Kerala,250km,unknown,downpour,very_large,unknown,0,0, ,http://www.newindianexpress.com/states/kerala/2018/aug/17/10-killed-in-landslides-in-idukki-many-low-lying-areas-flooded-1858828.html,"This point was created by merging multiple reported polygons. The maximum casualty report was 250 dead, 1000 injured; but this could not be verified. It represents many landslides, but a few individual slides are listed separately in COOLR.",LRC, ,9.89957093,76.98511193,India,IN,Kerala,Devikolam,22.5,1534377600000.0,1606348800000,76.985111933,9.89957093300007,2018-08-15 00:00:00+00:00,False,prox:19:153:5919
1319,Government of Kerala, ,13710,1565222400000.0,17:00,Kavalappara landslide,A devastating landslide occurred in kavalappara near Nilambur in malappuram district of Kerala. The landslide occurred due to the heavy and continuous rain that hit this region. It is said that more than 60 people were buried under the mud. The exact num,679334,1km,landslide,continuous_rain,catastrophic,natural_slope,60,20,South West monsoon, , ,LRC, ,11.41001301,76.24145818,India,IN,Kerala,Chaliyar,2.13,1565740800000.0,1606348800000,76.241458176,11.410013007,2019-08-08 00:00:00+00:00,False,named:south west monsoon
1320,Government of Kerala, ,13709,1565222400000.0,unknown,Puthumala landslide,A devastating landslide occurred in puthumala near meppadi in wayanad district of Kerala. The landslide occurred due to the heavy rain which continued in this region. Presently it is said that 12 people are dead and 7 are still missing. The landslide occ,673581,exact,landslide,continuous_rain,very_large,deforested_slope,20,13,South West monsoon, , ,LRC, ,11.50340214,76.13474585,India,IN,Kerala,Meppadi,6.54,1565740800000.0,1606348800000,76.134745852,11.5034021430001,2019-08-08 00:00:00+00:00,False,named:south west monsoon
1333,The Indian Express,http://www.newindianexpress.com/states/karnataka/2019/jul/21/landslip-affects-trains-on-bengaluru-mangaluru-route-2007198.html,13768,1563408000000.0, ,Landslip affects trains on Bengaluru-Mangaluru route,"As Sakleshpur-Subramanya Road Ghat section received heavy rain, loose soil along with boulders covered railway track",ghat section between Sakaleshpur and Subrahmanya Road Stations on Hassan-Mangaluru section,10km,landslide,downpour,medium,natural_slope,0,0, ,http://images.newindianexpress.com/uploads/user/imagelibrary/2019/7/21/w900X450/KARNATAKKAAA.jpg, ,GLC, ,12.71859173,75.46956277,India,IN,Karnataka,Panaje,4.52,1563840000000.0,1606348800000,75.4695627680001,12.7185917260001,2019-07-18 00:00:00+00:00,False,prox:25:150:6031
1376,Sentinel,https://www.sentinelassam.com/news/rains-cause-landslips-in-east-khasi-hills-district-shillong/,13725,1562630400000.0,unknown,Landslip in Mawlynngad,Incessant rain caused a landslip,"Mawlynngad, Mawryngkneng, East Khasi Hills, Meghalaya",10km,landslide,continuous_rain,unknown,unknown,0,0, , , ,GLC, ,25.53663703,91.98082795,India,IN,Meghalaya,Shillong,18.21,1562803200000.0,1606348800000,91.9808279490001,25.536637033,2019-07-09 00:00:00+00:00,False,prox:51:183:6028
1377,Sentinel,https://www.sentinelassam.com/news/rains-cause-landslips-in-east-khasi-hills-district-shillong/,13724,1562630400000.0,unknown,Landslip in Mawiong,A landslip and a fallen tree,"Mawiong, Mawryngkneng, East Khasi Hills, Meghalaya",5km,landslide,continuous_rain,unknown,unknown,0,0, , , ,GLC, ,25.58822736,92.02269564,India,IN,Meghalaya,Shillong,13.18,1562803200000.0,1606348800000,92.0226956430001,25.5882273610001,2019-07-09 00:00:00+00:00,False,prox:51:184:6028
1378,Sentinel,https://www.sentinelassam.com/news/rains-cause-landslips-in-east-khasi-hills-district-shillong/,13723,1562630400000.0,unknown,Landslip near Basic School,"The District Disaster Management Authority (DDMA) and police responded to the landslip, but there were no casualties.","near Basic School, Nongshiliang, Malki",5km,landslide,continuous_rain,unknown,urban,0,0, , , ,GLC, ,25.56728469,91.90642696,India,IN,Meghalaya,Shillong,16.6,1562803200000.0,1606348800000,91.9064269550001,25.5672846900001,2019-07-09 00:00:00+00:00,False,prox:51:183:6028
1601,The Hindu,https://www.thehindu.com/news/national/kerala/landslips-cut-off-road-to-sabarimala/article24895403.ece,14275,1536278400000.0,unknown,Plappally-Pampa Landslips,Multiple landslips occurred along the Plappally-Pampa stretch of the Sabarimala Road.,"Plappally-Pampa, Kerala, IND",10km,landslide,rain,small,below_road,0,0, ,https://www.thehindu.com/news/national/kerala/qqaek1/article24896866.ece, ,GLC, ,9.40363243,77.05364274,India,IN,Kerala,Periyar Lake,11.68,1594857600000.0,1606348800000,77.053642741,9.40363243000006,2018-09-07 00:00:00+00:00,False,prox:18:154:5927
1605,On Manorama,https://www.onmanorama.com/districts/thrissur/2018/08/16/8-missing-after-landslip-at-kuranchery-in-thrissur.html,14263,1534377600000.0,unknown,Vettikuzhi Landslide,One person died due to a landslide triggered by rain at Vettikuzhi in Athirappilly.,"Vettikuzhy, Athirappilly, Thrissur, IND",1km,landslide,rain,medium,unknown,1,0, , , ,GLC, ,10.32303994,76.46715889,India,IN,Kerala,Kaladi,17.29,1597968000000.0,1606348800000,76.4671588850001,10.323039937,2018-08-16 00:00:00+00:00,False,prox:20:152:5919
1645,Business Standard,https://www.business-standard.com/article/pti-stories/manimahesh-yatra-suspended-as-woman-dies-in-landslide-118090200403_1.html,14392,1535846400000.0,unknown,Sundrasi Landslide,One woman died on the way to Manimahesh due to a landslide at Sundrasi triggered by heavy rains.,"Sundrasi, Bharmour, Chamba, Himachal Pradesh",10km,landslide,downpour,unknown,above_road,1,0, , , ,GLC, ,32.44155342,76.53467166,India,IN,Himachal Pradesh,Bara Bangahol,27.86,1595203200000.0,1606348800000,76.5346716610001,32.441553422,2018-09-02 00:00:00+00:00,False,prox:64:153:5925
1864,The New Indian Express,https://www.newindianexpress.com/states/odisha/2018/oct/13/cyclone-titli-over-three-lakh-affected-in-cuttack-1884833.html,14095,1539302400000.0,unknown,Mundia Hill Landslide,3 people in a family sustained injuries due to a wall collapse following a landslide at Mundia Hill in Bishnupur village triggered by heavy rain from Cyclone Titli.,Bishnupur village under Tigiria block near Cuttack,10km,landslide,tropical_cyclone,medium,unknown,0,3,Cyclone Titli, , ,GLC, ,20.43251283,85.51345613,India,IN,Orissa,Bankigarh,6.72,1590710400000.0,1606348800000,85.5134561290001,20.432512827,2018-10-12 00:00:00+00:00,False,named:cyclone titli
1879,The Hindu,https://www.thehindu.com/news/cities/Mangalore/train-service-on-ghat-section-to-resume-today/article25173439.ece,14119,1537401600000.0,unknown,Tunnel 48 Landslide,Landslip occurred at the mouth of Tunnel No. 48 near Siribagilu Railway Station after continuous rain.,"Tunnel No. 8, Siribagilu Station, Karnataka, IND",10km,landslide,continuous_rain,unknown,above_road,0,0, , ,65 total landslides reported between Aug 14 and Sept. 20 along this railway.,GLC, ,12.79876947,75.59480115,India,IN,Karnataka,Panaje,18.72,1590796800000.0,1606348800000,75.5948011470001,12.7987694650001,2018-09-20 00:00:00+00:00,False,prox:25:151:5931
1881,The Hindu,https://www.thehindu.com/news/cities/Mangalore/traffic-diverted-after-heavy-rain-causes-water-logging-near-udane/article24647949.ece,14219,1533686400000.0,15:00,Belthangady Landslide,A landslide caused by rain in Belthangady led to damage of a home. No injuries were reported,"Belthangady, Karnataka, IND",50km,landslide,rain,small,unknown,0,0, , , ,GLC, ,12.98670911,75.27809658,India,IN,Karnataka,Kuvettu,3.51,1589241600000.0,1606348800000,75.278096582,12.9867091080001,2018-08-08 00:00:00+00:00,False,prox:25:150:5917
1883,Outlook India,https://www.outlookindia.com/newsscroll/mea-launches-initiative-to-hold-limb-fitment-camps-in-various-countries/1399255?scroll,14191,1539129600000.0,05:00,Oct 9 Digdol Landslide,"Landslide triggered by rains blocks Jammu-Srinagar National Highway for 5 hours at Digdole, Ramban.","NH 44, Digdole, Ramban, IND",5km,landslide,rain,small,above_road,0,0, , ,"Close to Oct 29, 2018 event and events in earlier years.",GLC, ,33.29950376,75.18115668,India,IN,Jammu and Kashmir,Gund,15.02,1590796800000.0,1606348800000,75.181156677,33.2995037600001,2018-10-10 00:00:00+00:00,False,prox:66:150:5938
2008,Brighter Kashmir,http://brighterkashmir.com/residential-houses-damaged-in-langate-landslide/,10938,1491523200000.0, ,Landslide in Rajwar,"Heavy rainfall triggers damaging landslide in Rajwar. Article: in Rajwar area of Handwara, two houses were damaged due to the landslide triggered by the heavy rainfall in the area.","Rajwar, Handwara, Kupwara, Jammu & Kashmir, India",5km,landslide,rain,small,natural_slope,0,0, , , ,GLC, ,34.40393623,74.26149296,India,IN,Jammu and Kashmir,Nutnus,7.28,1501804800000.0,1606348800000,74.2614929630001,34.4039362290001,2017-04-07 00:00:00+00:00,False,prox:68:148:5754
2039,The Indian Express,http://indianexpress.com/article/india/landslide-damages-dozen-houses-in-sringar-minor-injured-jk-rain-flood-4603635/,10942,1491523200000.0,02:00,Landslide in Gagribal,"Landslide in Gagribal neighborhood of Srinagar. Article: A dozen houses were damaged and a minor boy injured in a landslide in Dalgate area of the city, triggered by incessant rains across Kashmir over past three days. The landslide occurred at Gagribal,","Gagribal, Srinagar, Jammu & Kashmir",1km,landslide,continuous_rain,medium,natural_slope,0,1, , , ,GLC, ,34.08325186,74.84254061,India,IN,Jammu and Kashmir,Pampur,6.79,1501718400000.0,1606348800000,74.8425406050001,34.083251856,2017-04-07 00:00:00+00:00,False,prox:68:149:5754
2044,Times of India,http://timesofindia.indiatimes.com/city/goa/2-hurt-in-mudslide-at-margao/articleshow/58269997.cms,10951,1492560000000.0,21:00,Mudslide in Margao,Mudslide near two popular restaurants injures two,"VV Road (??), Margao, South Goa, Goa, India",5km,mudslide,rain,small,urban,0,2, , , ,GLC, ,15.2875681,73.97726045,India,IN,Goa,Madgaon,3.49,1501027200000.0,1606348800000,73.9772604500001,15.287568095,2017-04-19 00:00:00+00:00,False,prox:30:147:5758
2048,WebIndia123,https://news.webindia123.com/news/articles/India/20170708/3142321.html,11155,1499472000000.0, ,Landslides at Kiruphema village,"Landslides following incessant rain destroy 16 paddy fields, many tree plantations, and parts of a 50 acre swath of forest reserve. Also triggered by construction practices. Article: the landslides were caused due to negligence and haphazard dumping of e","Kiruphema village, Kohima, Nagaland",5km,landslide,continuous_rain,medium,natural_slope,0,0, , ,Date estimated (numerous events),GLC, ,25.72019272,94.03225673,India,IN,Nagaland,Naga Hills,21.04,1499644800000.0,1606348800000,94.032256729,25.7201927150001,2017-07-08 00:00:00+00:00,False,prox:51:188:5785
2057,Dailyhunt,http://m.dailyhunt.in/news/india/english/u4uvoice-epaper-uvoice/landslide+at+jammu+srinagar+national+highway-newsid-66520969,10822,1492387200000.0,unknown,Landslide at Ramsu on NH-44,"Landslide on road totals car sitting in traffic, occupants unhurt","NH-44, Ramsu (Ramsoo), Ramban District, Jammu & Kashmir, India",5km,landslide,rain,small,above_road,0,0, , , ,GLC, ,33.3191592,75.19329838,India,IN,Jammu and Kashmir,Gund,12.75,1501200000000.0,1606348800000,75.1932983780001,33.3191591990001,2017-04-17 00:00:00+00:00,False,prox:66:150:5757
2082,U4U Voice,http://u4uvoice.com/killer-roads-of-chenab-valley-2-killed-2-injured-in-kishtwar-landslide/,10837,1492819200000.0, ,"Large rock fall damages car, kills and injures occupants","Boulder from rockfall severely damages car on Batote-Kishtwar road, kills 2 occupants and injures 2 others","Kuligadh (??), Drabshalla, Kishtwar, Jammu & Kashmir, 182204",5km,rock_fall,rain,medium,above_road,2,2, , , ,GLC, ,33.18368391,75.80816901,India,IN,Jammu and Kashmir,Shandero,3.76,1501027200000.0,1606348800000,75.8081690110001,33.183683912,2017-04-22 00:00:00+00:00,False,prox:66:151:5759
2086,The Northeast Today,https://thenortheasttoday.com/nagaland-landslides-cuts-off-lifeline-route-to-12-villages/,11161,1498262400000.0, ,Landslide on road isolates villages,Landslide on road connecting 12 villages of Longchem circle to Tuli and the NH-2. Villages isolated. After heavy rains.,"Alongkima, Mokokchung, Nagaland",5km,landslide,rain,small,above_road,0,0, ,https://thenortheasttoday.com/wp-content/uploads/2017/07/8BB9378B-155D-4519-3ED0A575472EEEAB.jpg, ,GLC, ,26.66354481,94.62220277,India,IN,Nagaland,Bangali,13.63,1499644800000.0,1606348800000,94.6222027740001,26.6635448110001,2017-06-24 00:00:00+00:00,False,prox:53:189:5780
2091,Brighter Kashmir,http://brighterkashmir.com/traffic-on-kashmir-highway-suspended-due-to-landslides/,10823,1487376000000.0,unknown,Srinagar-Jammu National Highway Landslides by Jawahar Tunnel,"Trraffic on the 300-km-long Srinagar-Jammu national highway, the only road linking the Kashmir valley with the rest of the country, was suspended today due to landslides, triggered by overnight rain. A traffic police official said traffic was suspended o","NH-1A, Banihal, Ramban, Jammu & Kashmir, 182146",5km,landslide,rain,medium,above_road,0,0, , , ,GLC, ,33.49573061,75.18134474,India,IN,Jammu and Kashmir,Gund,7.06,1508371200000.0,1606348800000,75.1813447440001,33.495730613,2017-02-18 00:00:00+00:00,False,prox:66:150:5738
2094,The Northeast Today,https://thenortheasttoday.com/nagaland-heavy-rainfall-and-landslide-massively-damages-nh-29/,11156,1494892800000.0,02:00,Landslide on NH-29 between Dimapur and Kohima,"Article: ""Following the incessant rain for last one week and earth cutting works for the four lane National Highway 29, between Dimapur and Kohima, resulted to land slide and sinking, continued to block National Highway near at Peducha under Kiruphema ju","NH-29, Sechu (Zubza), Kohima, Nagaland, 797002",1km,landslide,continuous_rain,small,above_road,0,0, ,https://thenortheasttoday.com/wp-content/uploads/2017/05/road-block.jpg, ,GLC, ,25.73318099,93.99655231,India,IN,Nagaland,Chashinya,20.47,1499817600000.0,1606348800000,93.9965523060001,25.7331809880001,2017-05-16 00:00:00+00:00,False,prox:51:187:5767
2095,Outlook India,https://www.outlookindia.com/newsscroll/landslides-after-heavy-premonsoon-rain-in-mizoram/1035823,10961,1493078400000.0, ,Landslide blocks NH-54,"Article: ""Mizoram has been cut off from the rest of the country as landslide, triggered by heavy and incessant pre-monsoon rains, blocked the National Highway 54, official sources said today."" Sparse on details.","NH-54, North Thingdawl, Kolasib, Mizoram, 796075",50km,landslide,continuous_rain,small,above_road,0,0, , , ,GLC, ,24.0135808,92.67420963,India,IN,Mizoram,Lung Chhuan,9.18,1500249600000.0,1606348800000,92.6742096250001,24.013580802,2017-04-25 00:00:00+00:00,False,prox:48:185:5760
2096,Firstpost,http://www.firstpost.com/india/assam-floods-death-toll-reaches-33-over-12-55-lakh-people-affected-across-20-districts-3798017.html,11163,1499644800000.0, ,Fatal landslide in Narayanpur,Landslide during heavy rains and flooding throughout Assam State kills two,"Narayanpur, Lakhimpur, Assam, 784164",1km,landslide,continuous_rain,medium,unknown,2,0, , , ,GLC, ,26.95223279,93.85748748,India,IN,Assam,Dergaon,29.82,1499731200000.0,1606348800000,93.8574874760001,26.9522327930001,2017-07-10 00:00:00+00:00,False,prox:53:187:5785
2119,Brighter Kashmir,http://brighterkashmir.com/highway-reopens-after-landslide-forced-blockade-for-30-hours/,10826,1487462400000.0,unknown,"Srinagar-Jammu National Highway Landslides at Digdol, Penthal, Batery Cheshna, and Ramsu","The highway was closed on February 20 due to landslides triggered by rain at several places, including Digdol, Penthal, Batery Cheshma and Ramsu during the intervening night.","NH-1A, Banihal, Ramban, Jammu & Kashmir, 182145",10km,landslide,rain,small,above_road,0,0, , ,"Only could capture the location of Ramsu (Ramsoo), could not find the other locations.",GLC, ,33.336892,75.19165535,India,IN,Jammu and Kashmir,Gund,10.8,1507852800000.0,1606348800000,75.191655349,33.336892001,2017-02-19 00:00:00+00:00,False,prox:66:150:5738
2131,Eastern Mirror,http://www.easternmirrornagaland.com/army-rescues-200-people-from-landslide-site-in-arunachal-pradesh/,11178,1497744000000.0,20:00,Landslide traps commuters,Two landslides during monsoon rains trap 70 cars and 200 people along road from Bhaulkpong 7 km towards Sessa. Army rescues commuters.,"Bhalukpong, Assam",10km,landslide,monsoon,medium,above_road,0,0, , , ,GLC, ,26.96437841,92.78260587,India,IN,Assam,Digbaljuli,25.83,1499385600000.0,1606348800000,92.7826058730001,26.964378405,2017-06-18 00:00:00+00:00,False,prox:53:185:5778
2145,Hindustan Times,http://www.hindustantimes.com/india-news/floods-landslides-hit-arunachal-capital-itanagar-following-heavy-rains/story-0FRcHVbMWVXWXotUXVBVuI.html,11171,1493164800000.0, ,Landslide on Senki View road,"Article: ""Incessant rainfall for the past one week has flooded large areas of Arunachal Pradesh’s capital town Itanagar and caused landslides and road blocks at many points.  The PWD took swift action to clear the debris caused by the landslide at Senk","Senki View, Itanagar, Papum Pare, Arunachal Pradesh, India",1km,landslide,continuous_rain,small,above_road,0,0, ,http://www.hindustantimes.com/rf/image_size_960x540/HT/p2/2017/04/27/Pictures/landslide-in-arunachal-pradesh_cc89f20a-2b5c-11e7-bd89-19cc2c5d765e.jpg, ,GLC, ,27.104022,93.61156568,India,IN,Arunachal Pradesh,North Lakhimpur,51.23,1500249600000.0,1606348800000,93.611565683,27.104022001,2017-04-26 00:00:00+00:00,False,prox:54:187:5760
2146,The Arunachal Times,http://www.arunachaltimes.in/rebia-inspects-flood-ravaged-itanagar-jote-tapiasso-road-doimukh-circle/,11169,1499558400000.0, ,Landslide on Itanagar- Jote-Tapiasso road,"Landslide after weeks of incessant rain in Arunachal Pradesh completely blocks road. Significant enough to be visited by Minister for Urban Development & Housing, Town Planning.","Itanagar- Jote-Tapiasso road, Papum Pare, Arunachal Pradesh",10km,landslide,continuous_rain,medium,above_road,0,0, , , ,GLC, ,27.05957271,93.50102778,India,IN,Arunachal Pradesh,Dafla Hills,46.97,1499731200000.0,1606348800000,93.501027778,27.0595727090001,2017-07-09 00:00:00+00:00,False,prox:54:187:5785
2147,NewsBytes,https://www.newsbytesapp.com/timeline/India/1929/11909/arunachal-pradesh-floods-landslides-reap-misery,11177,1499731200000.0, ,Landslide in Tawang,"Two more people were killed in another landslide in Tawang, Arunachal Pradesh, taking the death toll in two days to 19.  The fresh landslides also swept away over 30 houses.  Union Minister of State for Home Affairs Kiren Rijiju visited the affected regi","Tawang, Arunchal Pradesh",5km,landslide,rain,large, ,19,0, , , ,GLC, ,27.583849,91.876945,India,IN,Arunachal Pradesh,Twang Shyo,0.47,1499731200000.0,1606348800000,91.876945,27.583849,2017-07-11 00:00:00+00:00,False,prox:55:183:5786
2155,DNA,http://www.dnaindia.com/india/report-all-schools-in-dima-haso-district-closed-due-to-bad-weather-2381478,10976,1491264000000.0, ,Landslide in Harangajao,"The rains also caused landslide and landslip in several places in Dima Hasao district headquarters of Haflong and many other places like Harangajao, N Leikul, Mahur and Phaiding for the past couple of days, according to Dima Hasao district administration","Harangajao, Assam, India",1km,landslide,rain,small,above_road,0,0, , , ,GLC, ,25.118398,92.853913,India,IN,Assam,Narainpur,3.23,1501804800000.0,1606348800000,92.853913,25.1183980000001,2017-04-04 00:00:00+00:00,False,prox:50:185:5753
2173,The Arunachal Times,http://www.arunachaltimes.in/arunachal-devastated-by-landslides-and-floods-minor-dead/,11170,1499558400000.0, ,Mudslides in Borum and Nyorch,Mudslides in Borum and Nyorch (could not identift Nyorch) affect 6 houses. After constant rains throughout Arunachal Pradesh.,"Naharlagun Sub-District, Papum Pare, Arunachal Pradesh",5km,mudslide,continuous_rain,medium,natural_slope,0,0, , , ,GLC, ,27.14163897,93.66495709,India,IN,Arunachal Pradesh,North Lakhimpur,45.01,1499644800000.0,1606348800000,93.6649570850001,27.141638969,2017-07-09 00:00:00+00:00,False,prox:54:187:5785
2174,Greater Kashmir,http://www.greaterkashmir.com/news/kashmir/kashmir-narrow-escape-for-three-families-after-landslide-hits-budgam-village/254624.html,10943,1499904000000.0, ,Landslide in Chairhara village,"300ft hillock caves in over Chairhara village, nearly hits village","Chairhara, Pattan, Baramula, Jammu & Kashmir, India",exact,landslide,rain,medium,natural_slope,0,0, , , ,GLC, ,34.06830898,74.63364102,India,IN,Jammu and Kashmir,Palhalan,14.98,1499904000000.0,1606348800000,74.6336410150001,34.068308979,2017-07-13 00:00:00+00:00,False,prox:68:149:5786
2183,Eastern Mirror,http://www.easternmirrornagaland.com/21-houses-destroyed-by-landslide-in-kohima-town/,11158,1499817600000.0,06:00,"Landslide destroys houses in Kohiama, near High School area","Landslide causes significant damage to property. Talking to Eastern Mirror, the colony members informed that nine (9) houses were fully damaged, while five (5) houses were severely damaged and seven (7) houses partially damaged. Two roads connecting the","Kohima, Nagaland, India",1km,landslide,rain,medium,natural_slope,0,0, , , ,GLC, ,25.69111465,94.09483333,India,IN,Nagaland,Naga Hills,18.32,1499904000000.0,1606348800000,94.0948333330001,25.691114645,2017-07-12 00:00:00+00:00,False,prox:51:188:5786
2188,Greater Kashmir,http://www.greaterkashmir.com/news/chenab-valley/story/242033.html,10846,1487808000000.0,unknown,"Kungwari Landslide, Peripheral Roads in Kashmir Closed","In wake of three consecutive days of incessant rainfall, peripheral roads of Kishtwar including Kungwari, Badran, Patimhala are damaged following heavy landslides, reports said.","Kungwari, Palmar, Chhatroo, Kishtwar, Jammu & Kashmir",5km,landslide,continuous_rain,unknown,unknown,0,0, , , ,GLC, ,33.38247258,75.7228768,India,IN,Jammu and Kashmir,Mugal Maidan,4.51,1507852800000.0,1606348800000,75.722876796,33.382472584,2017-02-23 00:00:00+00:00,False,prox:66:151:5740
2191,Hindustan Times,http://www.hindustantimes.com/india-news/manipur-heavy-rains-trigger-landslides-along-national-highways/story-84kUb5i3oGENZmSEVhJ3eO.html,10968,1499558400000.0, ,Landslide blocks road near Thanlon,"Following continuous rain, landslide impedes vehicular movement along NH-2 near Thanlol","Thanlon, Churachandpur, Manipur",1km,landslide,continuous_rain,small,above_road,0,0, , ,"Time approximate, corroborated chronologically with other contemporary landslides from article in close proximity to this one.",GLC, ,24.27173018,93.28039349,India,IN,Manipur,Parbung,17.85,1499644800000.0,1606348800000,93.2803934900001,24.271730183,2017-07-09 00:00:00+00:00,False,prox:48:186:5785
2195,DailyExcelsior.com,http://www.dailyexcelsior.com/srinagar-jammu-highway-remain-closed-over-1300-vehicles-stranded/,10835,1483660800000.0,unknown,Ramsu Landslides and Shooting Stones along Srinagar-Jammu National Highway,"The 300-km-long Srinagar-Jammu national highway remained closed for the second-day today due to slippery road conditions, following heavy snowfall and landslides during the past 24 hours. In Ramban and Ramsu area there was rain triggering landslides and","NH-1A, Ramsoo, Jammu & Kashmir, 182145",exact,landslide,rain,medium,above_road,0,0, , , ,GLC, ,33.33819588,75.19229171,India,IN,Jammu and Kashmir,Gund,10.65,1510099200000.0,1606348800000,75.192291707,33.338195881,2017-01-06 00:00:00+00:00,False,prox:66:150:5724
2197,DailyExcelsior.com,http://www.dailyexcelsior.com/srinagar-jammu-highway-remain-closed-over-1300-vehicles-stranded/,10832,1483660800000.0,unknown,Ramban Landslides and Shooting Stones along Srinagar-Jammu National Highway,"The 300-km-long Srinagar-Jammu national highway remained closed for the second-day today due to slippery road conditions, following heavy snowfall and landslides during the past 24 hours. In Ramban and Ramsu area there was rain triggering landslides and","NH-1A, Banihal, Ramban, Jammu & Kashmir, 182148",5km,landslide,rain,medium,above_road,0,0, , , ,GLC, ,33.24199059,75.22770891,India,IN,Jammu and Kashmir,Chaunkri,19.61,1510099200000.0,1606348800000,75.227708911,33.2419905880001,2017-01-06 00:00:00+00:00,False,prox:66:150:5724
2232,Himalayan Beacon,https://web.archive.org/web/20100216135956/https://beacononline.wordpress.com/2009/08/16/darjeeling-hills-five-killed-in-landslides-highway-blocked/,1096,1250380800000.0,03:00,Landslides block NH-55,National highway 55 was blocked by a series of landslides.,NH-55 between Darjeeling and Siliguri,25km,landslide,downpour,large,above_road,0,0, , ,2 landslides were separated from this multiple event.,GLC, ,26.89962682,88.28650466,India,IN,West Bengal,Kurseong,1.89,1516233600000.0,1606348800000,88.286504656,26.8996268240001,2009-08-16 00:00:00+00:00,False,prox:53:176:4824
2236,Himvani,http://www.himvani.com/news/2010/09/23/all-trains-on-kalka-shimla-line-suspended-due-to-landslide/7580/,2477,1284940800000.0, ,Landslide stops trains,All trains on the Kalka-Shimla railway line were stopped by large landslides.,Kalka-Shimla line between Kathalighat and Knoh railway stations,5km,landslide,downpour,large,unknown,0,0, , , ,GLC, ,31.1838,76.9907,India,IN,Himachal Pradesh,Simla,14.11,1516147200000.0,1606348800000,76.9907000000001,31.1838000000001,2010-09-20 00:00:00+00:00,False,prox:62:153:4957
2238,India News,http://www.indiaid.com/blog/_archives/2010/8/25/4613332.html,2324,1282608000000.0,06:00,Landslide on NH-53,Trucks and buses were stranded until evening.,NH-53 at K Sinam village,5km,landslide,downpour,medium,above_road,0,0, , , ,GLC, ,24.8029,93.6228,India,IN,Manipur,Sempang,20.05,1516147200000.0,1606348800000,93.6228,24.8029,2010-08-24 00:00:00+00:00,False,prox:49:187:4948
2252,Daily World,https://dailyworld.in/nagaon-a-landslide-at-national-highway-37-near-burapahar-area-in/,11162,1499558400000.0, ,Landslide blocks NH-37,Following continuous rain. Article: landslide at National Highway 37 near Burapahar area in Nagaon district of Assam,"Burapahar, Nagaon, Assam",5km,landslide,continuous_rain,small,above_road,0,0, ,https://i0.wp.com/dailyworld.in/wp-content/uploads/Nagaon-A-landslide-at-National-Highway-37-near-Burapahar-area-in....jpg?w=600&ssl=1, ,GLC, ,26.56636244,93.13195098,India,IN,Assam,Narjon Basti,11.1,1499644800000.0,1606348800000,93.1319509840001,26.566362441,2017-07-09 00:00:00+00:00,False,prox:53:186:5785
2270,India Blooms,http://www.indiablooms.com/ibns_new/news-details/N/30787/assam-three-children-die-in-landslide-in-west-karbi-anglong.html,10975,1493424000000.0,19:00,Fatal landslide in Makhim village,Landslide following continuous rain kills 3 children who were working in hills,"Makhim (??), West Karbi Anglong, Assam",25km,landslide,continuous_rain,medium,natural_slope,3,0, , , ,GLC, ,25.61919207,92.7094701,India,IN,Assam,Amring,17.73,1500249600000.0,1606348800000,92.7094701030001,25.61919207,2017-04-29 00:00:00+00:00,False,prox:51:185:5761
2271,The Times of India,http://timesofindia.indiatimes.com/city/coimbatore/mountain-rail-services-stopped-after-landslide/articleshow/56014094.cms,10729,1481846400000.0, ,Landslide on Railway,Nilgiris Mountain Rail services have been suspended for three days after a major landslide occurred between Kallar and Hillgrove. The Nilgiris region has been experiencing heavy rainfall since last night as cyclone Vardah is crossing over to Andhra Prade,Railway between Kallar and Hillgrove,10km,landslide,tropical_cyclone,small,above_road,0,0,Cyclone Vardah, , ,GLC, ,11.328578,76.903045,India,IN,Tamil Nadu,Mettupalaiyam,4.78,1501027200000.0,1606348800000,76.9030450000001,11.328578,2016-12-16 00:00:00+00:00,False,named:cyclone vardah
2286,The Dawnlit Post,https://thedawnlitpost.com/house-damaged-in-landslide/,11173,1492819200000.0,23:00,Landslide at IMC Ward Number 18,"House damaged overnight due to monsoon. Article does not mention trigger directly, but mentions monsoon (reasoning for assuming rainfall trigger.)","IMC ward #18 (??), Lower Subansiri, Arunachal Pradesh",10km,landslide,monsoon,small,natural_slope,0,0, ,https://thedawnlitpost.com/wp-content/uploads/2017/04/2-17-1024x768.gif, ,GLC, ,27.61790706,93.84196894,India,IN,Arunachal Pradesh,Zero,3.45,1500336000000.0,1606348800000,93.8419689410001,27.6179070600001,2017-04-22 00:00:00+00:00,False,prox:55:187:5759
2291,Hindustan Times,http://www.hindustantimes.com/india-news/manipur-heavy-rains-trigger-landslides-along-national-highways/story-84kUb5i3oGENZmSEVhJ3eO.html,11149,1499558400000.0,09:00,Landslide on NH-37,Continuous heavy rains in Manipur State. Landslide around 35 km from Imphal destroys 60 feet of NH-37.,"NH-37, Manipur State, India",10km,landslide,continuous_rain,medium,below_road,0,0, ,http://www.hindustantimes.com/rf/image_size_960x540/HT/p2/2017/07/09/Pictures/_7532de6e-64a9-11e7-8e9a-26934b659213.jpg, ,GLC, ,24.82767572,93.51825,India,IN,Manipur,Sempang,9.13,1499644800000.0,1606348800000,93.5182500000001,24.827675717,2017-07-09 00:00:00+00:00,False,prox:49:187:5785
2325,The Northeast Today,https://thenortheasttoday.com/arunachal-pradesh-three-assam-labourers-killed-in-a-landslide/,11174,1492819200000.0,00:00,Fatal landslide near Palin,Landslide triggered by continuous rains lasting several days kills 3,"Palin, Kurung Kumey, Arunachal Pradesh",1km,landslide,continuous_rain,small,natural_slope,3,0, ,https://thenortheasttoday.com/wp-content/uploads/2017/04/arunachal-pradesh.jpg, ,GLC, ,27.6802471,93.62592773,India,IN,Arunachal Pradesh,Iyaba,15.97,1500336000000.0,1606348800000,93.6259277340001,27.6802471,2017-04-22 00:00:00+00:00,False,prox:55:187:5759
2330,The Arunachal Times,http://www.arunachaltimes.in/six-killed-in-meghalaya-landslides/,10987,1497657600000.0, ,Fatal landslide in Umiam,Landslide following continuous rain kills 3 in Umiam industrial area,"Umiam, Ribhoi, Meghalaya",5km,landslide,continuous_rain,medium,unknown,3,0, , , ,GLC, ,25.67836832,91.9234343,India,IN,Meghalaya,Shillong,6.3,1499644800000.0,1606348800000,91.923434302,25.6783683200001,2017-06-17 00:00:00+00:00,False,prox:51:183:5778
2348,Greater Kashmir,http://www.greaterkashmir.com/news/chenab-valley/story/248568.html,10818,1493942400000.0,11:00,Landslide on Jammu-Srinagar Highway,"Article: ""A landslide halted the movement of vehicular traffic for more than three hours on Jammu Srinagar Highway at Digdool falling under Ramban police jurisdiction.""","Banihal, Ramban, Jammu & Kashmir",10km,landslide,rain,small,above_road,0,0, ,http://www.greaterkashmir.com/cms/gall_content/2017/5/2017_5$largeimg206_May_2017_013406993.jpg, ,GLC, ,33.32217847,75.19281971,India,IN,Jammu and Kashmir,Gund,12.42,1499990400000.0,1606348800000,75.1928197120001,33.3221784690001,2017-05-05 00:00:00+00:00,False,prox:66:150:5763
2351,India.com,http://www.india.com/news/agencies/nmr-service-cancelled-today-after-landslide-trees-on-track-2106569/,10727,1494115200000.0,09:00,Landslides along Nilgiris Mountain Railway,"Article: ""Upooted trees were found on track at various places between Mettupalayam and Coonoor, necessitating cancellation of services for today, railway sources said. The area has been experiencing moderate to heavy rains resulting in landslide and upro","Coonoor, The Nilgiris, Tamil Nadu, India",5km,landslide,continuous_rain,small,above_road,0,0, , , ,GLC, ,11.34942664,76.84947966,India,IN,Tamil Nadu,Coonoor,6.06,1499990400000.0,1606348800000,76.8494796590001,11.3494266430001,2017-05-07 00:00:00+00:00,False,prox:22:153:5764
2357,ChandigarhX,http://chandigarhx.com/landslide-in-shimla-new-bus-stand-area-is-closed/,10858,1491436800000.0, ,Landslide on Shimla-Kalka National Highway in Shimla,"After days of incessant rainfall, landslide causes road to cave in near bus terminal in Shimla","ISBT, Shimla, India",exact,landslide,continuous_rain,medium,below_road,0,0, ,http://chandigarhx.com/wp-content/uploads/2017/04/ximage-1.jpg.pagespeed.ic.3nq65wQIQ_.webp,Video in link,GLC, ,31.09793945,77.15163968,India,IN,Himachal Pradesh,Simla,7.82,1501718400000.0,1606348800000,77.1516396790001,31.0979394500001,2017-04-06 00:00:00+00:00,False,prox:62:154:5754
2359,Greater Kashmir,http://www.greaterkashmir.com/news/chenab-valley/story/247511.html,10839,1493078400000.0, ,Significant landslide blocks road near Drabshalla,"Article: ""The Stretch near Kulgadi Drabshalla on Kishtwar -Thatri road remained closed for second day today, reports said.  They said continuous landslides and shooting stones have blocked the stretch completely. ""","Drabshalla, Kishtwar, Jammu & Kashmir",1km,landslide,rain,medium,above_road,0,0, ,http://www.greaterkashmir.com/cms/gall_content/2017/4/2017_4$largeimg225_Apr_2017_011612687.jpg, ,GLC, ,33.17191499,75.81074366,India,IN,Jammu and Kashmir,Shandero,5.03,1500249600000.0,1606348800000,75.8107436610001,33.171914993,2017-04-25 00:00:00+00:00,False,prox:66:151:5760
2361,Imphal Times,http://www.imphaltimes.com/news/item/9009-state-medical-team-rushes-henglep-sub-division-stranded-midway-due-to-landslide,10967,1499644800000.0,08:00,Landslide near Molnom blocks road,Landslide after heavy rains strands state medical team responding to calls in remote villages,"NH-150, Churachandpur, Manipur, 795133",25km,landslide,rain,small,above_road,0,0, , , ,GLC, ,24.37169581,93.70684171,India,IN,Manipur,Mulam,20.6,1499644800000.0,1606348800000,93.706841709,24.3716958090001,2017-07-10 00:00:00+00:00,False,prox:48:187:5785
2362,The Hindu,http://www.thehindu.com/news/cities/Thiruvananthapuram/three-killed-and-one-injured-in-house-collapse-in-nedumangad/article17998275.ece,10722,1492041600000.0, ,Fatal landslide in Chembakasserikonam,"Landslide during downpour causes house to collapse, killing 3 and injuring one. Other house also damaged.","Nedumangad, Thiruvananthapuram, Kerala State, India",5km,landslide,downpour,small,urban,3,1, , , ,GLC, ,8.5845033,76.97925203,India,IN,Kerala,Trivandrum,13.42,1501200000000.0,1606348800000,76.979252027,8.58450330300008,2017-04-13 00:00:00+00:00,False,prox:17:153:5756
2373,ABP Live,http://www.abplive.in/videos/bus-falls-in-lake-due-to-landslide-in-karnataka-s-gadag-rescue-operation-on-527810,10950,1494806400000.0, ,Landslide in Gadag,"Landslide appears to have knocked bus into river. Source is a video that isn't in English (most likely in Kannada), and the pictures in the video only show the bus half-submerged in the water; hard to tell the specifics of this potential landslide event.","Gadag, Karnataka",10km,landslide,rain,medium,above_river,0,0, , ,"Unknown injury/fatality figures, video shows a rescue operation underway.",GLC, ,15.41602484,75.61670443,India,IN,Karnataka,Gadag,2.1,1499817600000.0,1606348800000,75.616704434,15.41602484,2017-05-15 00:00:00+00:00,False,prox:30:151:5767
2375,E-Pao,http://e-pao.net/GP.asp?src=4..090717.jul17,11151,1499472000000.0, ,Landslides along Lamlang River,"Incessant rains cause landslides along river. Article: huge tracts of land covering nine different major paddy field areas Hongchao, Litji, Nitrei, Rashoi, Khaying, Yakrei, Chanwoi, Napik and Mirang measuring about 12 hectares have been destroyed by land","Ukhrul Central, Ukhrul, Manipur",100km,landslide,continuous_rain,medium,above_river,0,0, , ,"All details gleaned from single sentence in article, which was primarily about flooding",GLC, ,25.06466676,94.27420555,India,IN,Manipur,Kalapahar,32.56,1499644800000.0,1606348800000,94.2742055530001,25.064666757,2017-07-08 00:00:00+00:00,False,prox:50:188:5785
2386,Business Standard,http://www.business-standard.com/article/pti-stories/landslip-near-barliar-traffic-hit-for-over-two-hours-116121400496_1.html,10730,1481673600000.0,09:00,Landslip near Barlair,"Vehicular traffic was disrupted for about two and half hours today on  Mettupalayam-Udhagamandalam Road, following landslip near Barliar in Nilgiris district, following heavy rains that lashed the area last night.    A big boulder and four trees fell on","9th Hairpin Bend, Mettupalayam-Udhagamandalam Road, near Barliar, Tamil Nadu, India",5km,landslide,rain,medium,above_road,0,0, , , ,GLC, ,11.339839,76.841106,India,IN,Tamil Nadu,Coonoor,5.22,1500249600000.0,1606348800000,76.8411060000001,11.3398390000001,2016-12-14 00:00:00+00:00,False,prox:22:153:5716
2396,Eastern Mirror,http://www.easternmirrornagaland.com/landslide-near-peducha-cuts-off-national-highway-29/,11157,1499558400000.0,02:00,Significant landslide blocks NH-29 near Peducha,"Following incessant rain, a significant landslide stretching 50 yards completely blocks NH-29 near Peducha village.","Peducha, Kohima, Nagaland State, India",1km,landslide,continuous_rain,medium,above_road,0,0, ,http://www.easternmirrornagaland.com/wp-content/uploads/2017/07/8.jpg, ,GLC, ,25.73111942,93.98827528,India,IN,Nagaland,Chashinya,20.91,1499644800000.0,1606348800000,93.98827528,25.731119415,2017-07-09 00:00:00+00:00,False,prox:51:187:5785
2417,Imphal Free Press,http://www.ifp.co.in/item/1220-mizoram-calamity-12-dead-877-houses-damaged,10963,1497225600000.0, ,Damaging landslide in Serchhip District,"Landslide following rains throughout Mizoram State kills one, damages 8 houses","Serchhip District, Mizoram, 796230",10km,landslide,rain,medium,natural_slope,1,0, , ,"Unsure if all damage due to single landslide event. Date approximated, article only says between 6/9 and 6/20/17",GLC, ,23.33501164,92.85410625,India,IN,Mizoram,Mizoram,6.14,1499731200000.0,1606348800000,92.8541062500001,23.335011638,2017-06-12 00:00:00+00:00,False,prox:46:185:5776
2425,DNA,http://www.dnaindia.com/india/report-all-schools-in-dima-haso-district-closed-due-to-bad-weather-2381478,10979,1491264000000.0, ,Landslide in Phaiding,"The rains also caused landslide and landslip in several places in Dima Hasao district headquarters of Haflong and many other places like Harangajao, N Leikul, Mahur and Phaiding for the past couple of days, according to Dima Hasao district administration","Phaiding, Assam, India",1km,landslide,rain,small,above_road,0,0, , , ,GLC, ,25.195355,93.172758,India,IN,Assam,Mahur,5.64,1501804800000.0,1606348800000,93.172758,25.1953550000001,2017-04-04 00:00:00+00:00,False,prox:50:186:5753
2442,The Hindu,http://www.thehindu.com/news/cities/Coimbatore/Heavy-rain-triggers-landslips-in-Nilgiris/article16643579.ece,10725,1479254400000.0, ,Landslide at Mettupalayam,A landslip along the Nilgiri Mountain Railway (NMR) route between Mettupalayam and Hillgrove station led to services being delayed by three hours.  But the route was quickly cleared and services resumed by afternoon.,"Mettupalayam, Tamil Nadu, India",1km,landslide,rain,small, ,0,0, , , ,GLC, ,11.28965,76.94171,India,IN,Tamil Nadu,Mettupalaiyam,1.27,1499817600000.0,1606348800000,76.9417100000001,11.2896500000001,2016-11-16 00:00:00+00:00,False,prox:22:153:5707
2444,The Tribune,http://www.tribuneindia.com/news/uttarakhand/4-killed-in-mishaps/435142.html,10866,1499731200000.0, ,Fatal landslide in Bangpani,"Landslide triggered by heavy rains crushes tent, kills occupant.","Bangpani (??), Pithoragarh, Uttarakhand",50km,landslide,continuous_rain,small,unknown,1,0, , , ,GLC, ,29.83416882,80.26894533,India,IN,Uttaranchal,Tham,10.22,1499817600000.0,1606348800000,80.2689453290001,29.8341688240001,2017-07-11 00:00:00+00:00,False,prox:59:160:5786
2464,Arunachal Times,http://www.arunachaltimes.in/arunachal-devastated-by-landslides-and-floods-minor-dead/,11172,1499558400000.0,09:00,Landslide at Niti Vihar,"After heavy rains. Article: In Itanagar, a massive landslide occurred this morning [7/9/17]at upper Niti Vihar junction washing away Police waiting shed and buried a dwelling house and damaged two cars.","Niti Vihar, Itanagar, Arunachal Pradesh, India",5km,landslide,continuous_rain,medium,natural_slope,0,0, ,http://www.arunachaltimes.in/wp-content/uploads/2017/07/0000-268x1024.jpg, ,GLC, ,27.0844941,93.60505989,India,IN,Arunachal Pradesh,Kaolakhat,50.62,1499644800000.0,1606348800000,93.605059886,27.0844940960001,2017-07-09 00:00:00+00:00,False,prox:54:187:5785
2466,The Echo of India,http://echoofindia.com/campbell-bay-heavy-rains-trigger-landslides-uproot-trees-great-nicobar-122399,11043,1483660800000.0,unknown,Great Nicobar Landslides across the Island,"Incessant rain over the past few days has triggered landslides, inundated low-lying areas and uprooted trees in many parts of the Great Nicobar Islands. According to reports, landslides have occurred in many area block traffic and causing loss to propert","Great Nicobar, Andaman & Nicobar Islands",25km,landslide,continuous_rain,large,natural_slope,0,0, , ,No specific part of the island mentioned,GLC, ,7.04436114,93.79758632,India,IN,Andaman and Nicobar Islands,Campbell Bay,19.63,1510099200000.0,1606348800000,93.7975863170001,7.04436113800006,2017-01-06 00:00:00+00:00,False,prox:14:187:5724
2469,Hindustan Times,http://www.hindustantimes.com/india-news/sinking-sliding-land-in-budgam-triggers-migration/article1-1332899.aspx,10990,1427673600000.0, ,Karewas sink,Hundreds of families in these tehsils have shifted to safer locations following sinking and caving-in of karewas (terraced high lands with deep gorges and ravines).,Charar-Sharief,10km,landslide,continuous_rain,medium,unknown,0,0, , , ,GLC, ,33.85483981,74.76317443,India,IN,Jammu and Kashmir,Kasba,8.54,1432684800000.0,1606348800000,74.7631744340001,33.854839806,2015-03-30 00:00:00+00:00,False,prox:67:149:5508
2470,Dailyhunt,http://m.dailyhunt.in/news/india/english/u4uvoice-epaper-uvoice/landslide+at+jammu+srinagar+national+highway-newsid-66520969,10850,1492300800000.0, ,Multiple rockfalls along Batote-Doda Road,Rockfalls along road force its complete closure in both directions,"Batote-Doda Road, Doda, Jammu & Kashmir, India",10km,rock_fall,rain,small,above_road,0,0, , , ,GLC, ,33.1292173,75.44618906,India,IN,Jammu and Kashmir,Doda,9.65,1501200000000.0,1606348800000,75.4461890610001,33.129217302,2017-04-16 00:00:00+00:00,True,prox:66:150:5757
2504,Echo of Arunachal,http://echoofarunachal.in/newecho/2017/05/16/one-dies-in-landslide/,11175,1493769600000.0, ,Fatal landslide in Yangte,"Landslide kills one in Yangte village. Article very sparse on information, presumably rainfall triggered due to the contemporaneous flooding in Arunachal.","Yangte, Kra Daadi District, Arunachal Pradesh, India",1km,landslide,rain,medium,unknown,1,0, , , ,GLC, ,27.82743132,93.62407259,India,IN,Arunachal Pradesh,Iyaba,0.97,1499817600000.0,1606348800000,93.6240725870001,27.827431318,2017-05-03 00:00:00+00:00,False,prox:55:187:5763
2520,Arunachal Times,http://www.arunachaltimes.in/arunachal-devastated-by-landslides-and-floods-minor-dead/,11167,1499558400000.0, ,Landslide on road near Durga Mandir,"Landslide on Nirjuli to Banderdewa road obstructs said road, after heavy rains","Naharlagun Sub-District, Papum Pare, Arunachal Pradesh",10km,landslide,continuous_rain,small,above_road,0,0, , , ,GLC, ,27.11610665,93.79559574,India,IN,Arunachal Pradesh,North Lakhimpur,33.64,1499644800000.0,1606348800000,93.795595743,27.116106647,2017-07-09 00:00:00+00:00,False,prox:54:187:5785
2525,Hindustan Times,http://www.hindustantimes.com/india-news/14-people-feared-dead-in-massive-landslide-in-arunachal-pradesh/story-I1ogsSk2zfyvXm2wGlmjWP.html,11168,1499731200000.0,16:00,Large landslide at Laptap village,"Landslide after incessant rains buries 3 dwellings, kills 14","Laptap, Papum Pare, Arunachal Pradesh, India",exact,landslide,continuous_rain,large,natural_slope,14,0, ,http://www.hindustantimes.com/rf/image_size_960x540/HT/p2/2017/07/11/Pictures/_cb57521a-663f-11e7-99b4-5703255acffe.jpg, ,GLC, ,27.20938411,93.61539279,India,IN,Arunachal Pradesh,Dafla Hills,46.87,1499731200000.0,1606348800000,93.6153927880001,27.2093841080001,2017-07-11 00:00:00+00:00,False,prox:54:187:5786
2528,Early Times,http://www.earlytimes.in/newsdet.aspx?q=200507,10819,1491955200000.0,06:00,Fatal rockfal at Samroli,"Rock from rockfall hits moving vehicle, kills driver","Samroli, Udhampur Sub-District, Udhampur, Jammu & Kashmir, India",1km,rock_fall,rain,small,above_road,1,0, , , ,GLC, ,32.99132221,75.19427899,India,IN,Jammu and Kashmir,Udhampur,9.97,1501200000000.0,1606348800000,75.194278991,32.9913222070001,2017-04-12 00:00:00+00:00,False,prox:65:150:5756
2531,Dailyhunt,http://m.dailyhunt.in/news/india/english/u4uvoice-epaper-uvoice/landslide+at+jammu+srinagar+national+highway-newsid-66520969,10838,1492214400000.0,15:00,Landslide blocks road at Drabshalla,"Landslide blocks road in both directions, area had experienced similar landslides around a week earlier","Drabshalla, Lass, Jammu & Kashmir, India",1km,landslide,rain,medium,above_road,0,0, , , ,GLC, ,33.17598419,75.81088889,India,IN,Jammu and Kashmir,Shandero,4.63,1501200000000.0,1606348800000,75.8108888890001,33.175984192,2017-04-15 00:00:00+00:00,False,prox:66:151:5757
2540,Greater Kashmir,http://www.greaterkashmir.com/news/pir-panjal/story/242192.html,10843,1487980800000.0,05:00,"Batote-Doda-Kishtwar Highway Closed Due to Landslides, Shooting Stones",The 110-km Kishtwar-Doda-Batote highway was closed for vehicular traffic on Saturday after landslides and shooting stones hit the road near Drabshalla of Kishtwar district. A police official said that landslides hit the highway at around 5:30 am.,"NH-1B, Kishtwar, Jammu & Kashmir, 182204",5km,rock_fall,rain,medium,above_road,0,0, ,http://www.greaterkashmir.com/cms/gall_content/2017/2/2017_2$largeimg225_Feb_2017_113700273.jpg, ,GLC, ,33.17580726,75.81055668,India,IN,Jammu and Kashmir,Shandero,4.63,1507852800000.0,1606348800000,75.8105566790001,33.1758072600001,2017-02-25 00:00:00+00:00,False,prox:66:151:5740
2544,Zoram Observer,https://www.zoramobserver.com/mizoram/landslides-cut-off-various-parts-of-mizoram-as-rain-continues/,10962,1497657600000.0, ,Landslide damages Aizawl-Champhai Road,Road between Kawlkulh and Keifang cut off after landslide triggered by incessant rains (lasting weeks),"Aizawl-Champhai road, Champhai, Mizoram State, India",5km,landslide,continuous_rain,small,above_road,0,0, ,https://i1.wp.com/www.zoramobserver.com/wp-content/uploads/2017/06/MIZORAM-ROAD-2017.jpg?w=480&ssl=1, ,GLC, ,23.65637182,93.02746602,India,IN,Mizoram,Tuivaw,2.64,1499385600000.0,1606348800000,93.027466019,23.6563718200001,2017-06-17 00:00:00+00:00,False,prox:47:186:5778
2567,Dailyhunt,http://m.dailyhunt.in/news/india/english/u4uvoice-epaper-uvoice/landslide+at+jammu+srinagar+national+highway-newsid-66520969,10847,1492300800000.0, ,Multiple rockfalls along Batote-Doda Road,Rockfalls along road force its complete closure in both directions,"Batote-Doda Road, Doda, Jammu & Kashmir, India",10km,rock_fall,rain,small,above_road,0,0, , , ,GLC, ,33.1292173,75.44618906,India,IN,Jammu and Kashmir,Doda,9.65,1501200000000.0,1606348800000,75.4461890610001,33.129217302,2017-04-16 00:00:00+00:00,True,prox:66:150:5757
2569,Kashmir Times,http://www.kashmirtimes.in/newsdet.aspx?q=66007,10937,1492473600000.0, ,Landslide injures five in Macchil,"Landslide injures five people, all rescued","Macchil (??), Kupwara, Jammu & Kashmir, India",5km,landslide,rain,medium,unknown,0,5, , ,Article is a stub,GLC, ,34.58916028,74.24641226,India,IN,Jammu and Kashmir,Nutnus,14.72,1501113600000.0,1606348800000,74.2464122580001,34.589160276,2017-04-18 00:00:00+00:00,False,prox:69:148:5758
2577,The Echo of India,http://echoofindia.com/guwahati-landslide-kills-2-labourers-guwahati-3-die-lightning-strikes-across-assam-125768,10974,1491350400000.0, ,Fatal landslide in Bonda,Two killed in Bonda neighborhood of Guwahati by landslide triggered by incessant rainfall. Article: The landslide triggered by heavy rainfall since one week here caused a huge chunk of earth to come down the hill and fall on the two labourers engaged by,"Bonda, Guwahati, Assam, India",5km,landslide,continuous_rain,medium,urban,2,0, , , ,GLC, ,26.16066111,91.85294885,India,IN,Assam,Pomahi,7.69,1501718400000.0,1606348800000,91.852948853,26.160661109,2017-04-05 00:00:00+00:00,False,prox:52:183:5753
2609,The Hindu,http://www.thehindu.com/news/cities/Coimbatore/Heavy-rain-triggers-landslips-in-Nilgiris/article16643579.ece,10726,1479254400000.0, ,Landslide near Katteri Park,A tree fell on the road near Katteri Park due to landslide and was cleared early in the morning.,"Katteri Park, Tamil Nadu, India",exact,landslide,rain,small, ,0,0, , , ,GLC, ,11.329547,76.801586,India,IN,Tamil Nadu,Coonoor,2.2,1499817600000.0,1606348800000,76.801586,11.329547,2016-11-16 00:00:00+00:00,False,prox:22:153:5707
2610,The Arunachal Times,http://www.arunachaltimes.in/six-killed-in-meghalaya-landslides/,10985,1497657600000.0, ,Fatal landslide in Mawjrong,"Landslide after incessant rains kills boy, parents injured","Khatarshnong Laitkroh, East Khasi Hills, Meghalaya",1km,landslide,continuous_rain,medium,natural_slope,1,2, , , ,GLC, ,25.43807422,91.79904872,India,IN,Meghalaya,Rangshken,4.82,1499644800000.0,1606348800000,91.7990487160001,25.4380742230001,2017-06-17 00:00:00+00:00,False,prox:50:183:5778
2611,Chandigarh Metro,https://chandigarhmetro.com/yes-landslide-chandigarh-shimla-highway-horryfying-pictures/,10859,1485388800000.0,unknown,Chandigarh-Shimla Highway Landslide Crushes Car near Jabli,"A resident of Una was travelling in his car to Chandigarh with his wife and a 2 year old child on Thursday. On the way, near Jabli in Chandigarh-Shimla highway suddenly a huge rock came down the mountains and hit the car so hard that it got crushed badly","NH-22, Kasauli Sub-District, Solan, Himachal Pradesh, 173209",1km,rock_fall,downpour,small,above_road,0,3, ,https://i1.wp.com/chandigarhmetro.com/wp-content/uploads/2017/01/landslide-chandigarh-shimla-2017.jpg?w=600&ssl=1, ,GLC, ,30.8754355,77.00009329,India,IN,Himachal Pradesh,Kalka,7.48,1508976000000.0,1606348800000,77.000093291,30.8754355020001,2017-01-26 00:00:00+00:00,False,prox:61:154:5730
2623,The Northeast Today,https://thenortheasttoday.com/manipur-vehicles-stranded-as-storm-causes-landslide-along-imphal-jiribam-nh/,11332,1525910400000.0,11:00,Noney landslide along Imphal-Jiribam National Highway-37,"A landslide occurred in Makru area in Noney district, causing the land beneath the Imphal-Jiribam National Highway-37 to slide. Incessant rains triggered the landslide.","NH-37, Tamenglong, Manipur, 795147",5km,translational_slide,continuous_rain,medium,below_road,0,0, ,https://static.thenortheasttoday.com/wp-content/uploads/2018/05/landslide.jpg,Could not find Makru area. Area pinpointed is Noney district.,GLC, ,24.86388954,93.62191829,India,IN,Manipur,Sempang,19.37,1525996800000.0,1606348800000,93.621918292,24.863889542,2018-05-10 00:00:00+00:00,False,prox:49:187:5887
2628,Kashmir Reader,https://kashmirreader.com/2018/05/09/girl-buried-alive-in-rajouri-landslide/,11327,1525824000000.0, ,Rajouri landslide buries girl,"A girl was buried alive after a landslide triggered by rains hit Rajouri district, police said today. Noreen Begum was working near a mountainous area when the landslide buried her alive yesterday.","Rajouri district, Jammu and Kashmir, India",10km,landslide,rain,small,unknown,1,0, , , ,GLC, ,33.37067,74.319656,India,IN,Jammu and Kashmir,Rajaori,0.96,1525996800000.0,1606348800000,74.3196560000001,33.3706700000001,2018-05-09 00:00:00+00:00,False,prox:66:148:5886
2638,The New Indian Express,http://www.newindianexpress.com/nation/2018/may/08/snowfall-landslide-disrupt-yatra-to-kedarnath-badrinath-shrines-for-hours-1812015.html,11317,1525737600000.0, ,Lambagad Rubble Disrupts Pilgrimage,"Pilgrims travling to Uttarakhand's Kedarnath shrine were blocked by a landslide. Rubble from a landslide triggered by rains at Lambagad about 15 km from Badrinath kept the highway enroute the shrine blocked till 4 pm, with vehicles carrying pilgrims stra","Lambagad (लम्बगद), Uttarakhand, 246443 India",1km,rock_fall,rain,medium,above_road,0,0, , , ,GLC, ,30.65160517,79.52008976,India,IN,Uttaranchal,Saraswati,10.14,1525996800000.0,1606348800000,79.5200897570001,30.6516051730001,2018-05-08 00:00:00+00:00,False,prox:61:159:5886
2732,Hindustan Times,http://www.hindustantimes.com/india-news/manipur-heavy-rains-trigger-landslides-along-national-highways/story-84kUb5i3oGENZmSEVhJ3eO.html,11159,1499558400000.0, ,Landslide on NH-2 between Sinam and Laijang,"Landslide on NH-2 near Kohima, following continuous rain. Around 60 feet of the national highway 37 between Sinam and Laijang villages in the Imphal-Jiribam sector, about 35 km from Imphal, broke off on Sunday morning, officials said.","Jakhama, Kohima, Nagaland",10km,landslide,continuous_rain,small,above_road,0,0, ,http://www.hindustantimes.com/rf/image_size_960x540/HT/p2/2017/07/09/Pictures/_7532de6e-64a9-11e7-8e9a-26934b659213.jpg,"Date is approximate, article does not give specific date (corroborated with other landslides in close proximity and chronology).",GLC, ,25.6320357,94.10065403,India,IN,Nagaland,Sochumei,21.88,1499644800000.0,1606348800000,94.1006540260001,25.6320356960001,2017-07-09 00:00:00+00:00,False,prox:51:188:5785
2740,Arunachal Times,http://www.arunachaltimes.in/arunachal-devastated-by-landslides-and-floods-minor-dead/,11165,1499558400000.0, ,"Landslide near Civil Secretariat, Itanagar","Landslide blocks road near Civil Secretariat, easily cleared. Following heavy rains throughout Arunachal Pradesh.","Civil Secretariat, Itanagar, Arunachal Pradesh, India",exact,landslide,continuous_rain,small,above_road,0,0, , , ,GLC, ,27.092916,93.61882043,India,IN,Arunachal Pradesh,North Lakhimpur,50.92,1499644800000.0,1606348800000,93.6188204270001,27.092916003,2017-07-09 00:00:00+00:00,False,prox:54:187:5785
2741,DNA,http://www.dnaindia.com/india/report-all-schools-in-dima-haso-district-closed-due-to-bad-weather-2381478,10978,1491264000000.0, ,Landslide in N. Leikul,"The rains also caused landslide and landslip in several places in Dima Hasao district headquarters of Haflong and many other places like Harangajao, N Leikul, Mahur and Phaiding for the past couple of days, according to Dima Hasao district administration","N. Leikul, Assam, India",1km,landslide,rain,small,above_road,0,0, , , ,GLC, ,25.132228,93.04681,India,IN,Assam,Mahur,8.86,1501804800000.0,1606348800000,93.0468100000001,25.1322280000001,2017-04-04 00:00:00+00:00,False,prox:50:186:5753
2746,The Indian Express,http://indianexpress.com/article/india/jammu-srinagar-national-highway-closed-following-landslides-4563902/,10834,1489104000000.0,unknown,Jammu-Srinagar Multiple Landslides between Ramban and Banihal,"Over 5,000 people were stranded at various places on Friday as the Jammu-Srinagar national highway was closed for the last three days following landslides triggered by inclement weather. The 300 kms long road connecting state’s twin capital cities of J","Jammu-Srinagar National Highway, between Ramban and Banihal",10km,landslide,rain,unknown,above_road,0,0, , , ,GLC, ,33.370552,75.193916,India,IN,Jammu and Kashmir,Gund,7.06,1507161600000.0,1606348800000,75.1939160000001,33.370552,2017-03-10 00:00:00+00:00,False,prox:66:150:5745
2758,Greater Kashmir,http://www.greaterkashmir.com/news/kashmir/kashmir-highway-closed-due-to-landslides/245940.html,10852,1491609600000.0, ,Landslide blocks NH-44 at Panthiyal,Landslide on road at Panthiyal following continuous rains lasting several days,"Jammu Udhampur Road, Udhampur Sub-District, Udhampur, Jammu & Kashmir, 182121",5km,landslide,continuous_rain,small,above_road,0,0, ,http://www.greaterkashmir.com/cms/gall_content/2017/4/2017_4$largeimg208_Apr_2017_101534033.jpg, ,GLC, ,32.95544044,74.9648329,India,IN,Jammu and Kashmir,Udhampur,16.06,1501804800000.0,1606348800000,74.9648329010001,32.9554404400001,2017-04-08 00:00:00+00:00,False,prox:65:149:5754
2767,Hindustan Times,http://www.hindustantimes.com/india-news/12-dead-in-mizoram-landslides-flood-in-9-days/story-kgRi9Vr3dRit9uVIAOGMQK.html,10957,1496966400000.0, ,Landslides throuhgout Lunglei District,"Landslides + flash floods after heavy rain hit throughout Lunglei District, Tlabung town hard hit. Death toll is 10, article does not specify specific landslide deaths. Article: Altogether 165 buildings were destroyed and 299 houses damaged by landslide,","Tlabung, Lungsen, Lunglei, Mizoram",100km,landslide,rain,medium,unknown,10,0, , ,"Area of Tlabung is known, but confidence radius is 100km to encompass all of Lunglei District, which article said had various landslides. Date approximate, article says ""since June 9 [2017]""",GLC, ,22.90813548,92.47207294,India,IN,Mizoram,Hruizam,14.42,1499731200000.0,1606348800000,92.4720729430001,22.9081354800001,2017-06-09 00:00:00+00:00,False,prox:45:184:5775
2796,Nagaland Post,http://www.nagalandpost.com/ChannelNews/Regional/RegionalNews.aspx?news=TkVXUzEwMDExMjEyMg%3D%3D,11150,1490832000000.0,unknown,NH-37 Landslide in the Tamenglong District,"Heavy overnight rainfall and hailstone caused a landslide on NH-37 in the Tamenglong district, between T. Laijang and K.Sinam villages. It blocked heavy vehicles on the road, but light vehicles could drive around the affected area.","NH-37, between T. Laijang and K. Sinam villages, Tamenglong district, Manipur, 795008",10km,landslide,downpour,small,above_road,0,0, , ,Landslide occurred sometime in the early morning.,GLC, ,24.79591421,93.72386429,India,IN,Manipur,Oinnam,15.0,1505260800000.0,1606348800000,93.7238642930001,24.7959142060001,2017-03-30 00:00:00+00:00,False,prox:49:187:5751
2818,NorthEast India24,http://www.northeastindia24.com/mizoram-21-killed-in-land-slide-road-accident/,11530,1528156800000.0,18:00,Lunglawn Semi-pucca Building Mudslide,"A mudslide triggered by heavy rains swept away a two-storied semi-pucca building, killing ten persons, including two children, at Lunglawn in Lunglei town of south Mizoram around 6 pm yesterday. Continuous rainfall occurred throughout the night. The owne","Lunglawn, Lunglei town, Mizoram, India",1km,mudslide,continuous_rain,medium,unknown,10,0, ,http://www.northeastindia24.com/wp-content/uploads/2018/06/land-slide-in-mizoram.jpg, ,GLC, ,22.87370331,92.7581259,India,IN,Mizoram,Mizo Hills,16.36,1528243200000.0,1606348800000,92.7581259040001,22.8737033130001,2018-06-05 00:00:00+00:00,False,prox:45:185:5895
3586,The Times Of India,https://timesofindia.indiatimes.com/city/kozhikode/seven-dead-in-kerala-landslide-many-villagers-missing/articleshow/64595401.cms,11548,1528934400000.0,03:00,Kattipara Landslide,"2 landslides happened in Karinchola mala, Kattipara Panchayat in Thamarassery in Kozhikode district. First landslide occured in the North side of Karinchola Mala at 3.30 am (local time). Second landslide occurred at other side of Kainchola Mala at 5.30 a","Kattippara, Kozhikode Sub-District, Kozhikode, Kerala",1km,landslide,continuous_rain,large,natural_slope,14,0, ,https://english.mathrubhumi.com/polopoly_fs/1.2891219.1529437941!/image/image.jpg_gen/derivatives/landscape_728_450/image.jpg, ,LRC, ,11.46851,75.9434,India,IN,Kerala,Meppadi,24.11,1533254400000.0,1606348800000,75.9434000000001,11.46851,2018-06-14 00:00:00+00:00,False,prox:22:151:5898
3618,Times of India,https://timesofindia.indiatimes.com/city/dehradun/trees-uprooted-by-storm-rain-lead-to-traffic-jams-waterlogging-across-city/articleshow/64419666.cms,11513,1527811200000.0, ,Uttarkashi-Lambgaun-Kedarnath Route Landslide near Kuteti Devi,"The Uttarkashi-Lambgaun-Kedarnath route was blocked near Kuteti Devi temple after a heavy landslide. It was reopened in a few hours. A strong thunderstorm has hit the area on Friday, causing the landslide.","SH-15, Bhatwari, Uttarkashi, Uttarakhand, 249193",1km,landslide,downpour,small,above_road,0,0, , , ,GLC, ,30.72203108,78.44517325,India,IN,Uttaranchal,Uttarkashi,1.31,1527897600000.0,1606348800000,78.445173249,30.7220310800001,2018-06-01 00:00:00+00:00,False,prox:61:156:5894
3629,The Times of India,https://timesofindia.indiatimes.com/city/agartala/tripura-landslides-trigerred-by-rain-claim-two-more-lives/articleshow/64255441.cms,11502,1526774400000.0, ,Dhanlekha Kaipengpara Landslide Collapses House,"Heavy rain triggered a landslide that caused the mud walls of a house in Dhanlekha Kaipeng to collapse inwards, killing the resident inside. The resident was sleeping at the time and an iron beam fell on her. Her parents were seriously injured.","Dhanlekha Kaipeng, Gomati district, Tripura, India",1km,landslide,downpour,medium, ,1,2, , , ,GLC, ,23.71701896,91.61577214,India,IN,Tripura,Metharaipara,17.21,1527638400000.0,1606348800000,91.6157721370001,23.717018959,2018-05-20 00:00:00+00:00,False,prox:47:183:5890
3630,The Times of India,https://timesofindia.indiatimes.com/city/agartala/tripura-landslides-trigerred-by-rain-claim-two-more-lives/articleshow/64255441.cms,11501,1526774400000.0, ,Champabari Landslide Collapses House,A resident of Champabari in Jirania of West Tripura district was killed and her husband injured when their house collapsed. The landslide occurred after heavy rains.,"Champabari, Jirania, Tripura, India",5km,landslide,downpour,medium, ,1,1, , , ,GLC, ,23.79260297,91.53090192,India,IN,Tripura,Tripura,24.4,1527638400000.0,1606348800000,91.5309019210001,23.792602974,2018-05-20 00:00:00+00:00,False,prox:47:183:5890
3634,NewsKarnataka,https://www.newskarnataka.com/mangalore/woman-buried-alive-as-retaining-wall-collapses-due-to-heavy-rain,11497,1527552000000.0, ,Udaynagar Retaining Wall Landslide,"In a tragic incident, a 55-year-old woman was buried alive as a retaining wall caved in at Udaynagar near KPT here on May 29.  The woman was working in the kitchen at her brother's house near to her own residence. Due the torrential rains, the retaining","Udaynagar near KPT, Mangalore City, Karnataka, India",5km,landslide,downpour,small,retaining_wall,1,0, ,https://www.newskarnataka.com/storage/photos/shares/2018MAY/WOman_dies_rain.jpg, ,GLC, ,12.89375619,74.85580684,India,IN,Karnataka,Mangalore,3.07,1527552000000.0,1606348800000,74.855806838,12.8937561920001,2018-05-29 00:00:00+00:00,False,prox:25:149:5893
3655,The Times of India,https://timesofindia.indiatimes.com/city/jammu/situation-worsens-for-tourists-in-jk/articleshow/64409267.cms?,11484,1527552000000.0, ,Kargu-Srinagar road Landslide in Drass,A landslide occurred on Kargil-Srinagar Road. It worsened on May 31/June 1. Around 5000 tourists passing through were stuck for the night. There are boulders and other debris on the road.,"NH-1, Kargil, Jammu & Kashmir, 194102",1km,landslide,rain,medium,above_road,0,0, , , ,GLC, ,34.43134194,75.74123394,India,IN,Jammu and Kashmir,Dras,2.78,1527897600000.0,1606348800000,75.741233944,34.431341936,2018-05-29 00:00:00+00:00,False,prox:68:151:5893
3656,Kashmir Patriot,http://kashmirpatriot.com/2018/05/30/sonamarg-drass-road-remain-suspended-due-to-rock-slides/,11483,1527638400000.0, ,Rockslide on Sonamarg-Drass stretch Buries Truck,"For the second consecutive day on Wednesday, traffic movement continued to remain suspended on Sonamarg-Drass stretch of Srinagar-Leh highway due to landslides.  Meanwhile an official said a truck, bearing registration number JK 13B- 4755, traveling from","NH-1, Kargil, Jammu & Kashmir, 194102",25km,rock_fall,rain,small,above_road,0,0, ,http://kashmirpatriot.com/wp-content/uploads/2018/05/33990849_10213003069891305_227171888416161792_n.jpg, ,GLC, ,34.30925879,75.53528588,India,IN,Jammu and Kashmir,Matayan,9.18,1527811200000.0,1606348800000,75.5352858750001,34.3092587940001,2018-05-30 00:00:00+00:00,False,prox:68:151:5893
3680,Imphal Free Press,https://www.ifp.co.in/page/items/49621/landslide-destroys-house/,11459,1527984000000.0,01:00,Namlalong Tamenglong Ward No.2 Landslide Destroys House,"In a landslide that occurred around 1 am today morning, a house at Namlalong Tamenglong Ward No. 2 was partially destroyed and the occupants had a narrow escape. The children were thrown out from their bed by the force of landslide while they were sleepi","Namlalong Ward No. 2, Tamenglong, Manipur",1km,landslide,rain,medium,deforested_slope,0,2, ,https://www.ifp.co.in/assets/images/cdab343358e2182725ff67af6ccdd643.jpg, ,GLC, ,24.98793655,93.49870413,India,IN,Manipur,Brail Range,9.39,1528070400000.0,1606348800000,93.498704128,24.9879365510001,2018-06-03 00:00:00+00:00,False,prox:49:186:5895
3690,The Times of India,https://timesofindia.indiatimes.com/city/salem/houses-damaged-in-landslide-triggered-by-rain/articleshow/64336787.cms,11449,1527379200000.0, ,Kariaperumal Karadu Minor Landslide to Houses,"Two families had a narrow escape after a boulder fell on their houses following a minor landslide at Kariaperumal Karadu area, a small hillock at Nethimedu here on the early hours of Saturday due to heavy rainfall. No one was injured in the incident, con","Kariyaperumal Karadu, Nethimedu, Salem, Tamil Nadu",1km,rock_fall,downpour,small,deforested_slope,0,0, , , ,GLC, ,11.64235289,78.13176899,India,IN,Tamil Nadu,Salem,3.28,1527552000000.0,1606348800000,78.131768987,11.6423528870001,2018-05-27 00:00:00+00:00,False,prox:23:156:5892
3696,The Northeast Today,https://thenortheasttoday.com/sikkim-45-road-closure-due-to-landslide-in-pakyong-subdivision/,11443,1527292800000.0, ,Pakyong Subdivision Landslides cause 45 Road Blockages,Road connectivity in Pakyong and nearby areas were disrupted due to slush and landslide during heavy downpour of Saturday night. The road from Pakyong to Dikling and Rorathang was cut-off near Bhanuturning due to slush and rainwater coming above from the,"Road from Pakyong to Dikling and Rorathang, Pakyong, Sikkim, India",1km,mudslide,downpour,medium,below_road,0,0, ,https://static.thenortheasttoday.com/wp-content/uploads/2018/05/Assam_-Cold-war-between-BJP-disrupting-development-says-Gogoi-4-701x389.png, ,GLC, ,27.23279809,88.59292517,India,IN,Sikkim,Tista,18.71,1527552000000.0,1606348800000,88.592925172,27.232798089,2018-05-26 00:00:00+00:00,False,prox:54:177:5892
3734,Nagaland Post,http://www.nagalandpost.com/ChannelNews/Regional/RegionalNews.aspx?news=TkVXUzEwMDEzMjc3NQ%3D%3D,11405,1526083200000.0,unknown,Chessore Area Landslide,"Chessore Area Public Forums (CAPF) on Saturday informed that due to the recent incessant rainfall, Chessore area witnessed major landslide, cutting off all road connectivity from Chessore via Tuensang (Helipong road), Shamator and Chessore via Aghunato.","Chessore, Tuensang, Nagaland",1km,landslide,continuous_rain,medium,above_road,0,0, ,https://static.thenortheasttoday.com/wp-content/uploads/2018/05/naga-1.jpeg-701x389.jpg, ,GLC, ,26.07821691,94.72071068,India,IN,Nagaland,Shipungrr,7.79,1527120000000.0,1606348800000,94.7207106750001,26.0782169070001,2018-05-12 00:00:00+00:00,False,prox:52:189:5887
3736,The Morung Express,http://morungexpress.com/4-bodies-recovered-from-mizoram-landslide/,11403,1526083200000.0,07:00,Mizoram Landslide near Zemabawk,"A landslide occurred at a stone quarry at 7:30am. The massive landslide killed four people, two minor girls and two others, who were working at the quarry. The landslide happened after incessant rains over the past few days. There have been reports sayin","near Zemabawk, Aizawl, Mizoram, 796017",1km,landslide,continuous_rain,medium,mine,4,0, ,http://morungexpress.com/wp-content/uploads/2018/05/lANDSLIDE2-701x526.jpg, ,GLC, ,23.73672831,92.7516868,India,IN,Mizoram,Aizwal,5.74,1527120000000.0,1606348800000,92.7516867950001,23.736728309,2018-05-12 00:00:00+00:00,False,prox:47:185:5887
3745,Millennium Post,http://www.millenniumpost.in/kolkata/darjeeling-kalimpong-witness-series-of-landslides-1-killed-299591,11394,1526256000000.0, ,Landslide in Tung Damages Houses,"In Kurseon subdivision, two houses were damaged in Tung. One house was located in Gairigaon, Tung. Kurseon recorded 164 mm of rain in the past 24 hours.","Gairigaon, Kurseong, Darjiling, West Bengal, 734224",1km,landslide,rain,medium,natural_slope,0,0, , , ,GLC, ,26.9310409,88.29964797,India,IN,West Bengal,Kurseong,5.6,1527033600000.0,1606348800000,88.299647968,26.931040902,2018-05-14 00:00:00+00:00,False,prox:53:176:5888
3770,Northeast Now,https://nenow.in/north-east-news/incessant-rain-triggers-landslides-in-tripura-4-killed.html,11357,1526601600000.0, ,Kambhukcherra and Belfungpara village landslides,"Incessant rains triggered two separate landslide incidents in neighboring villages. The first landslide hapened in Kambhukcherra village in West Tripura, killing 3 family members. In Belfungpara village, a second landslide killed one. All four are from t","Kambhukcherra and Belfunpara villages, West Tripura, Tripura",5km,landslide,continuous_rain,unknown,unknown,4,0, , , ,GLC, ,24.02515388,91.49747518,India,IN,Tripura,Khowai,12.53,1526601600000.0,1606348800000,91.4974751830001,24.0251538760001,2018-05-18 00:00:00+00:00,False,prox:48:182:5889
3782,The Telegraph,https://www.telegraphindia.com/states/west-bengal/landslide-isolates-kalimpong-villages-178722,11343,1508112000000.0,unknown,Landslide isolates Kalimpong villages,"The landslide at a place called Zero, hardly half-a-kilometre from the Nimbong market, had first occurred in June 2015 and reoccurred right at the start of the monsoon this year. The landslide, which remains active even today, has taken away almost a 400","Kalimpong-I Sub-District, Darjiling, West Bengal",5km,landslide,rain,medium,above_road,0,0, ,https://www.telegraphindia.com/media/images/2017/10/16/16nblslide_174318.jpg,"Location pinpointed is an exact landslide location, although it's unknown if it's from this event or not.",GLC, ,26.96904055,88.57106646,India,IN,West Bengal,Shaugaon,13.35,1526256000000.0,1606348800000,88.5710664630001,26.969040546,2017-10-16 00:00:00+00:00,False,prox:53:177:5818
3822,Arunachal Times,http://www.arunachaltimes.in/arunachal-devastated-by-landslides-and-floods-minor-dead/,11166,1499558400000.0, ,Landslides in Aalo,Heavy rains throuhgout Arunachal Pradesh cause multiple landslides in the Aalo neighborhood of Itanagar,"Aalo, Itanagar, Papum Pare, Arunachal Pradesh",5km,landslide,continuous_rain,small,urban,0,0, , ,Confidence radius should be 2-3 km,GLC, ,27.07671517,93.59755441,India,IN,Arunachal Pradesh,Kaolakhat,49.8,1499644800000.0,1606348800000,93.5975544090001,27.0767151740001,2017-07-09 00:00:00+00:00,False,prox:54:187:5785
3824,Greater Kashmir,http://www.greaterkashmir.com/news/chenab-valley/story/242033.html,10944,1487808000000.0,unknown,"Badran landslide, Landslides close peripheral roads in Kishtwar","In wake of three consecutive days of incessant rainfall, peripheral roads of Kishtwar including Kungwari, Badran, Patimhala are damaged following heavy landslides, reports said.","Badran, Kishtwar, Pattan, Baramula, Jammu & Kashmir",5km,landslide,continuous_rain,unknown,above_road,0,0, , , ,GLC, ,34.07756418,74.58081937,India,IN,Jammu and Kashmir,Palhalan,11.79,1507852800000.0,1606348800000,74.5808193730001,34.077564184,2017-02-23 00:00:00+00:00,False,prox:68:149:5740
3828,Kolkata 24x7,https://english.kolkata24x7.com/national-news/rock-slide-hits-car-in-hp-3-dead,10857,1487635200000.0,unknown,Shialkhar Village Rock Fall Hits Car in Kinnaur District,"Three persons were killed and two others were injured when a huge rock fell on the vehicle they were travelling in near Shalkhar village in Kinnaur district, 300 km from here late this evening, police said.","SH-30, Hangrang, Kinnaur, Himachal Pradesh, 172111",5km,rock_fall,rain,small,above_road,0,0, ,https://english.kolkata24x7.com/wp-content/uploads/2017/02/rock-hit-car.jpg, ,GLC, ,32.00653439,78.56989163,India,IN,Himachal Pradesh,Southeastern Zaskar Mountains,10.36,1508284800000.0,1606348800000,78.5698916270001,32.006534392,2017-02-21 00:00:00+00:00,False,prox:64:157:5739
3831,The Shillong Times,http://www.theshillongtimes.com/2017/07/07/landslide-blocks-nh-6-hundreds-stranded/,10986,1499299200000.0,19:00,Landslide on NH-6,Landslide following heavy rainfall blocks NH-6 near Umsawnongkhrai village,"Umsning, Ribhoi, Meghalaya State, India",1km,landslide,downpour,medium,above_road,0,0, ,http://www.theshillongtimes.com/wp-content/uploads/2017/07/IMG_20170706_170734-750x430.jpg, ,GLC, ,25.82860033,91.876717,India,IN,Meghalaya,Umran,6.62,1499385600000.0,1606348800000,91.8767169970001,25.8286003310001,2017-07-06 00:00:00+00:00,False,prox:51:183:5784
3848,Greater Kashmir,http://www.greaterkashmir.com/news/chenab-valley/story/239706.html,10831,1485388800000.0,unknown,"Nachlana, Jammu Srinagar Highway Cut Off by Landslides","All Tehsils including District Headquarter town Ramban remained cut off  with both capitals of the state as heavy rains and snow at Patnitop and Jawahar Tunnel and Banhal intensified on Tuesday, triggering landslides on Jammu Srinagar Highway between Nas","NH-1A, Nachlana, Banihal, Ramban, Jammu & Kashmir, 182145",1km,landslide,rain,unknown,above_road,0,0, , , ,GLC, ,33.36011691,75.17291044,India,IN,Jammu and Kashmir,Gund,8.57,1509408000000.0,1606348800000,75.1729104360001,33.3601169070001,2017-01-26 00:00:00+00:00,False,prox:66:150:5730
3852,Greater Kashmir,http://www.greaterkashmir.com/news/chenab-valley/story/239706.html,10829,1485388800000.0,unknown,"Seri, Multiple Landslides Block Jammu Srinagar Highway","All Tehsils including District Headquarter town Ramban remained cut off  with both capitals of the state as heavy rains and snow at Patnitop and Jawahar Tunnel and Banhal intensified on Tuesday, triggering landslides on Jammu Srinagar Highway between Nas","NH-1A, Seri, Banihal, Ramban, Jammu & Kashmir, 182148",5km,landslide,rain,medium,above_road,0,0, , , ,GLC, ,33.24788762,75.21401709,India,IN,Jammu and Kashmir,Chaunkri,18.78,1509408000000.0,1606348800000,75.2140170920001,33.2478876160001,2017-01-26 00:00:00+00:00,False,prox:66:150:5730
3983,Times of India,https://timesofindia.indiatimes.com/city/thiruvananthapuram/18-killed-in-landslides-and-heavy-rains-in-kerala/articleshow/65334807.cms,11578,1533859200000.0,unknown,Wayanad District Landslides in Kerala,Landslides killed people across parts of Kerala early today. One person was killed in the Wayanad district.,"Wayanad district, Kerala",25km,landslide,continuous_rain,very_large,natural_slope,1,0, ,https://images.news18.com/ibnlive/uploads/452x0/jpg/2018/08/Wayanad-District-Isolated-Due-to-Landslide-1.jpg,More photos at https://www.news18.com/photogallery/india/kerala-rains-wayanad-district-isolated-due-to-landslide-1842581.html,LRC, ,11.62513002,76.12122789,India,IN,Kerala,Meppadi,7.38,1534291200000.0,1606348800000,76.121227892,11.625130017,2018-08-10 00:00:00+00:00,False,prox:23:152:5917
3984,Times of India,https://www.google.co.in/amp/s/m.timesofindia.com/city/thiruvananthapuram/kerala-flood-landslide-claims-four-lives-in-teekkoy/amp_articleshow/65422386.cms,11577,1534291200000.0,22:00,Wagamon Road Landslide in Teekkoy,"Landslide claimed four lives and injured three in Vellikkulam along Wagamon road, after the landslide washed away their house. In another incident, one had gone missing in another landslide in Teekkoy panchayath of Poonjar constituency.","Wagamon Road, Vellikkulam, Teekoy, Erattupetta, Meenachil, Kottayam, Kerala",1km,landslide,monsoon,unknown,unknown,4,3, , ,Either above or below road,LRC, ,9.70019589,76.87130509,India,IN,Kerala,Kanjirapalli,17.62,1534377600000.0,1606348800000,76.8713050900001,9.70019589200006,2018-08-15 00:00:00+00:00,False,prox:19:153:5919
3985,"Mathrubhumi News and all other Major News media in Kerala, India",https://english.mathrubhumi.com/mobile/news/kerala/mudslide-kills-seven-in-malappuram-1.3063936,11576,1534291200000.0,00:00,Malappuram Landslides in Peringavu,"At 12am, nine members of a family were killed when a house collapsed in Peringavu. The landslide occurred when the family reached the house to take the pets to safety after heavy rains flooded the area, trapping the family in the house. In a separate inc","Peringave, Vazhayur, Ernad, Malappuram, Kerala",5km,mudslide,continuous_rain,small,natural_slope,12,2, , , ,LRC, ,11.19838929,75.89666866,India,IN,Kerala,Beypore,5.21,1534377600000.0,1606348800000,75.89666866,11.1983892860001,2018-08-15 00:00:00+00:00,False,prox:22:151:5919
3986,Mathrubhumi,https://english.mathrubhumi.com/news/kerala/kerala-floods-19-deaths-today-7-nenmara-landslide-1.3064155,11575,1534377600000.0,05:00,Nenmara Landslide Kills 7 during Kerala Floods,"Eight people were killed in a landslide in Cherumkattu, Nenmara, Palakkad, on Thursday early morning. Locals have been moved to a local school. The torrential rain has caused floods and landslides all over the state.","Cherumkattu, Nenmara, Palakkad, Kerala, 678508",1km,landslide,monsoon,medium,natural_slope,8,0, ,https://english.mathrubhumi.com/polopoly_fs/1.3064156.1534395766!/image/image.jpg_gen/derivatives/landscape_728_450/image.jpg, ,LRC, ,10.6012346,76.61007121,India,IN,Kerala,Kilakkottara,9.3,1534377600000.0,1606348800000,76.6100712050001,10.6012345950001,2018-08-16 00:00:00+00:00,False,prox:21:153:5919
3999,Nagaland Post,http://www.nagalandpost.com/ChannelNews/State/StateNews.aspx?news=TkVXUzEwMDExMjUzMQ%3D%3D,11154,1491523200000.0, ,Landslide blocks NH-29 between Pherima and Phiphema,Landslide on road between Pherima and Piphema. Article: The already loose uncompacted soils on slopes along the highway and the recent torrential rain in the state was one of the main reason for the landslide.  Another reason was that the ongoing four-la,"Medziphema, Dimapur, Nagaland",5km,landslide,rain,small,above_road,0,0, , , ,GLC, ,25.77171292,93.93507183,India,IN,Nagaland,Chashinya,19.23,1501804800000.0,1606348800000,93.9350718270001,25.7717129160001,2017-04-07 00:00:00+00:00,False,prox:51:187:5754
4037,Times of India,http://articles.timesofindia.indiatimes.com/2011-08-08/india/29863818_1_chandigarh-manali-manali-highway-landslides,3890,1312675200000.0, ,Manali highway near Shambal village,Landslides triggered by incessant rains in Mandi district of Himachal Pradesh blocked Pathankot-Mandi and Chandigarh-Manali national highways for many hours on Sunday.  A massive landslide in Gumma on Pathankot-Mandi national highway No 20 blocked the ro,Manali highway near Shambal village,5km,landslide,downpour,medium,above_road,0,0, , , ,GLC,3890,31.71456806,77.02239366,India,IN,Himachal Pradesh,Pandoh,6.31,1396310400000.0,1606348800000,77.0223936560001,31.714568064,2011-08-07 00:00:00+00:00,False,prox:63:154:5064
4048,Times of India,http://timesofindia.indiatimes.com/city/dehradun/Rains-trigger-landslides-on-Yamnotri-and-Gangotri-highways-traffic-disrupted/articleshow/48505014.cms,7308,1439596800000.0, ,Gagnani,"Roads were blocked at Silai bend and Paal village on Yamnotri highway, and Gagnani, Nalupani and Malla on Gangotri highway. All the spots are chronic landslide zones. The logjams caused vehicles to be stranded for a few hours on both the highways on Satu",Gagnani,5km,landslide,continuous_rain,medium,above_road,0,0, , , ,GLC,7308,30.9111,78.6814,India,IN,Uttaranchal,Purali,13.96,1450051200000.0,1606348800000,78.6814000000001,30.9111,2015-08-15 00:00:00+00:00,False,prox:61:157:5554
4059,english.ntdtv,http://english.ntdtv.com/ntdtv_en/ns_asia/2010-09-21/018730373390.html,2476,1284940800000.0, ,"NH-87 near Naintital, Uttarakhand","Nature continues to batter India's northern Uttarakhand state, where landslides have damaged road links near Nainital.  A major chunk of the national highway NH-87 caved in and slid into the valley below, blocking the route and causing big traffic jams.",200 meters of NH-87 collapsed,10km,landslide,downpour,medium,below_road,0,0, , , ,GLC,2476,29.3376357,79.48354487,India,IN,Uttaranchal,Nainital,7.67,1396310400000.0,1606348800000,79.4835448700001,29.3376356970001,2010-09-20 00:00:00+00:00,False,prox:58:158:4957
4061,Daji World,http://www.daijiworld.com/news/news_disp.asp?n_id=314023,7127,1429660800000.0,16:00,under the third and fourth Padil-Bajal under-bridge railway tracks,"It is learnt that when concrete slabs were being pushed below the tracks, mounds of mud fell from above. Overnight rains on Tuesday are being blamed for this situation.",under the third and fourth Padil-Bajal under-bridge railway tracks,1km,mudslide,downpour,small,above_road,0,0, , , ,GLC,7127,12.8659,74.8852,India,IN,Karnataka,Mangalore,4.59,1436400000000.0,1606348800000,74.8852000000001,12.8659000000001,2015-04-22 00:00:00+00:00,False,prox:25:149:5515
4064,theshillongtimes.com,http://theshillongtimes.com/2011/08/17/landslides-claim-six/,3927,1313452800000.0,08:00,"Garo Hills, Tura","torrential rains from seasonal monsoon, fatalities occurred when landslides buried houses, roads and bridges severely damaged, extensive damage to property and livestock","Garo Hills, Tura",unknown,landslide,downpour,medium,unknown,6,0, , , ,GLC,3927,25.5144,90.2167,India,IN,Meghalaya,Tura,1.52,1396310400000.0,1606348800000,90.2167000000001,25.5144,2011-08-16 00:00:00+00:00,False,prox:51:180:5067
4065,thaindian,http://www.thaindian.com/newsportal/enviornment/chandigarh-manali-highway-closed-after-landslides_100245308.html,1149,1252454400000.0,23:00,"Bilaspur and Mandi towns, Chandigarh-Manali National Highway-21, Himachal Pradesh","The Chandigarh-Manali highway has been closed at various places between Bilaspur and Mandi towns since Wednesday night due to landslides triggered by uninterrupted rain in the region for the past two days,","Bilaspur and Mandi towns, Chandigarh-Manali National Highway-21, Himachal Pradesh",5km,landslide,downpour,medium,unknown,0,0, , , ,GLC,1149,31.5494,76.9001,India,IN,Himachal Pradesh,Sundarngar,1.77,1396310400000.0,1606348800000,76.9001000000001,31.5494,2009-09-09 00:00:00+00:00,False,prox:63:153:4832
4080,The Statesman,http://www.thestatesman.com/news/northeast/landslides-snap-siliguri-gangtok-road-link/70121.html,6964,1434499200000.0, ,"National Highway 31A, Darjeeling Hills","Note: one article listed multiple landslides, unspecific. Following heavy rainfall in the Darjeeling hills, there were three landslides at three spots on National Highway 31A, considered the lifeline of Sikkim.","National Highway 31A, Darjeeling Hills",50km,landslide,downpour,small,unknown,0,0, , , ,GLC,6964,27.0087,88.443,India,IN,West Bengal,Kalimpong,8.03,1435190400000.0,1606348800000,88.443,27.0087,2015-06-17 00:00:00+00:00,False,prox:54:176:5534
4085,Times of India,http://timesofindia.indiatimes.com/city/mumbai/Heavy-rains-cause-landslide-in-suburban-Mumbai/articleshow/6241961.cms,2181,1280534400000.0,18:00,"Milimd Nagar slum, Ghatkopar area in suburban Mumbai","Heavy rains triggered a landslide  in Ghatkopar area in suburban Mumbai  on Saturday, civic officials said. According to the officials, the landslide, which occurred around 6.20 pm at Milimd Nagar slums, buried half a dozen shanties. ""However, no one has","Milimd Nagar slum, Ghatkopar area in suburban Mumbai",1km,landslide,downpour,medium,urban,0,0, , , ,GLC,2181,19.1287,72.8889,India,IN,Maharashtra,Bombay,5.01,1452038400000.0,1606348800000,72.8889,19.1287,2010-07-31 00:00:00+00:00,False,prox:38:145:4940
4097,allaboutbelgaum.com,http://allaboutbelgaum.com/lifestyle/travel/landslide-in-amboli/,2176,1280448000000.0,15:00,"Amboli, Belagum, 1.5 km from main waterfalls","There was a huge landslide in Amboli, about one and half kilometers from the main water falls yesterday afternoon. The locals fear of tourists being under the debris, however the officials on the spot have not categorically denied this fact. The army has","Amboli, Belagum, 1.5 km from main waterfalls",5km,landslide,rain,medium,unknown,0,0, , , ,GLC,2176,15.9517,73.9958,India,IN,Maharashtra,Savantvadi,20.18,1396310400000.0,1606348800000,73.9958,15.9517000000001,2010-07-30 00:00:00+00:00,False,prox:31:147:4940
4109,morungexpress,http://www.morungexpress.com/frontpage/53726.html,2247,1281744000000.0, ,"Tuensang-Shamatore(Sampurre) rd, Nagaland","People cross a portion of the landslide area, along the National Highway 39, below Kohima, on Saturday, August 21, 2010. The calamities which affect the National Highway 39 started from August 7 after continuous heavy rainfall in the hilly state of Nagal","Tuensang-Shamatore(Sampurre) rd, Nagaland",10km,landslide,downpour,medium,unknown,0,0, , , ,GLC,2247,26.148,94.8422,India,IN,Nagaland,Shipungrr,12.21,1396310400000.0,1606348800000,94.8422,26.148,2010-08-14 00:00:00+00:00,False,prox:52:189:4945
4137,Telegraph,http://www.telegraphindia.com/1100920/jsp/nation/story_12958037.jsp,2440,1284681600000.0, ,"Maletha village, near Badrinath","Hundreds of tourists from Bengal are feared stranded in Uttarakhand where heavy rain has triggered landslides and floods that have killed over 60 people in two days.  Banerjee said landslides stopped them thrice on the way to Hardwar. “Twice, we moved","Maletha village, near Badrinath",50km,landslide,downpour,very_large,unknown,0,0, , , ,GLC,2440,30.75402442,79.49970189,India,IN,Uttaranchal,Saraswati,1.4,1396310400000.0,1606348800000,79.4997018920001,30.754024422,2010-09-17 00:00:00+00:00,False,prox:61:158:4956
4138,www.nagalandpost.com,http://www.nagalandpost.com/ChannelNews/State/StateNews.aspx?news=TkVXUzEwMDA0MjY4Nw%3D%3D-bSp8jh3okxw%3D,5275,1375574400000.0, ,"Suruhuto Town, Nagaland","Incessant torrential rain, which began Sunday at around 11.30 p.m. has completely cut off Suruhuto town from the rest of the state. In a press release, NGZPMC joint secretary Hotoshe Sema said all three links connecting Zunheboto, Mokokchung and Tuensang","Suruhuto Town, Nagaland",10km,landslide,monsoon,medium,unknown,0,0, , , ,GLC,5275,26.1498,94.6055,India,IN,Nagaland,Nagaland,6.31,1396310400000.0,1606348800000,94.6055000000001,26.1498,2013-08-04 00:00:00+00:00,False,prox:52:189:5307
4153,timesofindia.indiatimes,http://timesofindia.indiatimes.com/india/8000-pilgrims-stranded-in-Uttarakhand/articleshow/6494279.cms,2378,1283472000000.0, ,"Shivpuri, Rishikesh-Badrinath hwy","Sep 5, 2010, 05.13am IST  DEHRADUN: Over 8,000 pilgrims and tourists on the Char Dham Yatra are stranded following heavy downpour and landslides on Rishikesh-Badrinath and Rishikesh-Gangotri national highways in Chamoli district of Uttarakhand since Frid","Shivpuri, Rishikesh-Badrinath hwy",5km,landslide,downpour,medium,unknown,0,0, , , ,GLC,2378,30.135,78.3896,India,IN,Uttaranchal,Rishikesh,14.53,1396310400000.0,1606348800000,78.3896,30.135,2010-09-03 00:00:00+00:00,False,prox:60:156:4951
4154,www.hindustantimes.com,http://www.hindustantimes.com/India-news/Shimla/Heavy-rains-lash-Himachal-landslide-in-Kinnaur/Article1-1077356.aspx,4920,1371254400000.0, ,"Tapri Near Rekong Peo, Kinnaur District","Heavy rains lashed various parts of Himachal Pradesh while high altitude areas had first spell of early light snowfall, causing sharp fall in mercury. The mercury dipped to 6.1 degrees Celsius at Keylong in tribal Lahaul and Spiti district. The rains tri","Tapri Near Rekong Peo, Kinnaur District",1km,landslide,downpour,medium,unknown,0,0, , , ,GLC,4920,31.5168,78.0976,India,IN,Himachal Pradesh,Oling,6.28,1396310400000.0,1606348800000,78.0976000000001,31.5168,2013-06-15 00:00:00+00:00,False,prox:63:156:5290
4162,The Times of India,http://timesofindia.indiatimes.com/city/bengaluru/Landslide-strands-friends-in-Srinagar/articleshow/47823333.cms,7011,1435190400000.0,09:00,"NH-1A, 7km from Srinigar","A landslide near Srinagar would stall their journey, get them stuck in a traffic jam stretching 122km long and worse, leave them with no food and little water. There is also the fear of more rain pouring out more worries.   The group has been stranded si","NH-1A, 7km from Srinigar",5km,mudslide,downpour,medium,above_road,0,0, , , ,GLC,7011,34.141,74.6568,India,IN,Jammu and Kashmir,Palhalan,11.61,1435536000000.0,1606348800000,74.6568,34.1410000000001,2015-06-25 00:00:00+00:00,False,prox:68:149:5537
4170,Kashmir Observer,http://www.kashmirobserver.net/index.php?option=com_content&view=article&id=4458:ladakh-highway-closed-for-traffic&catid=2:local-news&Itemid=3,1769,1271721600000.0, ,"India Gate(?), Srinagar-Leh highway, Kashmir",Sources said several landslides also occurred at different places including Kanipathri and India gate on the highway due to rainfall in the lower regions.  The Srinagar-Leh national highway was closed to traffic today as high altitude areas of Kashmir va,"India Gate(?), Srinagar-Leh highway, Kashmir",unknown,landslide,downpour,medium,above_road,0,0, , , ,GLC,1769,34.38667467,76.34149164,India,IN,Jammu and Kashmir,Goma,7.35,1396310400000.0,1606348800000,76.3414916410001,34.3866746740001,2010-04-20 00:00:00+00:00,False,prox:68:152:4906
4176,thehindu,http://www.thehindu.com/news/states/other-states/article1497565.ece,3143,1298505600000.0, ,"Jammu-Srinagar National Highway, Digdol area, Jammu and Kashmir","The Jammu-Srinagar National Highway, which connects the Kashmir Valley with the rest of the country, was today re-opened for vehicular traffic, two days after it was closed following heavy snowfall and rains.  “The highway has been reopened for one-way","Jammu-Srinagar National Highway, Digdol area, Jammu and Kashmir",5km,landslide,downpour,medium,unknown,0,0, , , ,GLC,3143,33.3307,75.1772,India,IN,Jammu and Kashmir,Gund,11.65,1410307200000.0,1606348800000,75.1772000000001,33.3307,2011-02-24 00:00:00+00:00,False,prox:66:150:5009
4180,Times of India,http://timesofindia.indiatimes.com/city/pune/Landslide-at-Malshej-ghat-causes-traffic-diversions/articleshow/53053395.cms,8680,1467504000000.0,22:00,"Malshej ghat, Maharashtra, India",The traffic on Kalyan-Ahmednagar highway was diverted to Pune on Sunday night after a landslide in the Malshej ghat. Heavy boulders came down on the road around 10pm on Sunday.,"Malshej ghat, Maharashtra, India",5km,rock_fall,monsoon,medium,above_road,0,0, , , ,GLC,8680,19.336,73.7793,India,IN,Maharashtra,Harischandra Range,14.18,1467849600000.0,1606348800000,73.7793,19.3360000000001,2016-07-03 00:00:00+00:00,False,prox:38:147:5661
4181,assamtribune,http://www.assamtribune.com/scripts/detailsnew.asp?id=oct1312/oth06,4610,1352592000000.0, ,"Dapchhuah, Mamit, Mizoram","Four people were killed and several places remained inaccessible due to road blockade caused by landslides since yesterday as heavy rains lashed Mizoram since Wednesday night, police said. The driver and operator of an excavator and the driver of a","Dapchhuah, Mamit, Mizoram",5km,landslide,downpour,medium,unknown,4,0, , , ,GLC,4610,23.7705,92.5217,India,IN,Mizoram,Tukkalh,23.1,1396310400000.0,1606348800000,92.5217000000001,23.7705,2012-11-11 00:00:00+00:00,False,prox:47:185:5218
4190,beacononline.wordpress,http://beacononline.wordpress.com/2009/08/17/darjeeling-hills-landslides-kill-6-in-hills-darjeeling-cut-off-for-nine-hours/,1093,1250380800000.0, ,"Phagutar near Mahanadi, 12km from Kurseong, Siliguri district, Darjeeling","Jay Kumar Rai (26) was buried under his house at Phagutar near Mahanadi, 12km from Kurseong.","Phagutar near Mahanadi, 12km from Kurseong, Siliguri district, Darjeeling",5km,landslide,downpour,medium,unknown,1,0, , , ,GLC,1093,26.88211522,88.3195318,India,IN,West Bengal,Kurseong,4.03,1396310400000.0,1606348800000,88.3195318020001,26.882115216,2009-08-16 00:00:00+00:00,False,prox:53:176:4824
4194,www.e-pao.net,http://www.e-pao.net/GP.asp?src=23..130513.may13,4861,1368316800000.0, ,"Khongsang, Tamenglong, Manipur,","With unprecedented heavy pre-monsoon rains making the condition of Tamenglong- Khongsang road to turn from bad to worse, one goods laden truck (Registration no.MN01-7681) has been washed away in the mudslides occurring at various points of the road which","Khongsang, Tamenglong, Manipur,",25km,mudslide,rain,medium,unknown,0,0, , , ,GLC,4861,24.9926,93.4946,India,IN,Manipur,Brail Range,8.75,1396310400000.0,1606348800000,93.4946000000001,24.9926,2013-05-12 00:00:00+00:00,False,prox:49:186:5279
4196,NDTV,http://www.ndtv.com/india-news/no-respite-from-rain-in-uttarakhand-landslides-continue-1200268,7270,1437696000000.0, ,Pithoragarh,"Incessant rainfall in all six hilly districts of Uttarakhand has brought life to a standstill with no signs of relief, according to the Meteorological Department.  A landslide in Pithoragarh brought down an entire house, crushing four cars and a motorcyc",Pithoragarh,5km,landslide,continuous_rain,small,unknown,0,0, , , ,GLC,7270,29.5863,80.2186,India,IN,Uttaranchal,Pithoragarh,0.85,1437696000000.0,1606348800000,80.2186,29.5863,2015-07-24 00:00:00+00:00,False,prox:59:160:5546
4197,NDTV,http://www.ndtv.com/india-news/rescue-teams-roped-in-as-heavy-rains-lash-rajasthan-1201452,7302,1438041600000.0, ,Mount Abu,"The popular tourist spot of Mount Abu saw a minor landslide, while pilgrims were stranded at the Baneshwar dham in Dungarpur.",Mount Abu,5km,landslide,continuous_rain,small,unknown,0,0, , , ,GLC,7302,24.5938,72.7308,India,IN,Rajasthan,Abu Road,13.11,1438300800000.0,1606348800000,72.7308,24.5938,2015-07-28 00:00:00+00:00,False,prox:49:145:5548
4198,Times Of India,http://timesofindia.indiatimes.com/city/kozhikode/Youth-killed-in-landslide-in-Idukki/articleshow/52757398.cms,9141,1465948800000.0,09:00,"Vazhavara, Idukki, Kerala, India","Former SFI Idukki district president Joby John was killed and his mother was seriously injured when mounds of earth and rocks fell on their home following heavy rain at Vazhavara early on Wednesday, aid the police.   The incident occurred around 6am when","Vazhavara, Idukki, Kerala, India",1km,rock_fall,downpour,medium,unknown,2,1, , , ,GLC,9141,9.7967,77.0611,India,IN,Kerala,Carda Mom Hills,16.93,1469145600000.0,1606348800000,77.0611000000001,9.79670000000004,2016-06-15 00:00:00+00:00,False,prox:19:154:5655
4208,thenewsofindia,http://www.thenewsofindia.com/index.php?mod=article&cat=East and North East&article=1450,3932,1313625600000.0, , Botsa  and Chiechama,affected area is the NH-61 between Botsa and Chiechama (34 Kms from Kohima) where a stretch of 500 feet has been affected by landslides., Botsa  and Chiechama,exact,landslide,monsoon,medium,unknown,0,0, , , ,GLC,3932,25.83,94.13,India,IN,Nagaland,Naga Hills,8.33,1396310400000.0,1606348800000,94.1300000000001,25.83,2011-08-18 00:00:00+00:00,False,prox:51:188:5068
4220,Sahil Online,http://www.sahilonline.org/newsDetails.php?cid=1&nid=35144,7238,1437264000000.0, ,Talakebail in Vajralli gram panchayat in Yellapur,Yellapur: A landslip occurred at Talakebail in Vajralli gram panchayat in Yellapur taluk following the recent rain.   Residents are worried that it could affect a power transformer near the State highway between Bare and Chinnapur villages.,Talakebail in Vajralli gram panchayat in Yellapur,5km,landslide,continuous_rain,small,unknown,0,0, , , ,GLC,7238,14.8937,74.5828,India,IN,Karnataka,Yellapur,15.11,1437350400000.0,1606348800000,74.5828000000001,14.8937,2015-07-19 00:00:00+00:00,False,prox:29:149:5545
4226,beacononline.wordpress,http://beacononline.wordpress.com/2009/08/21/darjeeling-hillssikkim-landslides-claim-five-in-hills/,1106,1250726400000.0, ,"(Okai Tea Garden) Mirik, Darjeeling, West Bengal","While Dal Bahadur Rai (50) and his wife Sunita Rai alias Shanti Rai (47), residents of Tarsing Busty in Mirik, were buried in the debris when the hill side came tumbling down while they were sleeping in their home, the four-years-old Ashish Rai of Geetko","(Okai Tea Garden) Mirik, Darjeeling, West Bengal",1km,landslide,continuous_rain,medium,unknown,2,0, , , ,GLC,1106,26.8992,88.1667,India,IN,West Bengal,Kurseong,11.28,1396310400000.0,1606348800000,88.1667,26.8992000000001,2009-08-20 00:00:00+00:00,False,prox:53:176:4825
4228,"The Hindu, Bharat Press","http://www.thehindu.com/news/national/other-states/landslides-in-darjeeling/article7373866.ece, http://www.ibtimes.co.in/west-bengal-landslide-kills-20-darjeeling-district-637669, http://bharatpress.com/2015/07/06/landslide-toll-mounts-upto-42-in-darjeel",7036,1435708800000.0, ,"Mahendra village, Thana Line, Tingling Garden village in Mirik","At least 20 people went missing after a rain-triggered landslip in Mirik, A local district administration official said the landslip was “huge” and “may have killed many.""Three people were killed in Mahendra village, two in Thana Line and 14 in Tin","Mahendra village, Thana Line, Tingling Garden village in Mirik",5km,landslide,downpour,large,unknown,42,0, , , ,GLC,7036,26.8352,88.1881,India,IN,West Bengal,Kurseong,10.53,1436400000000.0,1606348800000,88.1881000000001,26.8352,2015-07-01 00:00:00+00:00,False,prox:53:176:5539
4229,www.risingkashmir.in,http://www.risingkashmir.in/news/vaishno-devi-pilgrim-killed-in-landslide-49038.aspx,4912,1370908800000.0,23:00,"Holy Cave Shrine, Mata Vaishno Devi, Trikuta Hills, Reasi District, Near Panchi Morh In Sanjichat Area En Route Mata Vaishno Devi","Heavy rains triggered landslide enroute holy cave shrine of Mata Vaishno Devi, killing a woman pilgrim in Trikuta hills of Reasi district. The 43-year-old women pilgrim, who had come from Lucknow, was hit by a stone during landslide near Panchi Morh in S","Holy Cave Shrine, Mata Vaishno Devi, Trikuta Hills, Reasi District, Near Panchi Morh In Sanjichat Area En Route Mata Vaishno Devi",25km,landslide,downpour,medium,unknown,1,0, , , ,GLC,4912,31.4898,76.7043,India,IN,Himachal Pradesh,Bilaspur,19.12,1396310400000.0,1606348800000,76.7043,31.4898000000001,2013-06-11 00:00:00+00:00,False,prox:62:153:5289
4239,ptinews,http://www.ptinews.com/news/309744_8-die-in-landslide-near-Rajapur,1204,1254355200000.0, ,"Vadad-Hasol village near Rajapur in Ratnagiri district, Maharastra","Eight persons of a family died in a landslide at Vadad-Hasol village near Rajapur in Ratnagiri district in the wee hours today, police said. It was raining heavily since last two days and part of the hill near the house of the Mhadaye family caved in and","Vadad-Hasol village near Rajapur in Ratnagiri district, Maharastra",5km,landslide,downpour,medium,unknown,8,0, , , ,GLC,1204,16.656,73.5178,India,IN,Maharashtra,Rajapur,0.02,1396310400000.0,1606348800000,73.5178000000001,16.6560000000001,2009-10-01 00:00:00+00:00,False,prox:33:147:4839
4253,tribuneindia,http://www.tribuneindia.com/2010/20100923/main1.htm,2457,1284854400000.0, ,"Nathpa Jhulla, between Rampur and Peo, Kinnaur, Himachal Pradesh","New Delhi, September 22  Incessant rains pouring over parts of North India since the past few days led to more areas being marooned by swollen rivers as the toll crossed 100 in the region with 14 more deaths in Uttar Pradesh today.In Himachal Pradesh, to","Nathpa Jhulla, between Rampur and Peo, Kinnaur, Himachal Pradesh",5km,rock_fall,downpour,medium,unknown,1,0, , , ,GLC,2457,31.563,77.9796,India,IN,Himachal Pradesh,Sarahan,17.83,1396310400000.0,1606348800000,77.9796000000001,31.563,2010-09-19 00:00:00+00:00,False,prox:63:155:4957
4258,www.business-standard.com,http://www.business-standard.com/article/current-affairs/mullaperiyar-dam-near-to-full-landslides-at-naliyani-villanchira-113080700331_1.html,5292,1375833600000.0,18:00,"Naliyani, Near Thodupuzha Town","Meanwhile, fresh landslides were reported at two locations at Naliyani, near Thodupuzha town, and at Villanchira, near Neryamangalam. There was no casualty.","Naliyani, Near Thodupuzha Town",5km,landslide,monsoon,medium,unknown,0,0, , , ,GLC,5292,9.835,76.8661,India,IN,Kerala,Ramaouram,22.32,1396310400000.0,1606348800000,76.8661000000001,9.83500000000002,2013-08-07 00:00:00+00:00,False,prox:19:153:5308
4266,E-PAO,http://e-pao.net/GP.asp?src=1..020815.aug15,7390,1438387200000.0, ,between Tengnoupal-Sita junction and Tengnoupal Power Sub-Station,In between Tengnoupal-Sita junction and Tengnoupal Power Sub-Station landslide occurred at four locations and blocked the Tengnoupal-Sangshak road,between Tengnoupal-Sita junction and Tengnoupal Power Sub-Station,25km,landslide,continuous_rain,medium,above_road,0,0, , , ,GLC,7390,24.4265,94.1913,India,IN,Manipur,Saibom,9.06,1450051200000.0,1606348800000,94.1913000000001,24.4265,2015-08-01 00:00:00+00:00,False,prox:48:188:5549
4270,gsi.gov,"http://www.portal.gsi.gov.in/portal/page?_pageid=127,875814&_dad=portal&_schema=PORTAL",2205,1281052800000.0, ,"Dawrpui Vengthar cemetary, Aizwal, Mizoram","As per PTI report a massive landslide triggered by heavy rains on 6th August 2010 at the cemetery of Dawrpui Vengthar locality, Aizwal has swept away number of tombs.","Dawrpui Vengthar cemetary, Aizwal, Mizoram",1km,landslide,downpour,medium,unknown,0,0, , , ,GLC,2205,23.7365,92.7146,India,IN,Mizoram,Aizwal,9.52,1396310400000.0,1606348800000,92.7146000000001,23.7365,2010-08-06 00:00:00+00:00,False,prox:47:185:4942
4278,english.samaylive,http://english.samaylive.com/regional/uttarakhand/676471855.html,2309,1282435200000.0, ,"Chandoli(?) and Karchuna(?) vilalges, Pokkhri, Chamoli, Uttarakhand, Uttranchal",22 Aug 2010 14:04:00  Several houses flattened in Uttarakhand’s Chamoli district due to massive landslides on Sunday.  Landslide occurred in Chandoli and Karchuna villages of Chamoli Pokhri  block due to heavy rains on Sunday.  Several houses have been,"Chandoli(?) and Karchuna(?) vilalges, Pokkhri, Chamoli, Uttarakhand, Uttranchal",25km,landslide,downpour,medium,unknown,0,0, , , ,GLC,2309,30.4238,79.6724,India,IN,Uttaranchal,Joshimath,18.74,1396310400000.0,1606348800000,79.6724,30.4238,2010-08-22 00:00:00+00:00,False,prox:60:159:4947
4290,himvani,http://www.himvani.com/news/2010/07/26/two-die-10-sustain-injuries-as-landslide-buried-shanties-in-shimla/6153/,2137,1280016000000.0, ,Nahan roads,"Meanwhile, intermittent rains disrupted normal life in Dharamsala, Solan and Nahan among other places as roads were blocked due to landslides. Dharamsala was wettest in the region with 86.4 mm rains,",Nahan roads,5km,landslide,downpour,medium,unknown,0,0, , , ,GLC,2137,30.5589,77.2889,India,IN,Himachal Pradesh,Nahan,0.01,1396310400000.0,1606348800000,77.2889000000001,30.5589,2010-07-25 00:00:00+00:00,False,prox:61:154:4938
4291,thestatesman.net,http://www.thestatesman.net/page.arcview.php?clid=10&id=198313&usrsess=1,269,1190073600000.0, ,Geyzing-Jorethang road and Naya Bazar-Legship road,along multiple roads in province,Geyzing-Jorethang road and Naya Bazar-Legship road,50km,landslide,rain,medium,unknown,0,0, , , ,GLC,269,27.2872,88.2816,India,IN,Sikkim,Tista,16.45,1396310400000.0,1606348800000,88.2816000000001,27.2872,2007-09-18 00:00:00+00:00,False,prox:54:176:4591
4295,Echo of India,http://echoofindia.com/port-blair-landslide-atlanta-point-91191,7616,1438819200000.0, ,Atlanta Point,"The PBMC Chairperson, Mr. Armugam has made an appeal to the residents of Port Blair town  to avoid earth cutting and dumping of building materials beside the retaining walls during the rainy season.  The heavy rainfall has resulted in a major land slide",Atlanta Point,1km,other,downpour,medium,retaining_wall,0,0, , , ,GLC,7616,11.6753,92.749,India,IN,Andaman and Nicobar Islands,Port Blair,3.07,1459900800000.0,1606348800000,92.7490000000001,11.6753000000001,2015-08-06 00:00:00+00:00,False,prox:23:185:5551
4304,dnaindia,http://www.dnaindia.com/india/report_rains-hit-normal-life-in-uttarakhand_1426128,2294,1282262400000.0, ,"Lambagad(?), Rishikesh-Badrinath highway, Uttarakhand","Friday, Aug 20, 2010, 15:19 IST   Incessant rains continued to lash Uttarakhand triggering landslides and most of the rivers flowing at danger level today.  Meanwhile, landslides occurred at a few places in Garhwal Himalayas due to heavy rains in at Badr","Lambagad(?), Rishikesh-Badrinath highway, Uttarakhand",unknown,landslide,downpour,medium,unknown,0,0, , , ,GLC,2294,30.3846,78.8371,India,IN,Uttaranchal,Srinagar,16.82,1396310400000.0,1606348800000,78.8371000000001,30.3846,2010-08-20 00:00:00+00:00,False,prox:60:157:4947
4312,nagalandpost,http://www.nagalandpost.com/ShowStory.aspx?npoststoryiden=UzEwMjg4MDU%3D-2pMJ7cwWh98%3D,2098,1279497600000.0,06:00,"Jahjon ward(?), Mon town, Nagaland","Due to heavy rainfall, one house was damaged while other was washed away by the landslide at Jahjon ward, Mon town on July 19 around 6 am.  Apart from the damage of properties and houses, no casualty was reported.","Jahjon ward(?), Mon town, Nagaland",5km,landslide,downpour,medium,unknown,0,0, , , ,GLC,2098,26.7215,95.0283,India,IN,Nagaland,Mon,2.67,1396310400000.0,1606348800000,95.0283000000001,26.7215,2010-07-19 00:00:00+00:00,False,prox:53:190:4936
4319,news.in,http://news.in.msn.com/national/article.aspx?cp-documentid=4928538,3113,1297555200000.0,23:00,"road between Rajouri(Rajauri) and Poonch(Punch), Jammu and Kashmir","The highway was closed for traffic as a portion of the road was washed away at Kunfur nallah in Chanderkote area of Ramban district due to flash floods triggered by heavy rains on the intervening night of February 13.  ...  However, Rajouri-Poonch highwa","road between Rajouri(Rajauri) and Poonch(Punch), Jammu and Kashmir",25km,landslide,downpour,medium,unknown,0,0, , , ,GLC,3113,33.577,74.1872,India,IN,Jammu and Kashmir,Rajauri,23.4,1396310400000.0,1606348800000,74.1872000000001,33.577,2011-02-13 00:00:00+00:00,False,prox:67:148:5006
4335,articles.timesofindia,http://articles.timesofindia.indiatimes.com/2012-07-07/guwahati/32577108_1_arunachal-district-landslides-arunachal-pradesh,4446,1341446400000.0, ,"Tuting, Upper Siang , Arunachal Pradesh",Tuting in Upper Siang district of Arunachal Pradesh is cut off from the rest of the country following massive landslides triggered by torrential rain over the past couple of days.,"Tuting, Upper Siang , Arunachal Pradesh",5km,landslide,downpour,large,unknown,0,0, , , ,GLC,4446,28.9986,94.8885,India,IN,Arunachal Pradesh,Tuting,1.69,1396310400000.0,1606348800000,94.8885000000001,28.9986000000001,2012-07-05 00:00:00+00:00,False,prox:57:189:5175
4336,naknews.co,http://naknews.co.in/newsdet.aspx?q=11356,410,1199577600000.0, ,"Kandi Canal Project, Gandoh area, Doda district, Kashmir",buried alive in a landslide at Kandi Canal Project,"Kandi Canal Project, Gandoh area, Doda district, Kashmir",25km,landslide,rain,medium,unknown,1,0, , , ,GLC,410,33.1517,75.5464,India,IN,Jammu and Kashmir,Doda,0.05,1396310400000.0,1606348800000,75.5464000000001,33.1517000000001,2008-01-06 00:00:00+00:00,False,prox:66:151:4628
4337,The Tribune,http://www.tribuneindia.com/news/himachal/landslide-blocks-manali-palchan-road/62595.html,7185,1428019200000.0, ,"3km ahead of Palchan, Manali-Palchan",Landslide triggered by incessant rain today blocked the Manali-Palchan road in Kullu district. Border Road Task Force Commander KP Rajendra Kumar said heavy rain triggered the landslide 3 km ahead of Palchan. But an alternative route was opened for vehic,"3km ahead of Palchan, Manali-Palchan",1km,landslide,downpour,small,above_road,0,0, , , ,GLC,7185,32.2934,77.1803,India,IN,Himachal Pradesh,Chandra,14.58,1436832000000.0,1606348800000,77.1803,32.2934000000001,2015-04-03 00:00:00+00:00,False,prox:64:154:5509
4339,articles.timesofindia,http://articles.timesofindia.indiatimes.com/2011-07-29/india/29828449_1_danger-mark-danger-level-heavy-rains,3861,1311897600000.0, ,Uttar Pradesh,"Monsoon claims six lives in UP, triggers landslides in Uttarakhand PTI Jul 29, 2011, 07.36pm IST  NEW DELHI: Heavy rains continued in parts of northern India on Friday as monsoon activity led to landslides in Uttarkhand and loss of six lives in Uttar Pra",Uttar Pradesh,unknown,landslide,downpour,medium,unknown,6,0, , , ,GLC,3861,27.5862,80.1306,India,IN,Uttar Pradesh,Pihani,7.7,1396310400000.0,1606348800000,80.1306000000001,27.5862000000001,2011-07-29 00:00:00+00:00,False,prox:55:160:5061
4341,thehimalayanbeacon.com,http://thehimalayanbeacon.com/magazine/2010/08/28/sikkim-landslides-cut-sikkim-link-woman-disappears-swirling-flash-flood/,2341,1282780800000.0,23:00,"NH-31A at Topakhani tunnel(?) and fruit preservation factory(?) and Chisopani bridge(?), near Singtam and Gangtok and Rangpo, Sikkim","Gangtok, Aug. 27: Seven landslides struck a 15km stretch of NH31A and crippled traffic on Sikkim’s only road link with the rest of the country after heavy rain lashed the Himalayan state last night. A 31-year-old woman was washed away in one of the fla","NH-31A at Topakhani tunnel(?) and fruit preservation factory(?) and Chisopani bridge(?), near Singtam and Gangtok and Rangpo, Sikkim",10km,landslide,downpour,medium,unknown,0,0, , , ,GLC,2341,27.2319,88.497,India,IN,Sikkim,Tista,12.45,1396310400000.0,1606348800000,88.4970000000001,27.2319000000001,2010-08-26 00:00:00+00:00,False,prox:54:176:4949
4343,E-PAO,http://e-pao.net/GP.asp?src=22..020815.aug15,7374,1438387200000.0, ,Ukhrul town Circular road from Rayotang to Viewland Zone II,"In separate similar incidents, due to sinking of Ukhrul town Circular road from Rayotang to Viewland Zone II, a newly constructed Meitei Baptist Church building, including pastor quarter and kitchen have been destroyed, while heavy downpour that lashed t",Ukhrul town Circular road from Rayotang to Viewland Zone II,10km,landslide,continuous_rain,medium,below_road,0,0, , , ,GLC,7374,25.1122,94.3591,India,IN,Manipur,Chattrik,31.18,1454544000000.0,1606348800000,94.3591000000001,25.1122,2015-08-01 00:00:00+00:00,False,prox:50:188:5549
4356,hindu,http://www.hindu.com/thehindu/holnus/002200808101763.htm,703,1218240000000.0, ,"Goa-Karnataka link, near Dudhsagar waterfall",hill along the highway collapsed causing a LS in the narrow forested area,"Goa-Karnataka link, near Dudhsagar waterfall",25km,landslide,rain,medium,unknown,0,0, , , ,GLC,703,15.15,74.11,India,IN,Goa,Sanvordem,12.01,1396310400000.0,1606348800000,74.1100000000001,15.15,2008-08-09 00:00:00+00:00,False,prox:30:148:4700
4359,morungexpress,http://www.morungexpress.com/local/67219.html,3633,1308528000000.0, ,Mokokchung,"Mokokchung, June 21 (DIPR): Several houses were damaged at Mokokchung town by landslide after heavy downpour on Monday night (July 20). On receiving report from different wards, District Administration, MMC and concern officials visited the affected hous",Mokokchung,5km,landslide,downpour,medium,unknown,0,0, , , ,GLC,3633,26.3186,94.5121,India,IN,Nagaland,Nagaland,14.62,1396310400000.0,1606348800000,94.5121,26.3186000000001,2011-06-20 00:00:00+00:00,False,prox:52:189:5048
4362,kanglaonline,http://www.kanglaonline.com/index.php?template=headline&newsid=43094&typeid=1,692,1218067200000.0, ,"National Highway-39, Dimapur-Imphal road and another under Kiphire district of Nagaland","Torrential rains during monsoon caused problems in Nagaland and Manipur, resulting in major landslides damaging bridges and sinking roads along the National Highway-39 and also in different parts of Nagaland. Occurred sometime 7th to 22nd","National Highway-39, Dimapur-Imphal road and another under Kiphire district of Nagaland",10km,landslide,downpour,medium,unknown,0,0, , , ,GLC,692,25.705,94.04,India,IN,Nagaland,Naga Hills,21.32,1396310400000.0,1606348800000,94.0400000000001,25.705,2008-08-07 00:00:00+00:00,False,prox:51:188:4699
4367,zeenews.india.com,http://zeenews.india.com/news/nation/heavy-rains-trigger-landslides-sweep-away-road_870382.html,5365,1376870400000.0,23:00,"Nalupani Area Of Uttarkashi District, Uttarakhand","Heavy overnight rains lashed a number of places in Uttarakhand, triggering fresh landslides in Uttarkashi district where stretch of a road connecting a remote area was swept away by swollen Tehri lake.","Nalupani Area Of Uttarkashi District, Uttarakhand",unknown,debris_flow,downpour,medium,unknown,0,0, , , ,GLC,5365,30.6293,78.3303,India,IN,Uttaranchal,Chham,11.87,1396310400000.0,1606348800000,78.3303000000001,30.6293,2013-08-19 00:00:00+00:00,False,prox:61:156:5312
4377,The Indian Express,http://indianexpress.com/article/cities/kolkata/farmer-killed-fresh-landslide-in-kurseong/,7139,1436227200000.0,23:00,Kurseong,Body of a 53-year-old farmer was recovered in Kalimpong Wednesday morning after heavy rain resulted in another landslide in Kurseong in the disaster-torn Darjeeling district late Tuesday night. Officials say Dilli Ram Adhikary was washed away in the rain,Kurseong,5km,landslide,continuous_rain,medium,unknown,1,0, ,http://images.indianexpress.com/2015/07/landslide-pune.jpg, ,GLC,7139,26.8826,88.2806,India,IN,West Bengal,Kurseong,0.22,1454544000000.0,1606348800000,88.2806,26.8826,2015-07-07 00:00:00+00:00,False,prox:53:176:5541
4431,The Arunachal Times,http://www.arunachaltimes.in/man-buried-alive-in-landslide/,11176,1497916800000.0,09:00,Fatal landslide in Gussar circle,Man buried by landslide in Gussar,"Gussar, Upper Subansiri, Arunachal Pradesh",5km,landslide,rain,medium,unknown,1,0, , , ,GLC, ,28.10756941,94.18315697,India,IN,Arunachal Pradesh,Daparijo,13.74,1499385600000.0,1606348800000,94.1831569710001,28.10756941,2017-06-20 00:00:00+00:00,False,prox:56:188:5779
4456,Times of India,http://timesofindia.indiatimes.com/city/chandigarh/massive-landslide-hits-national-highway-near-shimla-several-vehicles-buried/articleshow/60338106.cms?from=mdr,10861,1504310400000.0,14:00,Shimla's Dhalli Landslide,Landslide on Malyana-Dhalli Road by Shiv Mandir. Caused by heavy rainfall since Friday morning.,"Malyana-Dhalli Road, NH-22, Chamyana, Shimla, Himachal Pradesh, 171006",exact,landslide,rain,medium,above_road,0,0, ,https://himachalwatcher.com/wp-content/uploads/2017/09/landslide-in-shimla-1050x676.jpg,"Originally was a rockfall with boulders hurtling down from the hillock 15-20 minutes before, then became a landslide when a huge mound from the hillock hit the road and blocked the entire road. Multiple vehicles damaged and swept away, some debris spille",GLC, ,31.10312666,77.20355516,India,IN,Himachal Pradesh,Simla,12.76,1505174400000.0,1606348800000,77.203555157,31.103126664,2017-09-02 00:00:00+00:00,False,prox:62:154:5803
4504,Deccan Chronicle,http://www.deccanchronicle.com/videos/news/delhi-dehradun-highway-blocked-due-to-landslide.html,10072,1499904000000.0, ,Landslide blocks Delhi-Dehradun Highway,Incessant rains cause landslide to block road near Dat Kali Mandir,"NH-72A, Behat, Saharanpur, Uttar Pradesh, 247129",5km,landslide,continuous_rain,small,above_road,0,0, , ,Video in link,GLC, ,30.23936058,77.9558167,India,IN,Uttaranchal,Clement Town,6.05,1499904000000.0,1606348800000,77.955816697,30.2393605780001,2017-07-13 00:00:00+00:00,False,prox:60:155:5786
4533,Saharas Samay,http://www.saharasamay.com/samayhtml/articles.aspx?newsid=80536,130,1184803200000.0, ,Guwahati,closest to predicted location of Gauhati (167.34 km),Guwahati,25km,landslide,rain,medium,unknown,6,0, , , ,GLC,130,26.1699,91.7986,India,IN,Assam,Gauhati,4.91,1396310400000.0,1606348800000,91.7986000000001,26.1699,2007-07-19 00:00:00+00:00,False,prox:52:183:4571
4540,ibnlive.in,http://ibnlive.in.com/news/crops-worth-rs-185-lakh-destroyed-in-idukki/156739-60-116.html,3566,1306972800000.0, ,"Munnar, Idukki district, Kerala","Jun 05, 2011 at 12:04pm IST  KATTAPPANA: The heavy rain which has been lashing the district for the last several days has caused heavy damage to crops and property. According to the Agriculture Department sources, crops worth Rs 18.5 lakh in 150 hectares","Munnar, Idukki district, Kerala",10km,landslide,downpour,medium,unknown,0,0, , , ,GLC,3566,10.0838,77.0696,India,IN,Kerala,Devikolam,4.55,1396310400000.0,1606348800000,77.0696,10.0838,2011-06-02 00:00:00+00:00,False,prox:20:154:5042
4543,www.greaterkashmir.com,http://www.greaterkashmir.com/news/2013/Jun/12/pre-monsoon-showers-bring-joy-for-jammu-residents-69.asp,4913,1370908800000.0,23:00,"Srinagar-Jammu Highway, Ramban District","While pre-monsoon showers brought much needed respite for the people in many parts of Jammu region, Srinagar-Jammu Highway remained closed for around four hours due to landslides at various places in Ramban district. According to MeT officials, pre-monso","Srinagar-Jammu Highway, Ramban District",unknown,landslide,rain,small,unknown,0,0, , , ,GLC,4913,31.4881,76.6702,India,IN,Himachal Pradesh,Bilaspur,20.19,1396310400000.0,1606348800000,76.6702000000001,31.4881,2013-06-11 00:00:00+00:00,False,prox:62:153:5289
4550,The Times of India,http://timesofindia.indiatimes.com/city/dehradun/Landslides-narrow-down-road-to-Kempty-Falls/articleshow/48257236.cms,7294,1437696000000.0, ,Kempty Road near Kempty Falls,"two more landslides occurred since Friday, one quite close to Kempty Falls, a popular tourist spot All three landslides have occurred on a 6-km stretch.",Kempty Road near Kempty Falls,25km,landslide,continuous_rain,small,above_road,0,0, , , ,GLC,7294,30.4528,78.1045,India,IN,Uttaranchal,Mussorie,3.38,1438128000000.0,1606348800000,78.1045,30.4528,2015-07-24 00:00:00+00:00,False,prox:60:156:5546
4569,headlinesindia,http://www.headlinesindia.com/natural-disasters/flood/darjeeling-landslide-toll-reaches-27-12747.html,1030,1243296000000.0, ,"Darjeeling Sadar, Darjeeling West Bengal","With the recovery of three more bodies, the toll in the landslides in West Bengal's hill district of Darjeeling due to Cyclone Aila has risen to 27, police said today.   ""We have recovered three bodies from the debris at Rangiabong under Jorbungalow poli","Darjeeling Sadar, Darjeeling West Bengal",25km,landslide,tropical_cyclone,medium,unknown,14,0,Aila, , ,GLC,1030,27.04357147,88.26522126,India,IN,West Bengal,Darjeeling,0.68,1396310400000.0,1606348800000,88.2652212610001,27.043571473,2009-05-26 00:00:00+00:00,False,named:aila
4575,newindianexpress.com,http://newindianexpress.com/states/andhra_pradesh/Landslides-hit-traffic-on-Tirumala-ghat/2013/11/18/article1896764.ece,5650,1384646400000.0,06:00,"Tirumala, Andhra Pradesh",Traffic on the second ghat road leading to Tirumala hill shrine was stranded for more than six hours after landslides following heavy rains blocked the road. The TTD staff and police had to toil for hours to remove the landslides and also to regulate the,"Tirumala, Andhra Pradesh",5km,rock_fall,downpour,medium,unknown,0,0, , , ,GLC,5650,13.6529,79.3439,India,IN,Andhra Pradesh,Tirupati,8.24,1396310400000.0,1606348800000,79.3439000000001,13.6529,2013-11-17 00:00:00+00:00,False,prox:27:158:5342
4580,Hindustan Times,http://www.hindustantimes.com/india-news/manipur-heavy-rains-trigger-landslides-along-national-highways/story-84kUb5i3oGENZmSEVhJ3eO.html,11153,1499558400000.0,09:00,Landslide in Langol Laimanai,Landslide following continuous rain damages houses in Langol Laimanai near Imphal,"Langol Laimanai, Imphal West, Manipur",5km,landslide,continuous_rain,small,natural_slope,0,0, , , ,GLC, ,24.83507319,93.89896294,India,IN,Manipur,Manipur,6.59,1499644800000.0,1606348800000,93.8989629390001,24.835073186,2017-07-09 00:00:00+00:00,False,prox:49:187:5785
4589,DNA,http://www.dnaindia.com/india/report-all-schools-in-dima-haso-district-closed-due-to-bad-weather-2381478,10977,1491264000000.0, ,Landslides along National Highway 54,The National Highway 54 connecting Haflong and Lumding in the district with Silchar in Cachar district was closed in many places today due to landslides., ,50km,landslide,rain,small,above_road,0,0, , , ,GLC, ,25.481623,93.141692,India,IN,Assam,Bara Digar,20.38,1501804800000.0,1606348800000,93.141692,25.4816230000001,2017-04-04 00:00:00+00:00,False,prox:50:186:5753
4600,Arunachal Times,http://www.arunachaltimes.in/arunachal-devastated-by-landslides-and-floods-minor-dead/,11164,1499558400000.0, ,Landslides on Itanagar-Naharlagun road,Landslides obstruct Itanagar-Naharlagun road after heavy rains in Arunachal Pradesh,"NH-52A, Naharlagun Sub-District, Papum Pare, Arunachal Pradesh, 791111",5km,landslide,continuous_rain,small,above_road,0,0, , ,Confidence radius should be 3km,GLC, ,27.1071241,93.65156438,India,IN,Arunachal Pradesh,North Lakhimpur,47.35,1499644800000.0,1606348800000,93.651564379,27.107124104,2017-07-09 00:00:00+00:00,False,prox:54:187:5785
4609,Greater Kashmir,http://www.greaterkashmir.com/news/kashmir/kashmir-highway-closed-due-to-landslides/245940.html,10820,1491609600000.0,unknown,Landslide on NH-44 at Hingi,Landslide on road at Hingi following continuous rains lasting several days,"Hingi (??), Ramban, Jammu & Kashmir",50km,landslide,continuous_rain,small,above_road,0,0, , , ,GLC, ,33.40832011,75.20596208,India,IN,Jammu and Kashmir,Gund,2.9,1501804800000.0,1606348800000,75.2059620790001,33.408320109,2017-04-08 00:00:00+00:00,False,prox:66:150:5754
4632,One India,http://news.oneindia.in/2007/08/18/cm-visits-cloudburst-affected-ghanvi-village-1187458326.html,183,1187049600000.0, ,"Himachal Pradesh, Shimla district, Ghanvi village","Really bad event, killed an entire village, *triggered from a cloudburst","Himachal Pradesh, Shimla district, Ghanvi village",50km,complex,downpour,very_large,unknown,52,0, , , ,GLC,183,26.2208,73.6106,India,IN,Rajasthan,Bhawi,0.7,1396310400000.0,1606348800000,73.6106,26.2208000000001,2007-08-14 00:00:00+00:00,False,prox:52:147:4579
4634,Red Cross - Field reports,https://www-secure.ifrc.org/dmis/prepare/view_report.asp?ReportID=2987,147,1185753600000.0, ,Lawngtlai,road networks disrupted,Lawngtlai,25km,landslide,downpour,medium,unknown,0,0, , , ,GLC,147,22.533,92.899,India,IN,Mizoram,Kaladan,10.0,1396310400000.0,1606348800000,92.8990000000001,22.5330000000001,2007-07-30 00:00:00+00:00,False,prox:45:185:4574
4662,timesofindia.indiatimes,http://timesofindia.indiatimes.com/India/Landslide_on_Vaishnodevi_route_in_JK_five_injured/articleshow/3368095.cms,717,1218758400000.0, ,Riasi district of Jammu and Kashmir,landslide occurred en-route holy cave shrine of Mata Vaishno Devi,Riasi district of Jammu and Kashmir,25km,landslide,downpour,medium,unknown,0,0, , , ,GLC,717,33.0,74.9277,India,IN,Jammu and Kashmir,Riasi,13.09,1396310400000.0,1606348800000,74.9277000000001,33.0,2008-08-15 00:00:00+00:00,False,prox:66:149:4702
4664,First Post,http://www.firstpost.com/india/uttarakhand-roads-blocked-after-heavy-rains-landslides-2861878.html?utm_source=FP_CAT_LATEST_NEWS,8032,1467158400000.0, ,"Nandprayag, Uttarakhand, India","Heavy rains and landslides have blocked many roads in the hill state of Uttarakhand, an official said on Wednesday. The roads include the Kedarnath highway and the Badrinath highway at Nandprayag. Efforts were on to clear the roads and bring the disrupte","Nandprayag, Uttarakhand, India",1km,landslide,downpour,medium,above_road,0,0, , , ,GLC,8032,30.3299,79.3206,India,IN,Uttaranchal,Langsu,5.45,1467244800000.0,1606348800000,79.3206000000001,30.3299000000001,2016-06-29 00:00:00+00:00,False,prox:60:158:5660
4678,newkerala,http://www.newkerala.com/news/fullnews-25771.html,2279,1282176000000.0, ,"NH 31A at Likhuvir(?), near Teesta Bazar, 42nd Km marker(?), Kalimpong, West Bengal cutting off Sikkim and Kalimpong","Siliguri (West Bengal), Aug 19 (IBNS) Sikkim and parts of West Bengal's Darjeeling state were cut off from the rest of the country on Thursday, the second time this week, after massive landslides washed away a major portion of road at Likhuvir on 31A Nat","NH 31A at Likhuvir(?), near Teesta Bazar, 42nd Km marker(?), Kalimpong, West Bengal cutting off Sikkim and Kalimpong",10km,landslide,downpour,medium,unknown,0,0, , , ,GLC,2279,26.9722,88.4481,India,IN,West Bengal,Kalimpong,11.66,1396310400000.0,1606348800000,88.4481000000001,26.9722,2010-08-19 00:00:00+00:00,False,prox:53:176:4946
4681,Daijiworld.com,http://www.daijiworld.com/news/news_disp.asp?n_id=36749&n_tit=Mangalore%3A Landslide at Dota - Kavoor-Madankodi Road Damaged - Pics,166,1186617600000.0, ,Mangalore,closest to predicted location of Dahanu (792.36 km),Mangalore,10km,landslide,rain,medium,unknown,0,0, , , ,GLC,166,12.8733,74.8481,India,IN,Karnataka,Mangalore,0.73,1396310400000.0,1606348800000,74.8481,12.8733,2007-08-09 00:00:00+00:00,False,prox:25:149:4578
4690,mangalorean.com,http://mangalorean.com/news.php?newstype=local&newsid=245556,3620,1308268800000.0,04:00,Near Nivar station in the Ratnagiri district of Maharashtra,"Traffic on the Konkan railway route was severely affected today after a protection wall collapsed on the tracks near Nivar station in Ratnagiri district of Maharashtra, officials said.  The Konkan region is witnessing incessant rains for the past three d",Near Nivar station in the Ratnagiri district of Maharashtra,10km,landslide,downpour,medium,unknown,0,0, , , ,GLC,3620,17.0032,73.3572,India,IN,Maharashtra,Ratnagiri,3.09,1396310400000.0,1606348800000,73.3572,17.0032000000001,2011-06-17 00:00:00+00:00,False,prox:34:146:5047
4695,Hindu,http://www.thehindu.com/news/states/kerala/article2333186.ece,3885,1312588800000.0,09:00,Kanamala in Erumeli Panchayat,Massive loss to crop and property have been reported from the high ranges areas of the district bordering neighbouring Idukki district in the heavy rains that lashed the area during the past 24 hours.  Major landslides have been reported from Pallippady,Kanamala in Erumeli Panchayat,5km,landslide,downpour,medium,unknown,0,0, , , ,GLC,3885,9.49739318,76.8696375,India,IN,Kerala,Kanjirapalli,10.73,1396310400000.0,1606348800000,76.8696375040001,9.49739317600006,2011-08-06 00:00:00+00:00,False,prox:18:153:5064
4704,NELive,http://www.nelive.in/arunachal-pradesh/news/landslide-disrupts-road-communication-between-aalo-and-pangin,9087,1468886400000.0, ,"5 km off Sangam point on Aalo- Pangin road, Arunachal Pradesh, India","(Location along road estimated. Landslide may have occured a couple days before June 19, 2016). Landslides triggered by torrential rains over the past few days blocked the road at 5 km off Sangam point on Aalo- Pangin road causing a total disruption in r","5 km off Sangam point on Aalo- Pangin road, Arunachal Pradesh, India",50km,landslide,downpour,medium,above_road,0,0, ,http://www.nelive.in/sites/default/files/07-09-15%20Meghalaya-%20Landslide%20hits%20NH-40%20%282%29.jpg, ,GLC,9087,28.235,94.9612,India,IN,Arunachal Pradesh,Dihang,13.52,1468972800000.0,1606348800000,94.9612000000001,28.2350000000001,2016-07-19 00:00:00+00:00,False,prox:56:189:5667
4728,Assam Tribune,http://www.assamtribune.com/scripts/detailsnew.asp?id=sep2414/at051,6289,1411344000000.0, ,Pamohi,"On the other hand, several incidents of landslides were reported from Dhirenpara, Koinadhara, Gorhchuk, Noonmati and Pamohi.",Pamohi,5km,landslide,rain,small,unknown,0,0, , , ,GLC,6289,26.1001,91.6849,India,IN,Assam,Gauhati,9.7,1413849600000.0,1606348800000,91.6849000000001,26.1001,2014-09-22 00:00:00+00:00,False,prox:52:183:5445
4729,tribuneindia,http://www.tribuneindia.com/2008/20080108/j&k.htm,416,1199664000000.0, ,"between Banihal and Batote, Udhampur, National Highway, Jammu",multiple slides all along the highway,"between Banihal and Batote, Udhampur, National Highway, Jammu",25km,landslide,rain,medium,unknown,0,0, , , ,GLC,416,33.4341,75.1923,India,IN,Jammu and Kashmir,Gund,0.72,1410739200000.0,1606348800000,75.1923,33.4341000000001,2008-01-07 00:00:00+00:00,False,prox:66:150:4628
4733,www.business-standard.com,http://www.indianexpress.com/news/50-major-landslides-hit-four-road-stretches-in-uttarakhand-govt/1131703/,4932,1371340800000.0, ,"7 Km Of Road, Between Kasang And Akpa","The statement, quoting the chief minister, said heavy damage was reported in various parts of the state due to incessant rains, landslides and snow, particularly in remote Kinnaur, where maximum loss of life, damage to roads and property had been reporte","7 Km Of Road, Between Kasang And Akpa",unknown,landslide,downpour,medium,unknown,0,0, , , ,GLC,4932,31.348,77.4614,India,IN,Himachal Pradesh,Rampur,20.74,1396310400000.0,1606348800000,77.4614000000001,31.3480000000001,2013-06-16 00:00:00+00:00,False,prox:62:154:5290
4744,The Financial Express,http://www.financialexpress.com/article/miscellaneous/varunavat-mountain-crack-causes-landslide-chaar-dham-pilgrims-stranded-at-srinagar/103746/,7224,1437264000000.0, ,"Varunavat Mountain, Uttarkashi","Following deep cracks widened by heavy rainfall, a massive landslide occurred at the Varunavat Mountain in Uttarkashi, restraining the movement of Badrinath, Kedarnath and Hemkund pilgrims.","Varunavat Mountain, Uttarkashi",5km,landslide,continuous_rain,medium,above_road,0,0, , , ,GLC,7224,30.73,78.4378,India,IN,Uttaranchal,Uttarkashi,0.39,1437350400000.0,1606348800000,78.4378,30.7300000000001,2015-07-19 00:00:00+00:00,False,prox:61:156:5545
4747,dailyindia,http://www.dailyindia.com/show/255019.php/Landslides-block-Himalayan-road-cuts-Sikkim-from-India,620,1214784000000.0, ,Kalimpong,"Monsoon rains triggered heavy landslides in Kalimpong in Himalayas on Monday, snapping road link to Sikkim with rest of India.",Kalimpong,5km,landslide,downpour,medium,unknown,0,0, , , ,GLC,620,27.0771,88.482,India,IN,West Bengal,Kalimpong,0.52,1435708800000.0,1606348800000,88.4820000000001,27.0771,2008-06-30 00:00:00+00:00,False,prox:54:176:4686
4763,Assam Tribune,http://www.assamtribune.com/scripts/detailsnew.asp?id=sep2414/at051,6282,1411344000000.0, ,Lalmati,"Flash flood and landslides continued to cause devastation in Guwahati for the second day today with the death toll due to landslip rising to four. Two persons died in two separate incidents of landslides in Lalmati and Dakhingaon, whereas a woman was inj",Lalmati,5km,landslide,rain,small,urban,1,0, , , ,GLC,6282,26.1097,91.7747,India,IN,Assam,Gauhati,8.54,1413849600000.0,1606348800000,91.7747000000001,26.1097,2014-09-22 00:00:00+00:00,False,prox:52:183:5445
4768,India Today,http://indiatoday.intoday.in/story/one-killed-four-injured-in-himachal-landslide/1/706274.html,8482,1467417600000.0,09:00,"Highway 22, near Borag Bypass, near Solan, Himachal Pradesh, India","One person was killed and four others were injured seriously when the vehicle in which they were traveling was hit by the falling boulders at National Highway 22 near Solan, Himachal Pradesh on Saturday morning, police sources told India Today. ""Four Nan","Highway 22, near Borag Bypass, near Solan, Himachal Pradesh, India",10km,rock_fall,downpour,medium,above_road,1,4, ,http://media2.intoday.in/indiatoday/images/stories/landslide-story__647x404_070216070915.jpg, ,GLC,8482,30.89221723,77.09003076,India,IN,Himachal Pradesh,Gannja,9.78,1467763200000.0,1606348800000,77.090030764,30.8922172330001,2016-07-02 00:00:00+00:00,False,prox:61:154:5661
4771,dnaindia,http://www.dnaindia.com/india/report_one-dead-road-and-rail-communication-disrupted-due-to-rains-in-assam_1450237,2574,1286582400000.0, ,"between Mahur and Maigrandisa(?) or Lumding, Assam","Meanwhile, rail communication has been disrupted with landslides affecting railway tracks at 28 places between Mahur and Maigrandisa in the Lumding-Silchar section with 40metres of track completely washed away.  NF railways have suspended rail services i","between Mahur and Maigrandisa(?) or Lumding, Assam",50km,landslide,downpour,medium,unknown,0,0, , , ,GLC,2574,25.4749,93.1477,India,IN,Assam,Bara Digar,19.44,1396310400000.0,1606348800000,93.1477,25.4749000000001,2010-10-09 00:00:00+00:00,False,prox:50:186:4963
4786,ibnlive.in,http://ibnlive.in.com/generalnewsfeed/news/five-bro-personnel-injured-in-landslides/1043221.html,4472,1344902400000.0, ,"Uttarkashi, Uttarakhand,","Five personnel of Border Road Organisation (BRO), including an officer were injured when landslides triggered by incessant rains hit the Swarigaad area in Uttarkashi district. The incident took place when the victims were repairing a road damaged in the","Uttarkashi, Uttarakhand,",10km,landslide,downpour,medium,unknown,0,0, , , ,GLC,4472,30.7362,78.44,India,IN,Uttaranchal,Uttarkashi,0.35,1396310400000.0,1606348800000,78.4400000000001,30.7362,2012-08-14 00:00:00+00:00,False,prox:61:156:5188
4793,ibnlive.in,http://ibnlive.in.com/generalnewsfeed/news/rains-disrupt-air-and-road-traffic-in-himachal/743822.html,3667,1309305600000.0, ,"Manali-Rohtang road, at Raninalah, Himachal Pradesh","Jun 30 (PTI) Road and air traffic was disrupted today in several parts of Himachal Pradesh as monsoon remained active in the state during the last 48 hours. Rains triggered landslides, while dense fog engulfed the region leading to cancellation of flight","Manali-Rohtang road, at Raninalah, Himachal Pradesh",25km,landslide,continuous_rain,medium,unknown,0,0, , , ,GLC,3667,32.2282,77.1898,India,IN,Himachal Pradesh,Shirir,18.05,1396310400000.0,1606348800000,77.1898000000001,32.2282000000001,2011-06-29 00:00:00+00:00,False,prox:64:154:5051
4797,The hindu.com,http://www.hindu.com/thehindu/holnus/004200709011250.htm,222,1188604800000.0, ,Maharashta on Konkan Railway between Nivsur and Ratnagiri,"unsure of location, caused rail problems and stalled trains on west coast, ls occurred at 6am",Maharashta on Konkan Railway between Nivsur and Ratnagiri,unknown,landslide,rain,medium,unknown,1,0, , , ,GLC,222,17.2634,73.5446,India,IN,Maharashtra,Sangameshwar,9.03,1396310400000.0,1606348800000,73.5446000000001,17.2634,2007-09-01 00:00:00+00:00,False,prox:34:147:4585
4802,Kashmir Observer,http://www.kashmirobserver.net/index.php?option=com_content&view=article&id=4458:ladakh-highway-closed-for-traffic&catid=2:local-news&Itemid=3,1768,1271721600000.0, ,"Kanipathri(?), Srinagar-Leh highway, Kashmir",Sources said several landslides also occurred at different places including Kanipathri and India gate on the highway due to rainfall in the lower regions.  The Srinagar-Leh national highway was closed to traffic today as high altitude areas of Kashmir va,"Kanipathri(?), Srinagar-Leh highway, Kashmir",unknown,landslide,downpour,medium,above_road,0,0, , , ,GLC,1768,34.38663064,76.34158851,India,IN,Jammu and Kashmir,Goma,7.36,1396310400000.0,1606348800000,76.3415885100001,34.3866306410001,2010-04-20 00:00:00+00:00,False,prox:68:152:4906
4811,United Nations Development Programme - Relief Web,http://www.reliefweb.int/rw/RWB.NSF/db900SID/MCON-74J2QF?OpenDocument,99,1182729600000.0, ,Mumbai,LS info,Mumbai,25km,landslide,rain,medium,unknown,2,0, , , ,GLC,99,19.0298,72.9104,India,IN,Maharashtra,Trombay,2.59,1396310400000.0,1606348800000,72.9104,19.0298,2007-06-25 00:00:00+00:00,False,prox:38:145:4563
4818,Mumbai Mirror,http://www.mumbaimirror.com/article/2/2010060920100609025510668c413fedb/Landslides-kill-2-girls-injure-3.html,1958,1275955200000.0,09:00,2 girls killed,"Landslides kill 2 girls, injure 3  Reema, 12, and Nandini, 6, were buried alive under the wall that collapsed at Antop Hill.  Monsoons have barely got a toehold in the city, and it is showering tragedies already. Two landslides in the different parts of","Kamraj Nagar slum at Sion-Koliwada, Antop Hill, Mumbai",5km,landslide,monsoon,medium,retaining_wall,2,0, , , ,GLC,1958,19.0176,72.8562,India,IN,Maharashtra,Bombay,7.89,1410307200000.0,1606348800000,72.8562000000001,19.0176000000001,2010-06-08 00:00:00+00:00,False,prox:38:145:4922
4821,Arunachal Times,http://www.arunachaltimes.in/man-washed-away-by-mudslide/,9010,1468627200000.0, ,"Hoj-Potin Highway, Arunachal Pradesh, India",In an unfortunate accident one Amit Lama was washed away by mudslide when he came out of his car to inspect the block point in the Hoj-Potin Highway. The district administration immediately pressed men and machines to recover the body. Till the filling o,"Hoj-Potin Highway, Arunachal Pradesh, India",5km,mudslide,downpour,medium,above_road,1,0, , , ,GLC,9010,27.3034,93.804,India,IN,Arunachal Pradesh,North Lakhimpur Lilabari,28.64,1468800000000.0,1606348800000,93.804,27.3034000000001,2016-07-16 00:00:00+00:00,False,prox:54:187:5666
4823,Kalimpong.info,http://www.kalimpong.info/2007/06/15/landslide-hits-highway-raging-river-threatens-to-wreak-havoc/,94,1181865600000.0, ,National Highway 31A at Sevoke,stranded traffic for hours,National Highway 31A at Sevoke,25km,landslide,rain,medium,unknown,0,0, , , ,GLC,94,26.8096,88.526,India,IN,West Bengal,Shaugaon,7.15,1396310400000.0,1606348800000,88.5260000000001,26.8096,2007-06-15 00:00:00+00:00,False,prox:53:177:4559
4831,articles.timesofindia.indiatimes.com,http://articles.timesofindia.indiatimes.com/2013-09-10/india/41936154_1_east-and-north-sikkim-chungthang-gangtok,5485,1378598400000.0, ,"Chungthang, Sikkim","""On Monday, workers of Southern Engineering Works (SEW) Ltd, Chungthang (North Sikkim) were brought to Army Field Hospital with multiple injuries sustained after a landslide struck they were working in a light mechanical workshop near the project site. H","Chungthang, Sikkim",50km,rock_fall,rain,medium,unknown,1,2, , , ,GLC,5485,27.6047,88.6463,India,IN,Sikkim,Lachung,13.56,1396310400000.0,1606348800000,88.6463000000001,27.6047,2013-09-08 00:00:00+00:00,False,prox:55:177:5318
4841,Greater Kashmir,http://www.greaterkashmir.com/news/pir-panjal/story/240567.html,10830,1486252800000.0,unknown,Seri area Landslide on Srinagar-Jammu Highway,"The strategic Srinagar-Jammu highway was closed for traffic on Sunday after overnight rains triggered landslides at several places. A traffic police official said that landslides hit the highway at Seri, Mihar, Maroog and Sher Bibi areas.","NH-1A, Banihal, Ramban, Jammu & Kashmir, 182148",1km,landslide,rain,unknown,above_road,0,0, , , ,GLC, ,33.24823884,75.21350071,India,IN,Jammu and Kashmir,Chaunkri,18.76,1508889600000.0,1606348800000,75.213500706,33.248238835,2017-02-05 00:00:00+00:00,False,prox:66:150:5734
4843,The Shillong Times,http://www.theshillongtimes.com/2017/07/10/landslide-in-ri-bhoi-blocks-nh-6/,10988,1499558400000.0,05:00,Landslide on NH-6,"Landslide after continuous rain blocks NH-6 near Pahamrynnai village, cleared after a few hours","Pahamrynnai, Ribhoi, Meghalaya",1km,landslide,continuous_rain,small,above_road,0,0, , , ,GLC, ,25.82601444,91.87113067,India,IN,Meghalaya,Umran,6.39,1499644800000.0,1606348800000,91.871130668,25.82601444,2017-07-09 00:00:00+00:00,False,prox:51:183:5785
4857,DNA,http://www.dnaindia.com/india/report-all-schools-in-dima-haso-district-closed-due-to-bad-weather-2381478,10980,1491264000000.0, ,Landslide in Mahur,"The rains also caused landslide and landslip in several places in Dima Hasao district headquarters of Haflong and many other places like Harangajao, N Leikul, Mahur and Phaiding for the past couple of days, according to Dima Hasao district administration","Mahur, Assam, India",1km,landslide,rain,small,natural_slope,0,0, , , ,GLC, ,25.181453,93.118105,India,IN,Assam,Mahur,1.16,1501804800000.0,1606348800000,93.1181050000001,25.181453,2017-04-04 00:00:00+00:00,False,prox:50:186:5753
4898,articles.timesofindia,http://articles.timesofindia.indiatimes.com/2011-07-18/goa/29786789_1_transshipped-services-konkan-railway-baban-ghatge,3793,1310860800000.0,00:00,At the Talgaon cutting between Sindhudurg and Kudal section of the Konkan Railway,"TIMES NEWS NETWORK, TNN Jul 18, 2011, 04.20am IST  MARGAO: A landslide that occurred at the Talgaon cutting between Sindhudurg and Kudal section of the Konkan Railway (KR) past midnight on Sunday led to disruption of railway services on the route. Heavy",At the Talgaon cutting between Sindhudurg and Kudal section of the Konkan Railway,25km,landslide,downpour,small,unknown,0,0, , , ,GLC,3793,15.8513,73.8161,India,IN,Maharashtra,Savantvadi,5.06,1396310400000.0,1606348800000,73.8161000000001,15.8513,2011-07-17 00:00:00+00:00,False,prox:31:147:5057
4901,morungexpress,http://www.morungexpress.com/frontpage/53726.html,2263,1282003200000.0, ,"Dikhu bridge(?), Mokokchung-Tuensang road, Nagaland","On Tuesday, vehicles plying on the Mokokchung-Tuensang road were stranded for than 15 hours near the Dikhu Bridge under Mokokchung district due to mudslides and sinking caused by rains.  People cross a portion of the landslide area, along the National Hi","Dikhu bridge(?), Mokokchung-Tuensang road, Nagaland",25km,landslide,downpour,medium,unknown,0,0, , , ,GLC,2263,26.2753,94.6654,India,IN,Nagaland,Nagaland,12.55,1396310400000.0,1606348800000,94.6654,26.2753000000001,2010-08-17 00:00:00+00:00,False,prox:52:189:4946
4915,The Hindu,http://www.thehindu.com/news/national/kerala/heavy-rain-lashes-state/article19155713.ece,10011,1498521600000.0, ,Landslide blocks road on Wayanad pass,"Heavy rain, up to 20 cm, throughout Kerala state on 6/27, landslide on hilly Wayanad pass. Blocks 1.5 lanes of Highway 766.","Highway 766, Wayanad District, Kerala State, India",1km,landslide,continuous_rain,small,above_road,0,0, ,http://www.thehindu.com/news/national/kerala/article19156489.ece/alternates/FREE_660/28tvwylandslideonghatroads1, ,GLC, ,11.51185539,76.01854791,India,IN,Kerala,Meppadi,14.67,1498694400000.0,1606348800000,76.0185479090001,11.5118553850001,2017-06-27 00:00:00+00:00,False,prox:23:152:5781
4918,timesofindia.indiatimes,http://timesofindia.indiatimes.com/Cities/Mumbai/Landslide-kills-one-injures-5/articleshow/4717862.cms,1043,1246233600000.0,02:00,"Adoshi tunnel,  Khandala Ghat, on Pune-Mumbai Expressway","One person was killed and five sustained severe injuries when huge boulders fell on an SUV, following a landslide near the Adoshi tunnel in   Khandala Ghat, on the Pune-Mumbai Expressway in the wee hours of Monday. Senior inspector Marutrao Daphle of the","Adoshi tunnel,  Khandala Ghat, on Pune-Mumbai Expressway",1km,rock_fall,continuous_rain,medium,unknown,1,0, , , ,GLC,1043,18.7591,73.3852,India,IN,Maharashtra,Lonoavale,2.31,1396310400000.0,1606348800000,73.3852000000001,18.7591,2009-06-29 00:00:00+00:00,False,prox:37:146:4808
4919,gsi.gov,"http://www.portal.gsi.gov.in/portal/page?_pageid=127,875814&_dad=portal&_schema=PORTAL",2539,1286064000000.0, ,"Mosing village, Upper Siang district, Arunachal Pradesh","Ten people were killed and about 300,000 displaced in flash floods and landslides triggered by heavy rains in Arunachal Pradesh. Heavy rains triggered mudslides and flooding in at least three districts of Arunachal Pradesh, washing away bridges, huts and","Mosing village, Upper Siang district, Arunachal Pradesh",25km,landslide,downpour,medium,unknown,10,0, , , ,GLC,2539,28.3092,95.4149,India,IN,Arunachal Pradesh,Mimesipo,16.97,1396310400000.0,1606348800000,95.4149,28.3092,2010-10-03 00:00:00+00:00,False,prox:56:190:4961
4923,Telegraph India,http://www.telegraphindia.com/1100922/jsp/nation/story_12966820.jsp,2456,1284854400000.0, ,"near Bagri Glacier(?), Gopeswar(Gopeshwar), Chamoli district, Uttarakhand","In Gopeswar, also in Chamoli district, a 35-member team from Sainik School in Haryana was stranded near Bagri glacier. Police sources said they had been put up in relief camps.  Lucknow, Sept. 21: Tourists trapped in Uttarakhand since Sunday have been fr","near Bagri Glacier(?), Gopeswar(Gopeshwar), Chamoli district, Uttarakhand",25km,landslide,downpour,medium,unknown,0,0, , , ,GLC,2456,30.7991,79.4356,India,IN,Uttaranchal,Saraswati,9.11,1396310400000.0,1606348800000,79.4356000000001,30.7991000000001,2010-09-19 00:00:00+00:00,False,prox:61:158:4957
4928,kanglaonline.com,http://www.kanglaonline.com/index.php?template=headline&newsid=39638&typeid=2,313,1192492800000.0, ,"NH-39 at Piphema,  6 km towards Dimapur from Kohima in Nagaland","occurred at 2pm, stranded vehicles on road between cities, multiple events on road","NH-39 at Piphema,  6 km towards Dimapur from Kohima in Nagaland",5km,landslide,rain,large,unknown,0,0, , , ,GLC,313,25.7055,94.0132,India,IN,Nagaland,Chashinya,23.14,1396310400000.0,1606348800000,94.0132,25.7055,2007-10-16 00:00:00+00:00,False,prox:51:188:4600
4929,timesofindia.indiatimes,http://timesofindia.indiatimes.com/entertainment/bollywood/news-interviews/Army-rescues-Akshay-Ash/articleshow/6165973.cms,2056,1278806400000.0, ,roads from Manali to Rohtang pass,The final schedule of Action Replayy was to start in Manali on Sunday and since they are shooting with two high profile actors — Akshay Kumar and Aishwarya Rai Bachchan — the producers can’t afford to lose a single day.  But Mother Nature had other,roads from Manali to Rohtang pass,10km,landslide,downpour,medium,unknown,0,0, , , ,GLC,2056,32.304,77.2106,India,IN,Himachal Pradesh,Chandra,12.18,1396310400000.0,1606348800000,77.2106000000001,32.304,2010-07-11 00:00:00+00:00,False,prox:64:154:4933
4933,e-Pao.net,http://www.e-pao.net/GP.asp?src=5..211007.oct07,319,1192752000000.0, ,"Maram-Purul Road, Karong Assembly Constituency of Senapati district, Manipur","occurred at 3 places along road (23 km), unsure of exact date within past 5 days","Maram-Purul Road, Karong Assembly Constituency of Senapati district, Manipur",50km,landslide,rain,medium,unknown,0,0, , , ,GLC,319,25.4379,94.1162,India,IN,Manipur,Sochumei,12.94,1396310400000.0,1606348800000,94.1162,25.4379000000001,2007-10-19 00:00:00+00:00,False,prox:50:188:4601
4938,ibnlive.in,http://ibnlive.in.com/generalnewsfeed/news/kedarnath-yatra-remains-suspended-for-sixth-consecutive-day/774968.html,3859,1311897600000.0, ,Kedarnath yatra,"Dehradun, Aug 3 (PTI) The yatra to Himalayan shrine of Kedarnath in Rudraprayag district remained suspended for sixth consecutive day today due to the ongoing repair work on the 14-km long trek route damaged by the landslides. Official sources said the y",Kedarnath yatra,50km,landslide,downpour,medium,unknown,0,0, , , ,GLC,3859,30.012,78.197,India,IN,Uttaranchal,Rishikesh,8.8,1396310400000.0,1606348800000,78.1970000000001,30.0120000000001,2011-07-29 00:00:00+00:00,False,prox:60:156:5061
4943,The Indian Express,http://indianexpress.com/article/india/india-others/jk-police-rescue-130-stranded-tourists-from-landslide-hit-manali-leh-road/,7261,1437436800000.0, ,Rumtse along the Manali-Leh highwa,The J-K Police on Tuesday evening have rescued 130 tourists who were stranded due to landslides on the Manali –Leh road. “There were landslides on Rumtse and Meru spots on the Leh – Manali road due to heavy that blocked the way for tourists coming,Rumtse along the Manali-Leh highwa,1km,landslide,continuous_rain,small,above_road,0,0, , , ,GLC,7261,33.616,77.7652,India,IN,Jammu and Kashmir,Ikpadok,23.07,1437609600000.0,1606348800000,77.7652,33.616,2015-07-21 00:00:00+00:00,False,prox:67:155:5545
4951,dnaindia,http://www.dnaindia.com/india/report_one-dead-road-and-rail-communication-disrupted-due-to-rains-in-assam_1450237,2573,1286582400000.0, ,"Haflong, Assam","One person has died and both road and railway links between Assam's North Cachar Hills district and the rest of the country has been completely cut-off following continuous heavy rainfall for the last two days, official sources said here today.  One pers","Haflong, Assam",5km,mudslide,downpour,medium,unknown,1,0, , , ,GLC,2573,25.1796,93.0083,India,IN,Assam,Mahur,11.59,1396310400000.0,1606348800000,93.0083000000001,25.1796000000001,2010-10-09 00:00:00+00:00,False,prox:50:186:4963
4972,pakistantimes,http://www.pakistantimes.net/pt/detail.php?newsId=20010,3252,1300492800000.0, ,"Jammu-Srinagar hwy, Sheeri(?), Ramban, Jammu and Kashmir","The landslides blocked the road on at least four places including Sheeri, Panithal and Digdol.","Jammu-Srinagar hwy, Sheeri(?), Ramban, Jammu and Kashmir",50km,landslide,downpour,medium,unknown,0,0, , , ,GLC,3252,33.2466,75.1611,India,IN,Jammu and Kashmir,Chaunkri,14.61,1396310400000.0,1606348800000,75.1611,33.2466000000001,2011-03-19 00:00:00+00:00,False,prox:66:150:5017
4992,E-PAO,http://e-pao.net/GP.asp?src=1..020815.aug15,7387,1438387200000.0, ,Imphal-Ukhrul road, ,Imphal-Ukhrul road,50km,landslide,continuous_rain,small,below_road,0,0, ,http://www.e-pao.org/galleries/images/News_Related/2015/08/Chandel_20150802.jpg, ,GLC,7387,24.954,94.2156,India,IN,Manipur,Manipur,28.18,1450051200000.0,1606348800000,94.2156000000001,24.9540000000001,2015-08-01 00:00:00+00:00,False,prox:49:188:5549
4994,articles.timesofindia.indiatimes.com,http://articles.timesofindia.indiatimes.com/2013-08-10/thiruvananthapuram/41266154_1_monsoon-fury-memorandum-crossed-rs,5264,1375574400000.0, ,Kerala,"The state government has sought a financial assistance of Rs 5,660 crore from the Union government to cope with monsoon-related calamities that claimed 175 lives, damaged 60,000 houses and ravaged over 50% of roads across the state. In a memorandum submi",Kerala,unknown,mudslide,downpour,large,unknown,0,0, , , ,GLC,5264,10.3228,76.4319,India,IN,Kerala,Kaladi,17.2,1396310400000.0,1606348800000,76.4319,10.3228,2013-08-04 00:00:00+00:00,False,prox:20:152:5307
4997,morungexpress,http://www.morungexpress.com/local/50451.html,1986,1276560000000.0, ,"Fazl Ali College, Mokokchung, Nagaland","On Tuesday, June 15, 2010 incessant rain triggered landslides at Falz Ali College Mokokchung, at one side of the 3-storied building Science Stream, damaging the Physics laboratory set up at the ground floor.  The Principal of the college, Kuholi Chishi r","Fazl Ali College, Mokokchung, Nagaland",1km,landslide,downpour,medium,unknown,0,0, , , ,GLC,1986,26.3335,94.5512,India,IN,Nagaland,Mongseyimti,12.89,1396310400000.0,1606348800000,94.5512000000001,26.3335000000001,2010-06-15 00:00:00+00:00,False,prox:52:189:4925
5019,mumbaimirror,http://www.mumbaimirror.com/article/2/20100831201008310431058725f18608/Four-die-in-landslide-at-Ulhasnagar-slums.html,2364,1283126400000.0,05:00,"Ambedkar Nagar slum(?), Ulhasnagar city, Thane district, Maharashtra","August 31, 2010 at 04:31:05 AM  Four persons died in a landslide in Ambedkar Nagar, Ulhasanagar on Monday morning. Authorities said that the incident took place due to heavy showers and loosening of soil. The area where the incident occurred has several","Ambedkar Nagar slum(?), Ulhasnagar city, Thane district, Maharashtra",10km,landslide,downpour,medium,unknown,4,0, , , ,GLC,2364,19.2179,73.1694,India,IN,Maharashtra,Ulhasnagar,1.31,1396310400000.0,1606348800000,73.1694000000001,19.2179,2010-08-30 00:00:00+00:00,False,prox:38:146:4950
5022,articles.timesofindia.indiatimes.com,http://articles.timesofindia.indiatimes.com/2013-10-07/guwahati/42793381_1_anil-nagar-heavy-rain-nabin-nagar,5584,1381017600000.0, ,"Nilachal Hill, Guwahati, Assam",Heavy downpour in the last 24 hours paralyzed life in Guwahati and a landslide triggered by the rain claimed the life of an elderly person in the city on Sunday. The rain also dampened the spirit of Durga Puja shopping in the city. Kamrup (Metro) additio,"Nilachal Hill, Guwahati, Assam",5km,landslide,downpour,medium,unknown,0,0, , , ,GLC,5584,26.1665,91.7049,India,IN,Assam,North Gauhati,4.92,1396310400000.0,1606348800000,91.7049000000001,26.1665,2013-10-06 00:00:00+00:00,False,prox:52:183:5328
5032,e-pao.net,http://e-pao.net/GP.asp?src=4..230711.jul11,3831,1311292800000.0, ,Heibok Hills,"Mudslide alarm at Heibok hills Source: The Sangai Express  Imphal, July 22 2011: Following heavy mudslide on the western side of Heibok hills, people of Hiyangthang Tarahei Konjil are caught in a panicky situation.  Apprehension hangs heavy among the peo",Heibok Hills,unknown,landslide,downpour,medium,unknown,0,0, , , ,GLC,3831,24.7992,93.948,India,IN,Manipur,Imphal,6.67,1396310400000.0,1606348800000,93.948,24.7992,2011-07-22 00:00:00+00:00,False,prox:49:187:5059
5046,The Indian Express,http://indianexpress.com/article/india/india-others/mizorams-power-lifeline-on-shaky-ground-after-landslip/,7972,1440720000000.0,02:00,"Mizoram, India","A downpour was drenching the old building at 1.45am on August 28 when what seemed to be a tremor struck. Several glass panes on windows lining the western wall cracked and broke, as did parts of the concrete wall of the control room of the 132KV power su","Mizoram, India",25km,landslide,downpour,large,unknown,0,0, , , ,GLC,7972,23.4495,92.8112,India,IN,Mizoram,Mizoram,9.74,1467244800000.0,1606348800000,92.8112,23.4495000000001,2015-08-28 00:00:00+00:00,False,prox:46:185:5558
5048,Hindustan Times,http://www.hindustantimes.com/india/20-dead-several-houses-swept-away-in-manipur-landslide/story-KoP6OouFBWhqxSdcnLrXJN.html,7384,1438387200000.0, ,"Wayang, Khengjoi","Several houses of Hollenjang, Wayang and Tuitung village under Khengjoi were also swept away by the landslide. The total number of casualties from these areas, if any, are not known so far.","Wayang, Khengjoi",5km,landslide,rain,medium,unknown,0,0, , , ,GLC,7384,23.9278,94.0906,India,IN,Manipur,Nam Palaw,21.04,1450051200000.0,1606348800000,94.0906000000001,23.9278,2015-08-01 00:00:00+00:00,False,prox:47:188:5549
5049,onmanorama,http://english.manoramaonline.com/news/just-in/cloudburst-strikes-jk-15-killed-as-unabated-rains-lash-north.html,7157,1436486400000.0, ,Pahalgam,"At least 17 persons were killed in incessant rains that swept across vast swathes of North India on Sunday triggering landslides and damaging houses in Jammu and Kashmir, Himachal Pradesh, Uttarakhand and UP",Pahalgam,5km,landslide,continuous_rain,medium,unknown,2,0, , , ,GLC,7157,34.0404,75.3156,India,IN,Jammu and Kashmir,Brariyen,8.42,1436745600000.0,1606348800000,75.3156000000001,34.0404,2015-07-10 00:00:00+00:00,False,prox:68:150:5542
5081,Telegraph India,http://telegraphindia.com/1070728/asp/frontpage/story_8116912.asp,142,1185494400000.0, ,Tura,closest to predicated location of Shillong (138.89 km),Tura,10km,rock_fall,rain,large,unknown,8,0, , , ,GLC,142,25.5212,90.232,India,IN,Meghalaya,Tura,0.26,1396310400000.0,1606348800000,90.2320000000001,25.5212000000001,2007-07-27 00:00:00+00:00,False,prox:51:180:4573
5089,Prameyan News 7,http://www.prameyanews7.com/en/jun2016/odisha/26974/Landslide-traps-80-in-Nijabankeswari-Temple-in-Ganjam-Landslide-Nijabankeswari-Temple.htm,7920,1466899200000.0, ,"Goddess Nijabankeswari Temple, Digapahandi, Ganjam district, Odisha, India","As per information, 80 persons had come to visit Goddess Nijabankeswari Temple in Digapahandi but due to landslide they had remained stuck. With rains lashing since Saturday, the Nijabankeswari Hill, named after the up mounted Goddess suddenly  caved in,","Goddess Nijabankeswari Temple, Digapahandi, Ganjam district, Odisha, India",1km,landslide,downpour,medium,natural_slope,0,0, ,http://www.prameyanews7.com/images/cache/600x400/crop/images%7Ccms-image-000026753.jpg, ,GLC,7920,19.3805,84.5699,India,IN,Orissa,Digapahandi,1.18,1467158400000.0,1606348800000,84.5699000000001,19.3805,2016-06-26 00:00:00+00:00,False,prox:38:169:5659
5101,Daily Excelsior,http://www.dailyexcelsior.com/nh-re-opens-on-5th-day-1700-stranded-vehicles-cleared/,6842,1425254400000.0, ,Magarkote,"Muneer Khan told the Excelsior that Jammu-Srinagar National Highway was reopened at around 5 pm this evening after the BRO men and machinery cleared boulders near Panthial and fresh landslides at Hingni, Gangroo and Magarkote.",Magarkote,1km,landslide,continuous_rain,medium,above_road,0,0, , , ,GLC,6842,33.3296,75.203,India,IN,Jammu and Kashmir,Gund,11.58,1426982400000.0,1606348800000,75.203,33.3296,2015-03-02 00:00:00+00:00,False,prox:66:150:5498
5102,ANI News,http://www.aninews.in/videogallery2/40690-landslide-disrupts-039-kedarnath-yatra-039-in-uttarakhand.html,7297,1438041600000.0, ,Kedarnath Yatra,Landslide caused by heavy rains disrupted pilgrimage to revered Hindu shrine of Kedarnath in Uttarakhand. Thousands of pilgrims who came from far flung areas have been stranded. The Public Works Department was engaged in debris clearance but faced proble,Kedarnath Yatra,5km,landslide,continuous_rain,small,above_road,0,0, , , ,GLC,7297,30.7204,79.0758,India,IN,Uttaranchal,Gaundar,15.39,1438128000000.0,1606348800000,79.0758000000001,30.7204,2015-07-28 00:00:00+00:00,False,prox:61:158:5548
5108,english.samaylive,http://english.samaylive.com/regional-news/uttarakhand-news/676488233/rishikesh-badrinath-highway-blocked.html,3578,1307404800000.0,09:00,"Rishikesh-Badrinath hwy., near Sirobgarh(Sirobagad), Rudraprayag district, Uttarakhand","Jun 7 (PTI) Rishikesh-Badrinath national highway was blocked today for traffic after a landslide near Sirobgarh in Rudraprayag district of Uttarakhand.Rocks, stones and soil in large quantities came down to the road this morning due to rainfall in the re","Rishikesh-Badrinath hwy., near Sirobgarh(Sirobagad), Rudraprayag district, Uttarakhand",5km,landslide,downpour,medium,unknown,0,0, , , ,GLC,3578,30.2414,78.908,India,IN,Uttaranchal,Srinagar,7.47,1396310400000.0,1606348800000,78.9080000000001,30.2414,2011-06-07 00:00:00+00:00,False,prox:60:157:5044
5118,deccanchronicle,http://www.deccanchronicle.com/channels/cities/regions/madurai/landslide-snaps-kodai-plains-259,4033,1320278400000.0, ,"Palani-Kodaikanal Ghat road, Kodaikanal","Tourist inflow to Kodaikanal, the princess of hill resorts, remains badly hit, thanks to landslips caused by heavy rainfall. Traffic remains closed on three access routes to the hill station - Palani-Kodaikanal Ghat road, Thandikudi-Kodaikanal and Periya","Palani-Kodaikanal Ghat road, Kodaikanal",5km,landslide,downpour,medium,unknown,0,0, , , ,GLC,4033,10.2445,77.5146,India,IN,Tamil Nadu,Kadaikan,3.78,1396310400000.0,1606348800000,77.5146,10.2445000000001,2011-11-03 00:00:00+00:00,False,prox:20:155:5093
5120,kanglaonline.com,http://www.kanglaonline.com/index.php?template=headline&newsid=39229&typeid=2,252,1189296000000.0, ,"Mao in Manipur, Phipema and Chunikhudima in Nagaland","along NH 39, multiple heavy events, blocked traffic significantly","Mao in Manipur, Phipema and Chunikhudima in Nagaland",25km,landslide,rain,medium,unknown,0,0, , , ,GLC,252,25.4993,94.1192,India,IN,Manipur,Sochumei,12.08,1396310400000.0,1606348800000,94.1192,25.4993000000001,2007-09-09 00:00:00+00:00,False,prox:50:188:4588
5133,ibnlive.in,http://ibnlive.in.com/generalnewsfeed/news/chardham-yatra-suspended-due-to-rains/752982.html,3745,1310083200000.0, ,Between Manali and Rohtang,"MANALI: The first showers of monsoon on Friday have played havoc with the prevailing conditions in Kullu-Manali. Landslides on Manali-Leh highway disrupted traffic movement while flights returned to Delhi, unable to land at Kullu airport.  Frequent lands",Between Manali and Rohtang,unknown,landslide,rain,medium,unknown,0,0, , , ,GLC,3745,30.9209,77.0206,India,IN,Himachal Pradesh,Kalka,12.31,1396310400000.0,1606348800000,77.0206000000001,30.9209000000001,2011-07-08 00:00:00+00:00,False,prox:61:154:5054
5148,Business Standard,http://www.business-standard.com/article/pti-stories/one-killed-in-landslide-in-u-khand-116080600419_1.html,9448,1470355200000.0,23:00,Bangapani area of Pithoragarh,one man killed by boulders,Bangapani area of Pithoragarh,10km,rock_fall,downpour,small,unknown,1,0, ,http://i2.wp.com/www.siasat.com/wp-content/uploads/2015/09/landslide.jpg?resize=630%2C330, ,GLC,9448,29.5866,80.2154,India,IN,Uttaranchal,Pithoragarh,0.55,1471305600000.0,1606348800000,80.2154000000001,29.5866,2016-08-05 00:00:00+00:00,False,prox:59:160:5672
5165,morungexpress,http://www.morungexpress.com/local/51540.html,2043,1278374400000.0, ,"Mon, Nagaland","Dimapur| July 12  : Yet another monsoon season in Nagaland and one has to batter bad roads.    This year’s monsoon has been the worse by far.  Most interior villagers of Mon, Tuensang and Kiphire are cut out from the rest of the state. With good roads","Mon, Nagaland",5km,mudslide,monsoon,medium,unknown,0,0, , , ,GLC,2043,26.7225,95.0281,India,IN,Nagaland,Mon,2.68,1396310400000.0,1606348800000,95.0281000000001,26.7225,2010-07-06 00:00:00+00:00,False,prox:53:190:4932
5170,himachal.us,http://himachal.us/2010/09/22/heavy-rains-damage-roads-in-himachal-alert-sounded-in-kinnaur/22231/news/ravinder,2463,1284854400000.0, ,"Theog-Kotkhai-Jubbal road, Himachal Pradesh",(posted 9/22 but may cover events from past weeks)A police spokesman said that traffic on the Shimla- Kalka highway was disrupted near Solan. The beaten track of the Theog-Kotkhai-Jubbal road was blocked at several places because of landslides or traffic,"Theog-Kotkhai-Jubbal road, Himachal Pradesh",25km,landslide,downpour,medium,unknown,0,0, , , ,GLC,2463,31.1191,77.5092,India,IN,Himachal Pradesh,Saura,22.98,1396310400000.0,1606348800000,77.5092000000001,31.1191000000001,2010-09-19 00:00:00+00:00,False,prox:62:155:4957
5187,The Times of India,http://timesofindia.indiatimes.com/city/dehradun/Landslides-narrow-down-road-to-Kempty-Falls/articleshow/48257236.cms,7296,1437696000000.0, ,Kempty Road near Kandikhal,"Four days after a massive landslide on Kempty Road, the stretch remains as good as blocked. The landslide occurred near Kandikhal village, destroying gharats (indigenous mills to pound wheat that use large stones which move with the force of the stream)",Kempty Road near Kandikhal,25km,landslide,continuous_rain,medium,above_road,0,0, , , ,GLC,7296,30.416,78.3415,India,IN,Uttaranchal,Chham,12.02,1438128000000.0,1606348800000,78.3415000000001,30.4160000000001,2015-07-24 00:00:00+00:00,False,prox:60:156:5546
5192,isikkim.com,http://isikkim.com/2012-06-sikkim-landslide-at-tathangchen-poses-threat-to-residents-15-5/,4411,1339632000000.0,04:00,"Tathangchen, Gangtok, Sikkim","The continuous rainfall triggered a landslide on Thursday  morning at 4 am near Kamala Gas agency at Tathangchen, Gangtok.  Though no casualties were reported but the landslide has posed threat to some of the residence. Immediately after the occurrenc","Tathangchen, Gangtok, Sikkim",5km,landslide,downpour,medium,unknown,0,0, , , ,GLC,4411,27.339,88.6065,India,IN,Sikkim,Tista,16.5,1396310400000.0,1606348800000,88.6065,27.339,2012-06-14 00:00:00+00:00,False,prox:54:177:5168
5207,ibnlive.in,http://ibnlive.in.com/generalnewsfeed/news/five-killed-in-landslides-in-sikkim/801295.html,3944,1314230400000.0, ,"Hee-Khola, Sikkim","Five persons including two minors were killed in two separate landslides incident in West Sikkim district, official sources said today. A cloud burst triggered a massive landslide at Samathang village, near Malbasey in West Sikkim in which three members","Hee-Khola, Sikkim",10km,landslide,downpour,medium,unknown,2,0, , , ,GLC,3944,27.7344,88.633,India,IN,Sikkim,Lachung,11.33,1396310400000.0,1606348800000,88.633,27.7344,2011-08-25 00:00:00+00:00,False,prox:55:177:5070
5208,Hindustan Times,http://www.hindustantimes.com/amritsar/jathedar-makkar-condole-death-of-pilgrims-in-manikaran-landslip/article1-1381473.aspx,7329,1439856000000.0,15:00,the Sikh shrine in Manikaran,Akal Takht Jathedar Giani Gurbachan Singh and Shiromani Gurdwara Parbandhak Committee (SGPC) chief Avtar Singh Makkar on Tuesday condoled the death of seven pilgrims at the Sikh shrine in Manikaran in Himachal Pradesh (HP) following a landslide which als,the Sikh shrine in Manikaran,1km,rock_fall,rain,medium,unknown,8,10, ,http://s1.firstpost.in/wp-content/uploads/2015/08/Landslide_Manikaran_PTI.jpg, ,GLC,7329,32.0275,77.3446,India,IN,Himachal Pradesh,Himachal Pradesh,8.37,1462838400000.0,1606348800000,77.3446000000001,32.0275,2015-08-18 00:00:00+00:00,False,prox:64:154:5555
5234,articles.timesofindia.indiatimes.com,http://articles.timesofindia.indiatimes.com/2013-07-08/india/40442321_1_landslides-heavy-rainfall-isolated-places,5052,1373155200000.0, ,"A Nullah Near The Government Hospital In Mandi, Himachal Pradesh","Heavy rainfall continued to lash several parts of Himachal Pradesh on Sunday, causing rise in water level in rivers, besides triggering landslides at some places. In Mandi town flooding of a nullah near the government hospital choked the hospital premise","A Nullah Near The Government Hospital In Mandi, Himachal Pradesh",1km,landslide,downpour,medium,unknown,0,0, , , ,GLC,5052,31.7093,76.9297,India,IN,Himachal Pradesh,Mandi,0.98,1396310400000.0,1606348800000,76.9297000000001,31.7093,2013-07-07 00:00:00+00:00,False,prox:63:153:5297
5255,english.ntdtv,http://english.ntdtv.com/ntdtv_en/ns_asia/2010-08-17/124801939515.html,2257,1281916800000.0, ,"badrinath route, Lambagarh(?), Uttarakhand","Heavy rain caused flashfloods and a landslide in India's Uttarakhand state on Monday, damaging a major highway and disrupting traffic flow.  Officials say landslides have been causing problems every year.  [Piyush Rotela, Director, Disaster Management Un","badrinath route, Lambagarh(?), Uttarakhand",25km,landslide,downpour,medium,unknown,0,0, , , ,GLC,2257,30.7284,79.4971,India,IN,Uttaranchal,Saraswati,1.65,1396310400000.0,1606348800000,79.4971,30.7284000000001,2010-08-16 00:00:00+00:00,False,prox:61:158:4945
5257,The Telegraph,http://www.telegraphindia.com/1141007/jsp/frontpage/story_18900562.jsp#.VDVSk_ldV8E,6214,1412467200000.0,18:00,Jorabat-Umiam route,"Last evening, a massive landslide at Umling in Ri Bhoi district, around 42km from here, claimed one life while several others had a providential escape. Umling is located along the Jorabat-Umiam route. Around 6pm yesterday, six light vehicles and a tanke",Jorabat-Umiam route,5km,landslide,rain,medium,above_road,1,0, , , ,GLC,6214,25.9702,91.8587,India,IN,Meghalaya,Pomahi,13.65,1467244800000.0,1606348800000,91.8587000000001,25.9702,2014-10-05 00:00:00+00:00,False,prox:51:183:5449
5267,IBN,http://ibnlive.in.com/generalnewsfeed/news/yatra-to-kedarnath-gangotri-yamunotri-resumes/745000.html,3670,1309305600000.0, ,National highway leading to Kedarnath,"Jul 1 (PTI) National highways leading to Kedarnath, Gangotri and Yamunotri, which were blocked due to landslides following heavy rains, were reopened today for traffic to resume the yatra, official sources said.The national highways leading to Kedarnath,",National highway leading to Kedarnath,25km,landslide,downpour,medium,above_road,0,0, , , ,GLC,3670,30.67629482,79.04191791,India,IN,Uttaranchal,Gaundar,14.42,1396310400000.0,1606348800000,79.0419179140001,30.676294824,2011-06-29 00:00:00+00:00,False,prox:61:158:5051
5279,Telegraph India,http://www.telegraphindia.com/1120531/jsp/siliguri/story_15552745.jsp#.UN9MJeSx_K0,4373,1338336000000.0, ,Jawaharlal Nehru Marg,"Nearly 2,500 tourists on their way back from Nathu-la were left stranded after a series of landslides blocked Jawaharlal Nehru Marg that links Gangtok to the border pass.  According to police and the army, the landslides continued well past 8pm preventin",Jawaharlal Nehru Marg,5km,landslide,downpour,large,unknown,0,0, , , ,GLC,4373,26.876,75.8101,India,IN,Rajasthan,Jaipur,6.0,1396310400000.0,1606348800000,75.8101,26.876,2012-05-30 00:00:00+00:00,False,prox:53:151:5163
5290,Sikkim times.com,http://sikkimnews.blogspot.com/,251,1189296000000.0, ,Hingdam village in South Sikkim,"many people displaced, houses damaged",Hingdam village in South Sikkim,50km,landslide,rain,medium,unknown,1,0, , , ,GLC,251,27.1667,88.35,India,IN,Sikkim,Kalimpong,16.33,1396310400000.0,1606348800000,88.3500000000001,27.1667,2007-09-09 00:00:00+00:00,False,prox:54:176:4588
5293,news.oneindia,http://news.oneindia.in/2010/07/04/landslidedisrupts-toy-train-services-in-darjeelingdisappo.html,2034,1278201600000.0, ,"Toy Train rails between Siliguri and Darjeeling, West Bengal","The services of Darjeeling Himalayan Railway (DHR), also known as Toy Train, has been suspended due to a landslide in the hills, disappointing hundreds of tourists coming here from different parts of the country.  The landslide took place on the National","Toy Train rails between Siliguri and Darjeeling, West Bengal",exact,landslide,rain,medium,below_road,0,0, , , ,GLC,2034,26.8712,88.3052,India,IN,West Bengal,Kurseong,2.96,1425427200000.0,1606348800000,88.3052000000001,26.8712,2010-07-04 00:00:00+00:00,False,prox:53:176:4931
5294,Hindustan Times,http://www.hindustantimes.com/punjab/jandk/7-vaishno-devi-pilgrims-injured-in-landslide/article1-1253052.aspx,6197,1408147200000.0,23:00,Jammu and Kashmir between Adhkuwari and Bhawan at Devi Dwar,lat  33.027222°      long 74.946493°,Jammu and Kashmir between Adhkuwari and Bhawan at Devi Dwar,5km,landslide,downpour,medium,above_road,0,0, , , ,GLC,6197,33.0272,74.9465,India,IN,Jammu and Kashmir,Riasi,12.68,1410048000000.0,1606348800000,74.9465000000001,33.0272000000001,2014-08-16 00:00:00+00:00,False,prox:66:149:5432
5296,Saharas Samay,http://www.saharasamay.com/samayhtml/articles.aspx?newsid=84791,264,1189641600000.0, ,Guwahati,"landslide hit house and buried a family, occurred at 3am",Guwahati,10km,landslide,rain,medium,unknown,0,0, , , ,GLC,264,26.1833,91.8,India,IN,Assam,Gauhati,4.8,1396310400000.0,1606348800000,91.8000000000001,26.1833,2007-09-13 00:00:00+00:00,False,prox:52:183:4589
5299,Mizoram Express,http://mizoramexpress.com/index.php/2010/09/mizoram-landslides-kill-one-woman/,2420,1284336000000.0, ,"Tuikual 'C', Aizawl, Mizoram","Landslide triggered by heavy rain in Tuikual ‘C’ on Monday killed a woman, R. Laltanpuii.  According to Aizawl Police sources, the landslide buried the woman while she was collecting water with her friend. Luckily, her friend who was nearby her escap","Tuikual 'C', Aizawl, Mizoram",1km,landslide,downpour,medium,urban,1,0, , , ,GLC,2420,23.72988966,92.71495623,India,IN,Mizoram,Aizwal,9.51,1396310400000.0,1606348800000,92.714956228,23.729889659,2010-09-13 00:00:00+00:00,False,prox:47:185:4955
5307,dailypioneer,http://www.dailypioneer.com/277138/Landslide-kills-18-schoolchildren.html,2268,1282089600000.0,08:00,"Saraswati Shishu Mandir school(?), Sumgarh(Sumgad) village(?), Bageshwar-Pindari glacier rd 45 km from Bageshwar, Kapkot, Bageshwar, Uttarakhand","Tragedy visited Kapkot in Bageshwar, Uttarakhand, on Wednesday morning when 18 schoolchildren perished and over 25 students were severely wounded after heavy rainfall caused massive boulders to roll down the slopes and hit a private primary school in a v","Saraswati Shishu Mandir school(?), Sumgarh(Sumgad) village(?), Bageshwar-Pindari glacier rd 45 km from Bageshwar, Kapkot, Bageshwar, Uttarakhand",10km,complex,downpour,large,unknown,18,0, , , ,GLC,2268,30.0134,79.9261,India,IN,Uttaranchal,Bageshwar,24.99,1396310400000.0,1606348800000,79.9261000000001,30.0134000000001,2010-08-18 00:00:00+00:00,False,prox:60:159:4946
5311,sify.com,http://sify.com/news/landslides-in-kashmir-village-100-rescued-news-national-kfzxEcbagdh.html,1901,1274745600000.0,18:00,"Chadiyan(?) village near Uri, Baramulla district, Jammu and Kashmir","Landslides hit a village near the border town of Uri in north Kashmir's Baramulla district  on  Tuesday evening, damaging several houses. Over 100 people were rescued by the swift response by the police, officials said. Landslides struck Chadiyan village","Chadiyan(?) village near Uri, Baramulla district, Jammu and Kashmir",25km,landslide,downpour,medium,unknown,0,0, , , ,GLC,1901,34.09,74.0256,India,IN,Jammu and Kashmir,Uri,2.11,1396310400000.0,1606348800000,74.0256000000001,34.09,2010-05-25 00:00:00+00:00,False,prox:68:148:4918
5317,The hindu.com, ,231,1188950400000.0, ,Darjeeling Hills (Lebong - 10 km from Darjeeling,"damaged structures in area, one debris flow hit a jeep at 7:30am",Darjeeling Hills (Lebong - 10 km from Darjeeling,5km,landslide,rain,medium,unknown,15,0, , , ,GLC,231,27.06826195,88.28121204,India,IN,West Bengal,Darjeeling,3.74,1396310400000.0,1606348800000,88.2812120410001,27.068261953,2007-09-05 00:00:00+00:00,False,prox:54:176:4587
5321,India Today In,http://indiatoday.intoday.in/story/darjeeling-landslides-heavy-rains-west-bengal/1/448268.html,7039,1435708800000.0, ,8 mile in Kalimpong,15 people missing at 8th and 11th mile,8 mile in Kalimpong,1km,landslide,downpour,medium,unknown,0,0, , , ,GLC,7039,27.0678,88.456,India,IN,West Bengal,Kalimpong,2.29,1435708800000.0,1606348800000,88.4560000000001,27.0678,2015-07-01 00:00:00+00:00,False,prox:54:176:5539
5324,himvani,http://www.himvani.com/news/2010/07/07/himachal-rivers-in-spate-nh-21-and-manali-keylong-road-blocked/5858/,2050,1278460800000.0, ,"NH-22 beyond Recong-Peo(Reckong Peo),  Himachal Pradesh","Following inclement weather conditions, a high alert has been sounded in Himachal Pradesh as most rivers and their tributaries are flowing above the danger mark after heavy rains.  A report from Lahaul-Spiti stated that Manali-Keylong road has been block","NH-22 beyond Recong-Peo(Reckong Peo),  Himachal Pradesh",25km,landslide,downpour,medium,unknown,0,0, , , ,GLC,2050,31.645,78.4354,India,IN,Himachal Pradesh,Rangbar Thachang,20.74,1396310400000.0,1606348800000,78.4354000000001,31.645,2010-07-07 00:00:00+00:00,False,prox:63:156:4932
5332,articles.timesofindia.indiatimes.com,http://articles.timesofindia.indiatimes.com/2013-07-08/india/40442321_1_landslides-heavy-rainfall-isolated-places,5051,1373155200000.0, ,"Mandi-Kullu Highway In Mandi, Himachal Pradesh","Heavy rainfall continued to lash several parts of Himachal Pradesh on Sunday, causing rise in water level in rivers, besides triggering landslides at some places. In Mandi town flooding of a nullah near the government hospital choked the hospital premise","Mandi-Kullu Highway In Mandi, Himachal Pradesh",50km,landslide,downpour,medium,unknown,0,0, , , ,GLC,5051,31.7017,76.973,India,IN,Himachal Pradesh,Mandi,3.26,1396310400000.0,1606348800000,76.9730000000001,31.7017000000001,2013-07-07 00:00:00+00:00,False,prox:63:153:5297
5343,www.hindustantimes.com,http://www.hindustantimes.com/India-news/Uttarakhand/Uttarakhand-Two-landslides-slow-down-ground-operations/Article1-1081377.aspx,4974,1372032000000.0,15:00,"Between Rudaprayag And Guptkashi, Uttarakhand (2 Landslides)","Relief work in Uttarakhand is fast turning into a battle against rain which has left escort tracks soggy and caused two landslides between Rudaprayag and Guptkashi further slowing down rescue operations on Monday. Though skies turned grey, IAF choppers c","Between Rudaprayag And Guptkashi, Uttarakhand (2 Landslides)",25km,landslide,rain,medium,unknown,0,0, , , ,GLC,4974,30.4091,79.0579,India,IN,Uttaranchal,Langsu,23.93,1396310400000.0,1606348800000,79.0579000000001,30.4091,2013-06-24 00:00:00+00:00,False,prox:60:158:5293
5354,Rajasthan Patrika,http://rajasthanpatrika.patrika.com/story/india/9-feared-killed-in-kashmir-landslide-and-house-collapse-971636.html,7174,1428019200000.0, ,"landslide, falling tree crushed 4",A police official said the landslide Friday in the town of Uri was uprooted tree fell on the two men and four people died on the spot and two others wounded.,"Upper Uri town, Baramulla district",1km,landslide,continuous_rain,small,unknown,2,2, , ,"7173 was a duplicate of this point, so I deleted it. -TAS",GLC,7174,34.08230448,74.03099028,India,IN,Jammu and Kashmir,Uri,1.62,1436745600000.0,1606348800000,74.0309902760001,34.082304477,2015-04-03 00:00:00+00:00,False,prox:68:148:5509
5357,Assam Times,http://www.assamtimes.org/node/11181,6112,1403913600000.0,09:00,"Kharghuli Hills, Assam","Over 50 people had a narrow escape in Guwahati when 13 houses collapsed in landslide on Saturday. The incident took place in the morning at Kharghuli hilltop where 13 houses were damaged in landslide. The people inside the houses, who were remaining aler","Kharghuli Hills, Assam",exact,landslide,rain,medium,unknown,0,0, , , ,GLC,6112,26.1964,91.7652,India,IN,Assam,Gauhati,1.9,1408838400000.0,1606348800000,91.7652,26.1964,2014-06-28 00:00:00+00:00,False,prox:52:183:5416
5367,India Times,http://timesofindia.indiatimes.com/Bangalore/Woman_killed_in_Nilgiri_landslides/articleshow/2494313.cms,326,1193356800000.0, ,"Nilgiri, Nondimedu on the Ooty-Coonoor road","20 landslides reported, heavy rains started Friday in district, ls killing woman occurred at 1:30am","Nilgiri, Nondimedu on the Ooty-Coonoor road",25km,landslide,rain,large,unknown,0,0, , , ,GLC,326,11.4046,76.6953,India,IN,Tamil Nadu,Ootacamund,0.82,1396310400000.0,1606348800000,76.6953,11.4046000000001,2007-10-26 00:00:00+00:00,False,prox:22:153:4604
5376,India times,http://timesofindia.indiatimes.com/India/Flood-hit_Tripura_Mizoram_remain_cut_off_for_seventh_day/articleshow/2380211.cms,259,1189468800000.0, ,"Assam-Agartala National Highway, Sonarpur in Jayantiya hills of Meghalaya","on highway, blocking road","Assam-Agartala National Highway, Sonarpur in Jayantiya hills of Meghalaya",unknown,landslide,rain,medium,unknown,0,0, , , ,GLC,259,25.52,91.27,India,IN,Meghalaya,Nongstoin,1.66,1396310400000.0,1606348800000,91.27,25.52,2007-09-11 00:00:00+00:00,False,prox:51:182:4589
5386,Ani News,http://www.aninews.in/videogallery9/38760-landslide-hits-toy-train-services-in-west-bengal.html,6967,1434153600000.0,06:00,"Darjeeling Heritage Railway, Darjeeling",Massive landslide in West Bengal hit toy train service...Boulders and debris fell on the rail tracks caused by incessant rain followed by the landslide.,"Darjeeling Heritage Railway, Darjeeling",1km,landslide,downpour,medium,above_road,0,0, , , ,GLC,6967,27.0165,88.2476,India,IN,West Bengal,Darjeeling,2.94,1435190400000.0,1606348800000,88.2476,27.0165000000001,2015-06-13 00:00:00+00:00,False,prox:54:176:5533
5390,assamtribune,http://www.assamtribune.com/scripts/detailsnew.asp?id=jul3110/oth05,2163,1280361600000.0, ,"Maram area in Senapati district, National Highway 39",Manipur’s National Highway 39 has been cut off from the rest of the region after a heavy landslide at Maram area in Senapati district. The Imphal-Mao section of the NH-39 has been cut off due to landslide at Maram bazaar following heavy rainfall in the,"Maram area in Senapati district, National Highway 39",5km,landslide,downpour,medium,unknown,0,0, , , ,GLC,2163,25.4196,94.1054,India,IN,Manipur,Sochumei,14.73,1396310400000.0,1606348800000,94.1054,25.4196000000001,2010-07-29 00:00:00+00:00,False,prox:50:188:4939
5399,hindu,http://www.hindu.com/2010/11/24/stories/2010112450790100.htm,2729,1289865600000.0, ,"road near Saverikadu village(?), between Palani and Kodaikanal, Tamil Nadu province",The Highways Department had earlier closed traffic on Palani-Kodaikanal ghat road after a massive landslide near Saverikadu village recently. It has started the construction of a permanent structure to prevent further landslides in this village.,"road near Saverikadu village(?), between Palani and Kodaikanal, Tamil Nadu province",10km,landslide,downpour,medium,unknown,0,0, , , ,GLC,2729,10.3184,77.5277,India,IN,Tamil Nadu,Kadaikan,11.14,1396310400000.0,1606348800000,77.5277,10.3184,2010-11-16 00:00:00+00:00,False,prox:20:155:4976
5402,www.indiaglitz.com,http://www.indiaglitz.com/channels/hindi/article/99743.html,5636,1384300800000.0,23:00,Maharashtra,"Train services between Kanyakumari and Thiru_va__nanthapuram were cancelled following a landslide on the track at Nemom on Wednesday. The landslide, caused by heavy rain last night, was said to have partially covered the railway track. According to south",Maharashtra,unknown,landslide,downpour,medium,unknown,0,0, , , ,GLC,5636,18.7654,73.364,India,IN,Maharashtra,Lonoavale,4.59,1396310400000.0,1606348800000,73.364,18.7654,2013-11-13 00:00:00+00:00,False,prox:37:146:5340
5406,www.deccanchronicle.com,http://www.deccanchronicle.com/130806/news-current-affairs/article/special-landslides-rain-havoc-kerala,5280,1375660800000.0,08:00,"Thadiyambadu Near Painavu, Kerala","At Thadiyambadu near Painavu, two sisters, Josma (16) and Josmy (13), died when mud slipped from a hillock onto their house early on Monday morning. The two were fast asleep in their room. They were students of St George High School, Vazhathope. Their pa","Thadiyambadu Near Painavu, Kerala",1km,landslide,monsoon,medium,unknown,2,2, , , ,GLC,5280,9.879,76.9683,India,IN,Kerala,Devikolam,25.43,1396310400000.0,1606348800000,76.9683000000001,9.87900000000007,2013-08-05 00:00:00+00:00,False,prox:19:153:5307
5408,E-PAO,http://e-pao.net/GP.asp?src=22..020815.aug15,7375,1438387200000.0, ,Ukhrul NH 201-Jessami road,"The landslides occurred at three places between Ukhrul to Nungbi Village, following which a team of RKL inspected the sites today.",Ukhrul NH 201-Jessami road,25km,landslide,continuous_rain,medium,above_road,0,0, , , ,GLC,7375,25.1941,94.4481,India,IN,Manipur,Chattrik,31.14,1448064000000.0,1606348800000,94.4481000000001,25.1941,2015-08-01 00:00:00+00:00,False,prox:50:188:5549
5419,goacom,http://www.goacom.com/joel/news/2008/jun/07jun08.htm,571,1212710400000.0, ,"Jetty, Desterovaddo, Bharatline-Tarivaddo and Harbour, Vasco, Goa",Unsure about specifics of landslide events,"Jetty, Desterovaddo, Bharatline-Tarivaddo and Harbour, Vasco, Goa",50km,landslide,rain,medium,unknown,0,0, , , ,GLC,571,15.3925,73.8377,India,IN,Goa,Goa Dabolim,1.23,1396310400000.0,1606348800000,73.8377,15.3925,2008-06-06 00:00:00+00:00,False,prox:30:147:4678
5420,ibnlive.in,http://ibnlive.in.com/generalnewsfeed/news/jk-highway-witnesses-closure-traffic-jam-due-to-landslide/990081.html,4335,1335225600000.0, ,"Srinagar-Jammu Highway, Ramban, jammu",The 300-km Jammu-Srinagar National Highway today witnessed heavy traffic jams due to closure of the highway following landslides triggered by heavy rains in Ramban district of Jammu and Kashmir. There were two landslides in Seeri area on the highway in R,"Srinagar-Jammu Highway, Ramban, jammu",5km,landslide,downpour,medium,unknown,0,0, , , ,GLC,4335,33.2413,75.2381,India,IN,Jammu and Kashmir,Chaunkri,20.45,1396310400000.0,1606348800000,75.2381,33.2413,2012-04-24 00:00:00+00:00,False,prox:66:150:5151
5423,The Hindu,http://www.thehindu.com/news/national/tamil-nadu/ghat-road-leading-to-temple-closed-following-landslip/article7831586.ece,8892,1446249600000.0, ,Arthanareeswarar Temple,"Downpour for about three hours on Saturday evening led to landslip, the second in the last four days, on the ghat road leading to Arthanareeswarar Temple situated atop a hillock in the town in the early hours of Sunday.  Due to sharp showers, landslip wa",Arthanareeswarar Temple,exact,landslide,downpour,small,above_road,0,0, , , ,GLC,8892,11.374,77.8987,India,IN,Tamil Nadu,Tiruchengodu,0.48,1468195200000.0,1606348800000,77.8987000000001,11.374,2015-10-31 00:00:00+00:00,False,prox:22:155:5579
5425,www.deccanchronicle.com,http://www.deccanchronicle.com/130807/news-current-affairs/article/athirapilly-falls-closed-tourists,5294,1375833600000.0, ,Ambalappara In Thrissur,"Earlier, the inter-state Athirapilly - Pollachi route via Vazhachal and Malakkapara was closed to traffic due to landslide triggered by rains at Ambalappara  in Thrissur.",Ambalappara In Thrissur,25km,landslide,monsoon,medium,unknown,0,0, , , ,GLC,5294,10.3031,76.7604,India,IN,Kerala,Parambikolam,11.89,1396310400000.0,1606348800000,76.7604000000001,10.3031,2013-08-07 00:00:00+00:00,False,prox:20:153:5308
5426,articles.timesofindia,http://articles.timesofindia.indiatimes.com/2011-09-05/goa/30115561_1_landslide-ghat-section-travel-agency,3963,1315094400000.0,00:00,"Kashedi ghat,  Raigad  Maharashtra (used Raigad Fort for lat lon)","A second landslide in a section of the Kashedi ghat in Raigad district has again disrupted traffic on the Goa-Mumbai highway on Sunday. Earlier, another landslide was cleared by mid-morning.","Kashedi ghat,  Raigad  Maharashtra (used Raigad Fort for lat lon)",5km,landslide,rain,small,above_road,0,0, , , ,GLC,3963,17.9031,73.4361,India,IN,Maharashtra,Jangam Wari,3.85,1452211200000.0,1606348800000,73.4361000000001,17.9031,2011-09-04 00:00:00+00:00,False,prox:35:146:5073
5456,articles.timesofindia,http://articles.timesofindia.indiatimes.com/2012-06-04/guwahati/32030359_1_barail-hill-harangajao-landslides,4383,1338681600000.0, ,"between Maibang and Daotohaja, Assam",Torrential rain in the Barail Hill range for the past many days triggered landslides at least five places along the Lumding-Silchar section of Northeast Frontier Railway (NFR) early on Sunday. Authorities have suspended and regulated services of all the,"between Maibang and Daotohaja, Assam",5km,landslide,downpour,medium,unknown,0,0, , , ,GLC,4383,25.3056,93.1265,India,IN,Assam,Mahur,14.8,1396310400000.0,1606348800000,93.1265000000001,25.3056,2012-06-03 00:00:00+00:00,False,prox:50:186:5164
5480,kanglaonline.com,http://www.kanglaonline.com/index.php?template=headline&newsid=39058&typeid=1,211,1188086400000.0, ,Tamenglong,"man killed along road cut, many events in this area affecting people and livestock, occurred at 5:30 pm",Tamenglong,5km,mudslide,continuous_rain,medium,unknown,1,0,3 days of rain, , ,GLC,211,24.9667,93.55,India,IN,Manipur,Brail Range,14.96,1396310400000.0,1606348800000,93.5500000000001,24.9667000000001,2007-08-26 00:00:00+00:00,False,named:3 days of rain
5481,The Times of India,http://timesofindia.indiatimes.com/city/kolkata/Landslide-halts-joy-ride-in-Darjeeling/articleshow/47887813.cms,7033,1435536000000.0, ,NH-55 at Merry Villa,"We had to stop the service because debris have blocked the track at Merry Villa - S Sekhar. At present, all vehicles are waiting in a single file to enter and leave Darjeeling town. ""Boulders are still blocking most of the road space."" - Santosh Tamang",NH-55 at Merry Villa,1km,landslide,downpour,medium,above_road,0,0, , , ,GLC,7033,27.0161,88.2478,India,IN,West Bengal,Darjeeling,2.97,1435708800000.0,1606348800000,88.2478000000001,27.0161,2015-06-29 00:00:00+00:00,False,prox:54:176:5538
5483,articles.economictimes.indiatimes.com,http://articles.economictimes.indiatimes.com/2013-07-29/news/40872756_1_landslides-amarnath-pilgrims-men-and-machines,5234,1375056000000.0,10:00,"Samroli, Udhampur District, Kashmir","The Jammu-Srinagar National Highway was closed for traffic today due to landslides in Udhampur district, leaving 200 vehicles stranded. The landslides hit the highway at Samroli area of the district, police said. The men and machines of Border Road Organ","Samroli, Udhampur District, Kashmir",1km,rock_fall,rain,medium,unknown,0,0, , , ,GLC,5234,32.9918,75.1945,India,IN,Jammu and Kashmir,Udhampur,10.02,1396310400000.0,1606348800000,75.1945000000001,32.9918000000001,2013-07-29 00:00:00+00:00,True,prox:65:150:5305
5485,Economic Times,http://articles.economictimes.indiatimes.com/2015-03-29/news/60602941_1_fresh-floods-water-level-heavy-rainfall,6925,1427500800000.0, ,Srinagar-Jammu national highway,"The rainfall has also forced closure of Srinagar-Jammu national highway due to landslides at some places, an official of the Traffic Department said.",Srinagar-Jammu national highway,unknown,landslide,downpour,medium,above_road,0,0, , , ,GLC,6925,33.0186,75.2405,India,IN,Jammu and Kashmir,Udhampur,15.06,1432252800000.0,1606348800000,75.2405000000001,33.0186,2015-03-28 00:00:00+00:00,False,prox:66:150:5507
5512,articles.timesofindia,http://articles.timesofindia.indiatimes.com/2012-06-04/guwahati/32030359_1_barail-hill-harangajao-landslides,4384,1338681600000.0, ,"between Haflong and  Bagetar, Assam",Torrential rain in the Barail Hill range for the past many days triggered landslides at least five places along the Lumding-Silchar section of Northeast Frontier Railway (NFR) early on Sunday. Authorities have suspended and regulated services of all the,"between Haflong and  Bagetar, Assam",5km,landslide,downpour,medium,unknown,0,0, , , ,GLC,4384,25.1775,93.0123,India,IN,Assam,Mahur,11.18,1396310400000.0,1606348800000,93.0123,25.1775000000001,2012-06-03 00:00:00+00:00,False,prox:50:186:5164
5531,dnaindia,http://www.dnaindia.com/mumbai/report_landslide-in-mumbra-kills-seven_1425954,2280,1282176000000.0,18:00,"Eknath(?) Chawl, Sainic Nagar(?), below Mumbra Hill, Mumbra, near Mumbai, Maharashtra","A landslide caused due to the incessant downpour claimed seven lives in Mumbra on Thursday evening. It is the second major landslide in Mumbra after 2005, in which five persons including three children died. The landslide took place at Sainik Nagar below","Eknath(?) Chawl, Sainic Nagar(?), below Mumbra Hill, Mumbra, near Mumbai, Maharashtra",1km,landslide,downpour,medium,unknown,6,0, , , ,GLC,2280,19.1935,73.0114,India,IN,Maharashtra,Thana,6.32,1396310400000.0,1606348800000,73.0114,19.1935,2010-08-19 00:00:00+00:00,False,prox:38:146:4946
5538,Indian Express,http://indianexpress.com/article/india/india-news-india/jk-landslide-triggered-by-rain-kills-five/,9677,1458172800000.0, ,Khelani,"Apart from landslides at Khelani, there were also reports of shooting stones from various places along the Batote-Doda road, making the authorities suspend vehicular traffic from both sides.",Khelani,1km,landslide,continuous_rain,medium,above_road,0,0, , , ,GLC, ,33.13810294,75.51068484,India,IN,Jammu and Kashmir,Doda,3.64,,1606348800000,75.5106848400001,33.1381029390001,2016-03-17 00:00:00+00:00,False,prox:66:151:5625
5540,himvani,http://www.himvani.com/news/2010/07/07/himachal-rivers-in-spate-nh-21-and-manali-keylong-road-blocked/5858/,2046,1278460800000.0, ,"near Rohtang Pass, Manali-Keylong rd, Himachal Pradesh","Following inclement weather conditions, a high alert has been sounded in Himachal Pradesh as most rivers and their tributaries are flowing above the danger mark after heavy rains.  A report from Lahaul-Spiti stated that Manali-Keylong road has been block","near Rohtang Pass, Manali-Keylong rd, Himachal Pradesh",25km,landslide,downpour,medium,unknown,0,0, , , ,GLC,2046,32.3733,77.2498,India,IN,Himachal Pradesh,Chandra,3.66,1396310400000.0,1606348800000,77.2498000000001,32.3733,2010-07-07 00:00:00+00:00,False,prox:64:154:4932
5576,Economic Times,http://articles.economictimes.indiatimes.com/2015-03-29/news/60602941_1_fresh-floods-water-level-heavy-rainfall,6924,1427500800000.0,18:00,Chontinar village of central Kashmir Budgam district,"At least 26 residential houses were partially damaged by the landslide but there were no reports of loss of life, they said.",Chontinar village of central Kashmir Budgam district,50km,landslide,downpour,medium,urban,0,0, , , ,GLC,6924,33.9548314,74.79428356,India,IN,Jammu and Kashmir,Kasba,2.98,1432252800000.0,1606348800000,74.794283556,33.954831401,2015-03-28 00:00:00+00:00,False,prox:67:149:5507
5577,hisz.rsoe,http://hisz.rsoe.hu/alertmap/site/?pageid=event_update_read&edis_id=FF-20120804-36049-IND&uid=12837,4468,1342915200000.0, ,"Pulloorampara, Kerala","even people, including five members of a family, were reportedly missing in landslides at various parts of Kannur and Kozhikode districts on Monday evening. The five-member family of Biju of Thundathil house was reportedly washed away at Aanakampoyil at","Pulloorampara, Kerala",5km,landslide,downpour,medium,unknown,0,0, , , ,GLC,4468,11.405,76.0376,India,IN,Kerala,Arikkod,20.28,1396310400000.0,1606348800000,76.0376000000001,11.405,2012-07-22 00:00:00+00:00,False,prox:22:152:5181
5598,dnaindia,http://www.dnaindia.com/india/report_three-killed-as-heavy-rains-continue-to-lash-uttarakhand_1412378,2103,1279584000000.0, ,"Badrinath and Yamunotri shrines(?), Garhwal region, Uttarakhand","Tuesday, Jul 20, 2010  The heavy rains also triggered landslides at several places, blocking vehicular traffic to Badrinath and Yamunotri shrines in Garhwal region","Badrinath and Yamunotri shrines(?), Garhwal region, Uttarakhand",50km,landslide,downpour,medium,unknown,0,0, , , ,GLC,2103,29.9862,78.6115,India,IN,Uttaranchal,Kandi,16.24,1396310400000.0,1606348800000,78.6115,29.9862,2010-07-20 00:00:00+00:00,False,prox:59:157:4936
5606,Business Standard,http://www.business-standard.com/article/news-ians/four-killed-in-landslide-in-vizag-115122000254_1.html,9096,1450483200000.0, ,Thatichetlapalem,"Four people were killed in a landslide in Andhra Pradesh's Visakhapatnam city early on Sunday, a police official said.  Rocks rolled down a hillside in Thatichetlapalem, burying several houses. While three people died on the spot, another man died at the",Thatichetlapalem,1km,landslide,downpour,medium,unknown,4,4, , , ,GLC,9096,17.7345,83.2884,India,IN,Andhra Pradesh,Vishakhapatnam,2.37,1469059200000.0,1606348800000,83.2884000000001,17.7345,2015-12-19 00:00:00+00:00,False,prox:35:166:5596
5607,Times of India,http://timesofindia.indiatimes.com/city/guwahati/Landslide-toll-touches-6-as-woman-buried-alive-in-Guwahati/articleshow/53314082.cms,9122,1468972800000.0, ,"Noonmati, Guwahati, Assam, India",This was not the only incident of landslide in the city on Wednesday as a similar episode was also reported from the Noonmati locality. Two houses were completely buried under debris. No one suffered any injury.,"Noonmati, Guwahati, Assam, India",5km,landslide,rain,medium,unknown,0,0, , , ,GLC,9122,26.1966,91.802,India,IN,Assam,Gauhati,5.19,1469145600000.0,1606348800000,91.8020000000001,26.1966000000001,2016-07-20 00:00:00+00:00,False,prox:52:183:5667
5612,www.hindustantimes.com,http://www.hindustantimes.com/India-news/NorthIndiaRainFury2013/SDM-8-others-killed-as-heavy-rains-lash-Uttarakhand/Article1-1101502.aspx,5241,1375228800000.0,08:00,"Salut, Almora, Uttarakhand","On Tuesday night, nine houses were damaged in a landslide in Almora district.","Salut, Almora, Uttarakhand",unknown,landslide,downpour,medium,unknown,0,0, , , ,GLC,5241,29.5952,79.6625,India,IN,Uttaranchal,Almora,1.26,1396310400000.0,1606348800000,79.6625000000001,29.5952,2013-07-31 00:00:00+00:00,False,prox:59:159:5305
5628,sify.com,http://sify.com/news/roads-in-upper-shimla-hit-after-landslides-news-national-kjuuafecfje.html],2475,1284940800000.0, ,"roads between Jubbal and Rohru, Shimla, Himachal Pradesh","Heavy rains Monday in upper Shimla in Himachal Pradesh blocked all major roads, hampering vehicular movement.  Hundreds of vehicles have been stranded in the Rohru and Chopal areas since Sunday evening due to massive landslides, an official said here.  '","roads between Jubbal and Rohru, Shimla, Himachal Pradesh",10km,landslide,downpour,medium,unknown,0,0, , , ,GLC,2475,31.1581,77.7155,India,IN,Himachal Pradesh,Saura,4.93,1396310400000.0,1606348800000,77.7155000000001,31.1581,2010-09-20 00:00:00+00:00,False,prox:62:155:4957
5631,Hindu World,https://www.hinduworld.co.in/home/news/breaking-news/landslide-mumbra-bypass-road/,10075,1499299200000.0,04:00,Landslide blocks Mumbra Bypass Road,"Landslide deposits rocks on road near Rehmania Hospital, traffic obstructed temporarily","AH47, Dighe, Thane, Maharashtra, 400708",1km,landslide,rain,small,above_road,0,0, ,https://www.hinduworld.co.in/wp-content/uploads/2017/07/Landslide-at-Mumbra-Bypass-Road-causes-traffic-jam-700x394.jpg, ,GLC, ,19.17041801,73.02151508,India,IN,Maharashtra,Dombivli,7.87,1499299200000.0,1606348800000,73.0215150830001,19.170418007,2017-07-06 00:00:00+00:00,False,prox:38:146:5784
5648,Nyoooz,https://www.nyoooz.com/news/dehradun/776445/landslides-in-garhwal-leave-travellers-stranded-for-hours/,10069,1491436800000.0, ,Landslide on NH-34 at Dharashu,Night of heavy rains and snowfall triggers landslide that blocks road at Dharashu,"Dharashu, Uttarkashi, Uttarakhand, India",1km,landslide,downpour,small,above_road,0,0, , , ,GLC, ,30.61461423,78.3157525,India,IN,Uttaranchal,Chham,10.66,1501804800000.0,1606348800000,78.3157524970001,30.614614225,2017-04-06 00:00:00+00:00,False,prox:61:156:5754
5655,Nyoooz,https://www.nyoooz.com/news/dehradun/776445/landslides-in-garhwal-leave-travellers-stranded-for-hours/,10068,1491350400000.0,22:00,Landslide blocks NH-34,"Night of heavy rains and snowfall triggers landslide that blocks road at Bhatwari, strands family in car for night","Bhatwari, Uttarkashi, Uttarakhand, India",1km,landslide,downpour,small,above_road,0,0, , , ,GLC, ,30.81350174,78.6179215,India,IN,Uttaranchal,Uttarkashi,19.23,1501804800000.0,1606348800000,78.6179215000001,30.8135017390001,2017-04-05 00:00:00+00:00,False,prox:61:157:5753
5705,The Tribune,http://www.tribuneindia.com/news/uttarakhand/4-killed-in-mishaps/435142.html,10071,1499731200000.0, ,Fatal landslide on Mussoorie-Dehradun road,"Landslide triggered by heavy rain buries pickup truck driving on road, killing 3 of 4 occupants and injuring one.","Mussoorie Road, Dehradun Sub-District, Dehradun, Uttarakhand, 248009",5km,landslide,continuous_rain,medium,above_road,3,1, , , ,GLC, ,30.41288197,78.08379453,India,IN,Uttaranchal,Mussorie,5.58,1499817600000.0,1606348800000,78.0837945320001,30.4128819690001,2017-07-11 00:00:00+00:00,False,prox:60:156:5786
5707,Nyoooz,https://www.nyoooz.com/news/dehradun/776445/landslides-in-garhwal-leave-travellers-stranded-for-hours/,10070,1491436800000.0, ,Landslide blocks NH-34 at Bharoghati,Night of heavy rains and snowfall triggers landslide that blocks road at Bharoghati,"Bharoghati, Uttarkashi, Uttarakhand, India",1km,landslide,downpour,small,above_road,0,0, , , ,GLC, ,31.01260519,78.88449525,India,IN,Uttaranchal,Dhumku,13.25,1501804800000.0,1606348800000,78.8844952470001,31.012605185,2017-04-06 00:00:00+00:00,False,prox:62:157:5754
5729,The Times of India,http://timesofindia.indiatimes.com/city/thane/mumbra-bypass-rocked-with-second-landslide/articleshow/59478662.cms,10076,1498435200000.0, ,Landslide at Mumbra bypass,Road near Rehmania hospital blocked with boulders from landslide,"AH47, Dighe, Thane, Maharashtra, 400708",1km,landslide,rain,small,below_road,0,0, , , ,GLC, ,19.17066427,73.02142667,India,IN,Maharashtra,Dombivli,7.87,1499385600000.0,1606348800000,73.0214266660001,19.170664274,2017-06-26 00:00:00+00:00,False,prox:38:146:5781
5743,India.com,http://www.india.com/news/agencies/former-uttarakhand-cms-vehicle-briefly-trapped-in-landslide-debris-2301442/,10067,1499385600000.0, ,Landslide hits car near Sirobagad,"Landslide near Sirobagad on road from Srinagar hits politician's car, everyone escapes unharmed. Following heavy rain.","Srinagar Sub-District, Uttarakhand State, India",5km,landslide,rain,small,above_road,0,0, , , ,GLC, ,30.24147729,78.89773782,India,IN,Uttaranchal,Srinagar,6.49,1499385600000.0,1606348800000,78.8977378170001,30.241477285,2017-07-07 00:00:00+00:00,False,prox:60:157:5784
5814,Nyoooz,https://www.nyoooz.com/news/dehradun/776445/landslides-in-garhwal-leave-travellers-stranded-for-hours/,10073,1491436800000.0, ,Rockfall on NH-7 in Gulabkoti,Continuous rain triggers rockfall that closes NH-7 at Gulabkoti,"Gulabkoti, Chamoli, Uttarakhand, India",5km,rock_fall,continuous_rain,small,above_road,0,0, , , ,GLC, ,30.50415824,79.48751264,India,IN,Uttaranchal,Joshimath,9.46,1501718400000.0,1606348800000,79.487512639,30.504158236,2017-04-06 00:00:00+00:00,False,prox:61:158:5754
5825,Times of India,http://timesofindia.indiatimes.com/city/kolkata-/Landslides-cut-off-Hills-for-two-hours/articleshow/8907428.cms,3617,1308268800000.0,23:00,Pankhabari and Rohini routes in Kurseong,The Hills was cut off for a couple of hours from the rest of the country due to landslides at various places in Kurseong subdivision though there were no reports of loss of life or damage to properties.   Incessant overnight rainfall continued through Sa,Pankhabari and Rohini routes in Kurseong,5km,landslide,continuous_rain,medium,above_road,0,0, , , ,GLC,3617,26.84850975,88.26181745,India,IN,West Bengal,Kurseong,4.29,1446681600000.0,1606348800000,88.2618174520001,26.848509752,2011-06-17 00:00:00+00:00,False,prox:53:176:5047
5827,The Times of India,http://timesofindia.indiatimes.com/city/mumbai/Locals-on-edge-after-landslide-in-Dindoshi/articleshow/6096736.cms,2018,1279756800000.0,02:00,New Mhada Complex in Dindoshi,"Residents of a rowhouse colony in Dindoshi spent Friday night in fear after a portion of their retaining wall collapsed following a landslide.  While no one was injured, mud and boulders came sliding into the backyard of one of the rowhouses and also ont",New Mhada Complex in Dindoshi,1km,landslide,continuous_rain,medium,urban,0,0, , , ,GLC,2018,19.17377751,72.88274367,India,IN,Maharashtra,Bombay,9.62,1410825600000.0,1606348800000,72.8827436720001,19.173777506,2010-07-22 00:00:00+00:00,False,prox:38:145:4937
5829,www.upi.com,http://www.upi.com/Top_News/World-News/2013/05/09/Cyclonic-storms-kill-seven-in-India/UPI-39151368107292/,4848,1367971200000.0, ,"Purba Simna, Tripura",A large landslide in western Tripura killed at least two people Wednesday night.,"Purba Simna, Tripura",5km,landslide,rain,medium,unknown,1,0, , , ,GLC,4848,24.0896,91.4663,India,IN,Tripura,Khowai,14.37,1396310400000.0,1606348800000,91.4663,24.0896000000001,2013-05-08 00:00:00+00:00,False,prox:48:182:5277
5844,The Sangai Express,http://www.thesangaiexpress.com/page/items/54212/massive-landslide-along-maram-peren-road-downpour-creates-havoc-in-different-parts,7267,1437523200000.0, ,NH-2 between Senapati and Mao,"Reports from other locations also say that minor landslides, potholes, water-logging have been spotted along the NH-2 stretch between Senapati and Mao.",NH-2 between Senapati and Mao,10km,landslide,continuous_rain,small,above_road,0,0, , , ,GLC,7267,25.3908,94.0926,India,IN,Manipur,Sochumei,17.44,1437609600000.0,1606348800000,94.0926000000001,25.3908000000001,2015-07-22 00:00:00+00:00,False,prox:50:188:5546
5854,Indian Express,http://indianexpress.com/article/india/india-news-india/west-bengal-rains-landslips-affect-life-in-north-of-state-3079833/,9604,1476230400000.0, ,Legship,"Another landslip occurred at Legship, near the tourist spot of Pelling, in Sikkim severely affecting road traffic movement between Darjeeling and Legship, officials said.",Legship,10km,landslide,continuous_rain,medium,above_road,0,0, , , ,GLC,9604,27.2676,88.2891,India,IN,Sikkim,Tista,16.55,1476748800000.0,1606348800000,88.2891000000001,27.2676000000001,2016-10-12 00:00:00+00:00,False,prox:54:176:5695
5868,thecheers,http://www.thecheers.org/news/South-Asia/news_28108_Manali-Leh-Highway-closed-down-due-to-landslide.html,592,1213747200000.0, ,"Manali-Leh road, Gulaba near Rohtang Pass",landslide struck at Gulaba near Rohtang Pass blocking traffic on the 476-kilometres highway,"Manali-Leh road, Gulaba near Rohtang Pass",25km,landslide,rain,medium,unknown,0,0, , , ,GLC,592,32.3712,77.2466,India,IN,Himachal Pradesh,Chandra,3.99,1396310400000.0,1606348800000,77.2466000000001,32.3712,2008-06-18 00:00:00+00:00,False,prox:64:154:4682
5871,Indian Express,http://indianexpress.com/article/india/india-others/mizoram-aizawl-houses-swept-away-graves-damaged-by-rain-and-landslide/,7837,1440633600000.0, ,three graveyards within Aizawl,"The landslides also damaged as many houses and dislodged, and in some cases swept away, about 160 graves in three graveyards within the city.",three graveyards within Aizawl,5km,landslide,downpour,medium,urban,0,0, , , ,GLC,7837,23.7269,92.7265,India,IN,Mizoram,Aizwal,8.37,1466726400000.0,1606348800000,92.7265,23.7269000000001,2015-08-27 00:00:00+00:00,False,prox:47:185:5558
5875,indianexpress,http://www.indianexpress.com/news/42-dead-as-rain-plays-havoc-in-HP/363948,796,1221782400000.0, ,Anni and Nahan,Heavy landslides and uprooting of trees after incessant rain in the last 48 hours have resulted in the death of 42 people in Himachal Pradesh,Anni and Nahan,10km,landslide,downpour,medium,unknown,6,0, , , ,GLC,796,30.56,77.3,India,IN,Himachal Pradesh,Nahan,1.06,1396310400000.0,1606348800000,77.3000000000001,30.5600000000001,2008-09-19 00:00:00+00:00,False,prox:61:154:4713
5893,ibnlive.in,http://ibnlive.in.com/generalnewsfeed/news/uttarakhand-rains-bring-respite-trigger-landslides/719372.html,3577,1307404800000.0, ,"road to Badrinath shrine, Uttarakhand","Jun 8 (PTI)  .Landslides in the area also disrupted traffic heading for Badrinath shrine, leaving pilgrims stranded. Police said efforts are on to normalise the affected routes.The state experienced light to moderate rainfall at several places.During the","road to Badrinath shrine, Uttarakhand",50km,landslide,downpour,medium,unknown,0,0, , , ,GLC,3577,30.5319,79.3541,India,IN,Uttaranchal,Gaundar,19.57,1396310400000.0,1606348800000,79.3541000000001,30.5319000000001,2011-06-07 00:00:00+00:00,False,prox:61:158:5044
5897,beacononline.wordpress,http://beacononline.wordpress.com/2009/09/20/darjeeling-hills-toytrain-joyride-hit-by-fresh-landslides-in-darjeeling/,1170,1253232000000.0, ,Tindharia and Rong Tong,"An attempt was made yesterday to run the Darjeeling Himalayan Railway (DHR) train between New Jalpaiguri and Kurseong, about 50 kms between them, but fresh landslides between Tindharia and Rong Tong forced the authorities to halt the train at the Siligur",Tindharia and Rong Tong,50km,landslide,rain,medium,unknown,0,0, , , ,GLC,1170,26.8342,88.2798,India,IN,West Bengal,Kurseong,5.52,1396310400000.0,1606348800000,88.2798000000001,26.8342000000001,2009-09-18 00:00:00+00:00,False,prox:53:176:4835
5902,articles.economictimes.indiatimes.com,http://articles.economictimes.indiatimes.com/2013-07-29/news/40872756_1_landslides-amarnath-pilgrims-men-and-machines,5233,1375056000000.0,10:00,"Samroli, Udhampur District, Kashmir","The Jammu-Srinagar National Highway was closed for traffic today due to landslides in Udhampur district, leaving 200 vehicles stranded. The landslides hit the highway at Samroli area of the district, police said. The men and machines of Border Road Organ","Samroli, Udhampur District, Kashmir",1km,landslide,rain,small,unknown,0,0, , , ,GLC,5233,32.9918,75.1945,India,IN,Jammu and Kashmir,Udhampur,10.02,1396310400000.0,1606348800000,75.1945000000001,32.9918000000001,2013-07-29 00:00:00+00:00,True,prox:65:150:5305
5907,Tribune,http://www.tribuneindia.com/news/jammu-kashmir/landslide-shuts-jammu-kishtwar-highway-3-000-stranded/56664.html,6907,1426896000000.0, ,Chena Bhati in Karara,"More than 3,000 people were stranded after the Jammu-Kishtwar National Highway was closed following a massive landslide at Karara, 25 km from here.",Chena Bhati in Karara,50km,landslide,continuous_rain,medium,above_road,0,0, , , ,GLC,6907,33.1754,75.8103,India,IN,Jammu and Kashmir,Shandero,4.66,1432771200000.0,1606348800000,75.8103,33.1754,2015-03-21 00:00:00+00:00,False,prox:66:151:5505
5911,Indian Express,http://indianexpress.com/article/india/india-news-india/at-least-10-killed-in-landslides-in-assam-rescue-operations-underway-2806810/,9336,1463529600000.0,08:00,"Ramchandi , Hailakandi District, Assam, India","Ten people were killed in landslides in Karimganj and Hailakandi districts in Barak Valley in Assam on Wednesday following incessant rains. In neighbouring Hailakandi district, two incidents of landslide killed four persons at Bilaipur and a six-year old","Ramchandi , Hailakandi District, Assam, India",1km,landslide,continuous_rain,small,unknown,1,0, , , ,GLC,9336,24.5308,92.5121,India,IN,Assam,Umednagar,11.05,1470182400000.0,1606348800000,92.5121,24.5308000000001,2016-05-18 00:00:00+00:00,False,prox:49:185:5646
5923,Telegraph,http://www.telegraphindia.com/1100916/jsp/northeast/story_12941830.jsp,2415,1284249600000.0, ,power lines 5 km from Kohima,"Kohima, Sept. 15: The Nagaland capital has been in darkness for the last three days because of a damaged 132kV transmission line near here.  The power department said it would take a few more days to restore power, depending on the weather conditions.  T",power lines 5 km from Kohima,25km,landslide,downpour,medium,unknown,0,0, , , ,GLC,2415,25.63961883,94.11112157,India,IN,Nagaland,Sochumei,21.92,1396310400000.0,1606348800000,94.1111215700001,25.639618829,2010-09-12 00:00:00+00:00,False,prox:51:188:4954
5925,The New Indian Express,http://www.newindianexpress.com/nation/Fifty-Nine-Killed-in-Flash-Flood-and-Landslide-in-Meghalaya/2014/10/07/article2466329.ece,6213,1411516800000.0, ,Meghalaya,"""The number of deaths due to flash floods and landslides is 59 while five persons are still missing,"" Deputy Chief Minister and Revenue and Disaster Management Minister Roytre C Laloo said.  ""We have almost completed compiling our assessment of the damag",Meghalaya,unknown,landslide,continuous_rain,large,unknown,0,0, , , ,GLC,6213,25.8143,90.5763,India,IN,Meghalaya,Rangoberam,26.08,1412726400000.0,1606348800000,90.5763000000001,25.8143000000001,2014-09-24 00:00:00+00:00,False,prox:51:181:5445
5938,Indian Express,http://indianexpress.com/article/india/india-others/pregnant-woman-among-nine-killed-in-shillong-landslide/,6291,1411257600000.0, ,National Highway 51,"South West Garo Hills deputy commissioner Ram Singh said the seven landslides that occurred between Rari and Jengjal, have cut off road communication to all the districts in the Garo Hills region. Several hundred vehicles have been stranded. There is no",National Highway 51,25km,landslide,continuous_rain,large,unknown,0,0, , , ,GLC,6291,25.7354,90.3852,India,IN,Meghalaya,Tura,28.54,1413849600000.0,1606348800000,90.3852000000001,25.7354,2014-09-21 00:00:00+00:00,False,prox:51:180:5444
5945,hmar.in,http://hmar.in/news/landslide-blocks-nh-44-for-12-hours,1776,1271808000000.0, ,Shillong-Jowai(Jwai)-Badarpur National Highway(NH 44) at Sunapur village in Jaintia Hills District,"Traffic movement on the Shillong-Jowai-Badarpur National Highway came to a standstill for the last two days due to heavy landslides at Sunapur village in Jaintia Hills district.  NH 44, the main road link via Shillong to Tripura, Mizoram and Barak Valley",Shillong-Jowai(Jwai)-Badarpur National Highway(NH 44) at Sunapur village in Jaintia Hills District,25km,landslide,downpour,medium,unknown,0,0, , , ,GLC,1776,25.3612,92.2845,India,IN,Meghalaya,Muphlang,11.72,1396310400000.0,1606348800000,92.2845,25.3612,2010-04-21 00:00:00+00:00,False,prox:50:184:4906
5971,indiatoday.intoday.in,http://indiatoday.intoday.in/story/mumbai-antop-landslide-death-toll-rises-to-five/1/290783.html,5073,1373414400000.0, ,"Debram Chawl, Antop Hill Near Sheikh Mistry Dargah Road, Central Mumbai","The toll in Wednesday's major landslide in Antop Hill in central Mumbai shot up to five, with three more bodies of people belonging to one family being recovered from the debris early Thursday, officials said. A hillock in the vicinity of the Sheikh Mist","Debram Chawl, Antop Hill Near Sheikh Mistry Dargah Road, Central Mumbai",1km,landslide,downpour,medium,unknown,5,0, , , ,GLC,5073,19.0222,72.8663,India,IN,Maharashtra,Trombay,7.13,1396310400000.0,1606348800000,72.8663000000001,19.0222,2013-07-10 00:00:00+00:00,False,prox:38:145:5298
5973,zeenews.india.com,http://zeenews.india.com/news/jammu-and-kashmir/three-die-in-landslide-wall-collapse-incidents-in-jandk_860789.html,5062,1373241600000.0, ,"Mundral In Kishtwar District, Jammu And Kashmir","Two teenage girls got buried in landslide while grazing cattle at Mundral in Kishtwar district on Sunday, police said.","Mundral In Kishtwar District, Jammu And Kashmir",10km,mudslide,downpour,medium,unknown,2,0, , , ,GLC,5062,33.3118,75.7525,India,IN,Jammu and Kashmir,Ariz,8.11,1396310400000.0,1606348800000,75.7525000000001,33.3118000000001,2013-07-08 00:00:00+00:00,False,prox:66:151:5298
5979,ptinews,http://www.ptinews.com/news/721800_Landslides--blockade-hit-trains-services-in-NC-Hills,1987,1276560000000.0, ,"rails between Mahur and Wadringdisa(?), Assam","Train services in central Assam's North Cachar Hills district have been disrupted due to heavy landslides and a three-day railway blockade called by a students organisation today.  The landslide and blockade affected the Agartala Special, Cachar Express,","rails between Mahur and Wadringdisa(?), Assam",25km,landslide,downpour,medium,unknown,0,0, , , ,GLC,1987,25.2269,93.1658,India,IN,Assam,Mahur,7.46,1396310400000.0,1606348800000,93.1658,25.2269000000001,2010-06-15 00:00:00+00:00,False,prox:50:186:4925
5986,Times of India,http://timesofindia.indiatimes.com/City/Chandigarh/Landslide-cuts-off-Morni-from-Panchkula/articleshow/39713293.cms,6432,1407110400000.0,23:00,Thana village,"Darpan Kamboj, local tehsildar, said a boulder from a surrounding hill fell on the road, triggering the damage. Local government officials, including deputy commissioner S S Phulia, rushed to the spot.",Thana village,10km,complex,downpour,medium,above_road,0,0, , , ,GLC,6432,30.709,76.9834,India,IN,Haryana,Pinjaur,11.2,1417996800000.0,1606348800000,76.9834000000001,30.709,2014-08-04 00:00:00+00:00,False,prox:61:153:5428
5996,dailymailnews.com,http://dailymailnews.com/0210/11/Brief/Brief3.php,1498,1265760000000.0, ,"Road between Srinagar and Muzaffarabad near Kaman post in Baramulla district, Kashmir","The road between Srinagar and Muzaffarabad in Pakistan-administered Kashmir was closed Wednesday due to landslides near the Kaman post in north Kashmir’s Baramulla district, an official said. “The Karvan-e-Aman bus from Srinagar to Muzaffarabad has b","Road between Srinagar and Muzaffarabad near Kaman post in Baramulla district, Kashmir",25km,landslide,rain,medium,unknown,0,0, , , ,GLC,1498,34.151,74.1213,India,IN,Jammu and Kashmir,Jhelum,5.05,1396310400000.0,1606348800000,74.1213000000001,34.1510000000001,2010-02-10 00:00:00+00:00,False,prox:68:148:4883
5998,navhindtimes.com,http://www.navhindtimes.com/articles.php?Story_ID=080842,162,1186444800000.0, ,Canacona,closest to predicted location of Honavar (137.10 km),Canacona,10km,landslide,rain,medium,unknown,0,0, , , ,GLC,162,15.0296,74.0253,India,IN,Goa,Majali,11.04,1396310400000.0,1606348800000,74.0253000000001,15.0296000000001,2007-08-07 00:00:00+00:00,False,prox:30:148:4577
6001,IBN Live,http://ibnlive.in.com/generalnewsfeed/news/landslides-block-roads-in-kathua/803150.html,6566,1314403200000.0, ,Kathua-Billawar road,"Landslides, triggered by heavy rains, today blocked Kathua-Billawar and Basohli-Bani roads in Kathua district of Jammu and Kashmir. Several vehicles were stranded on the roads as the Bani mountainous belt was cut off from rest of the town due to landslid",Kathua-Billawar road,1km,landslide,downpour,medium,above_road,0,0, , , ,GLC,6566,32.6188,75.3504,India,IN,Jammu and Kashmir,Ramnagar,20.81,1418860800000.0,1606348800000,75.3504,32.6188000000001,2011-08-27 00:00:00+00:00,False,prox:65:150:5071
6003,daijiworld,http://www.daijiworld.com/news/news_disp.asp?n_id=49760&n_tit=Mangalore:+Landslide+-+Train+Service+to+Bangalore+Stands+Cancelled,709,1218499200000.0, ,Yedakumeri-Shiribagilu in the Hassan-Mangalore section of the line.,blocked railway line,Yedakumeri-Shiribagilu in the Hassan-Mangalore section of the line.,50km,landslide,rain,medium,unknown,0,0, , , ,GLC,709,12.845,75.66,India,IN,Karnataka,Sakleshpur,17.03,1396310400000.0,1606348800000,75.6600000000001,12.845,2008-08-12 00:00:00+00:00,False,prox:25:151:4701
6007,asianetindia,http://www.asianetindia.com/news/woman-missing-landslide-vamanapuram_78168.html,1156,1252713600000.0, ,"Vamanapuram, Thiruvananthapuram district in the state of Kerala",A woman was reported missing in a landslide in Vamanapuram here today. The missing had been identified as Variyamkode Suja.,"Vamanapuram, Thiruvananthapuram district in the state of Kerala",1km,landslide,rain,medium,unknown,1,0, , , ,GLC,1156,8.742,76.8902,India,IN,Kerala,Kilimanur,2.93,1396310400000.0,1606348800000,76.8902,8.74200000000006,2009-09-12 00:00:00+00:00,False,prox:17:153:4833
6008,gsi.gov,"http://www.portal.gsi.gov.in/portal/page?_pageid=127,875814&_dad=portal&_schema=PORTAL",2183,1280534400000.0, ,NH-22 near Taradevi,"As per media report a massive landslide triggered by rains on on NH-22 near Taradevi, 12 km from Shimla, disrupted traffic on the highway.",NH-22 near Taradevi,10km,landslide,downpour,medium,deforested_slope,0,0, , , ,GLC,2183,31.0655,77.1325,India,IN,Himachal Pradesh,Simla,5.85,1396310400000.0,1606348800000,77.1325000000001,31.0655,2010-07-31 00:00:00+00:00,False,prox:62:154:4940
6036,timesofindia.indiatimes,http://timesofindia.indiatimes.com/india/Landslides-kill-11-in-Uttarakhand-14-trapped-under-debris/articleshow/6580510.cms,2443,1284768000000.0, ,"villages Pilkha(?), Devali(?), and Balta(?), Avalbagh block(?), Almora(Almorah) district, Uttarakhand","Sep 18, 2010, 07.32pm IST  DEHRA DUN: At least 11 people were killed and 14 others were trapped under debris as landslides triggered by heavy rains struck Uttarakhand destroying scores of houses in several villages of the hill state.  The worst-affected","villages Pilkha(?), Devali(?), and Balta(?), Avalbagh block(?), Almora(Almorah) district, Uttarakhand",50km,landslide,downpour,large,unknown,24,0, , , ,GLC,2443,29.6042,79.5343,India,IN,Uttaranchal,Almora,11.5,1396310400000.0,1606348800000,79.5343,29.6042000000001,2010-09-18 00:00:00+00:00,False,prox:59:159:4956
6040,Business Standard,http://www.business-standard.com/article/pti-stories/rains-landslips-affect-life-in-north-bengal-116101201035_1.html,9587,1476230400000.0, ,between Siliguri and Sevak,"A major portion at one spot of a key road between Siliguri and Sevak in Darjeeling district caved in due to landslip and only small cars were passing by the remaining portion of the road with great risk, the officials said.",between Siliguri and Sevak,25km,landslide,downpour,medium,below_road,0,0, , , ,GLC,9587,26.8692,88.4695,India,IN,West Bengal,Shaugaon,11.5,1476748800000.0,1606348800000,88.4695,26.8692,2016-10-12 00:00:00+00:00,False,prox:53:176:5695
6051,ibnlive.in.com,http://ibnlive.in.com/news/uttarakhand-floods-landslides-leave-40-dead-over-60000-stranded/399619-3.html,4943,1371427200000.0, ,"Almora, Uttarakhand","The Dehradun Met department says the state capital received a record 340 mm of rainfall on Monday and the Met department has forecast more heavy rains in the next 24 hours. Several roads, including the National Highway 24, have been blocked to avoid any","Almora, Uttarakhand",5km,landslide,downpour,medium,unknown,4,0, , , ,GLC,4943,29.5987,79.6592,India,IN,Uttaranchal,Almora,0.77,1396310400000.0,1606348800000,79.6592,29.5987000000001,2013-06-17 00:00:00+00:00,False,prox:59:159:5291
6064,The Hindu,http://www.thehindu.com/news/national/other-states/himachal-hydropower-project-damaged-in-landslide/article6978360.ece?homepage=true,6851,1425945600000.0,04:00,"2 MW Sal-II hydropower project, on the outskirts of Chamba","A massive landslide following a downpour damaged a State-run hydropower project on Tuesday in Chamba town of Himachal Pradesh, an official said. There was no loss of life.","2 MW Sal-II hydropower project, on the outskirts of Chamba",5km,mudslide,downpour,medium,unknown,0,0, , , ,GLC,6851,32.5612,76.1238,India,IN,Himachal Pradesh,Chamba,0.41,1426982400000.0,1606348800000,76.1238000000001,32.5612,2015-03-10 00:00:00+00:00,False,prox:65:152:5501
6073,morungexpress,http://www.morungexpress.com/local/68036.html,3760,1310342400000.0,09:00,"NH-61, 1 km before reaching Botsa","Kohima | July 11 : The incessant rainfall last night resulted in a massive landslide this early morning at NH-61, 1 Km before reaching Botsa. Sources said vehicles were stand off for a long time till the road was cleared. PWD department on receiving info","NH-61, 1 km before reaching Botsa",25km,landslide,downpour,medium,unknown,0,0, , , ,GLC,3760,25.6703,94.1095,India,IN,Nagaland,Naga Hills,19.33,1396310400000.0,1606348800000,94.1095000000001,25.6703000000001,2011-07-11 00:00:00+00:00,False,prox:51:188:5055
6075,articles.timesofindia,http://articles.timesofindia.indiatimes.com/2011-10-17/madurai/30289355_1_heavy-rains-elephant-pathway,4015,1318636800000.0, ,"Palani, Dindigul district","A landslide on the 'elephant pathway' leading to the Palani Dandhayudhapani temple has caused a flutter in the pilgrimage town, on Sunday. However, no one was injured in the incident.Palani and the surrounding regions in Dindigul district were lashed by","Palani, Dindigul district",1km,landslide,downpour,medium,unknown,0,0, , , ,GLC,4015,10.4497,77.5206,India,IN,Tamil Nadu,Palni,1.16,1396310400000.0,1606348800000,77.5206000000001,10.4497000000001,2011-10-15 00:00:00+00:00,False,prox:20:155:5087
6082,articles.timesofindia.indiatimes.com,http://articles.timesofindia.indiatimes.com/2013-11-25/coimbatore/44448729_1_railway-track-mountain-train-railway-officials,5660,1385251200000.0,23:00,"Kallar, Tamil Nadu",Train services on the Nilgiris Mountain Railways (NMR) sector has been partially cancelled between Mettupalayam and Coonoor for three days from Sunday after landslides were reported in three places. The alternative route was also closed off till 7pm on S,"Kallar, Tamil Nadu",10km,rock_fall,downpour,medium,unknown,0,0, , , ,GLC,5660,11.344,76.8691,India,IN,Tamil Nadu,Coonoor,8.21,1396310400000.0,1606348800000,76.8691000000001,11.344,2013-11-24 00:00:00+00:00,False,prox:22:153:5344
6100,Times of India,http://articles.timesofindia.indiatimes.com/2011-08-08/india/29864009_1_panthal-jammu-srinagar-national-highway-heavy-rains,3892,1312675200000.0, ,"Panthal, Jammu-Srinagar National Highway, between Kashmir and the rest of the country","The Jammu-Srinagar National Highway, which is the sole surface link between Kashmir and the rest of the country, was reopened for traffic today after a day long closure due to landslides triggered by heavy rains in Ramban district.  The 300 km-long highw","Panthal, Jammu-Srinagar National Highway, between Kashmir and the rest of the country",5km,landslide,downpour,medium,unknown,0,0, , , ,GLC,3892,33.0271,75.0018,India,IN,Jammu and Kashmir,Chaunkri,15.57,1396310400000.0,1606348800000,75.0018000000001,33.0271000000001,2011-08-07 00:00:00+00:00,False,prox:66:150:5064
6103,New India Press,http://www.newindpress.com/NewsItems.asp?ID=IET20071026025952&Page=T&Headline=Landslide+in+Yercaud&Title=Southern+News+-+Tamil+Nadu&Topic=0,324,1193270400000.0, ,Salem - Yercaud ghat road,"affected traffic, 10-metre stretch slid onto road",Salem - Yercaud ghat road,25km,landslide,rain,medium,unknown,1,0, , , ,GLC,324,11.7792,78.2034,India,IN,Tamil Nadu,Salem,14.57,1396310400000.0,1606348800000,78.2034000000001,11.7792,2007-10-25 00:00:00+00:00,False,prox:23:156:4603
6107,headlinesindia,http://www.headlinesindia.com/natural-disasters/flood/darjeeling-landslide-toll-reaches-27-12747.html,1031,1243296000000.0, ,"Kurseong, Darjeeling, West Bengal","With the recovery of three more bodies, the toll in the landslides in West Bengal's hill district of Darjeeling due to Cyclone Aila has risen to 27, police said today.   ""We have recovered three bodies from the debris at Rangiabong under Jorbungalow poli","Kurseong, Darjeeling, West Bengal",5km,landslide,tropical_cyclone,medium,unknown,7,0,Aila, , ,GLC,1031,26.8836,88.2791,India,IN,West Bengal,Kurseong,0.05,1396310400000.0,1606348800000,88.2791000000001,26.8836000000001,2009-05-26 00:00:00+00:00,False,named:aila
6120,I Love Siliguri,http://ilovesiliguri.com/nh10-closed-landslide-between-coronation-bridge-and-sevoke-kalibari-today-morning/,9138,1469059200000.0,09:00,"NH 10 between Coronation Bridge and Sevoke Kalibari, West Bengal, India",Landslide closes NH 10 between Coronation Bridge and Sevoke Kalibari today.,"NH 10 between Coronation Bridge and Sevoke Kalibari, West Bengal, India",1km,landslide,rain,medium,above_road,0,0, , , ,GLC,9138,26.9015,88.4719,India,IN,West Bengal,Shaugaon,12.48,1469145600000.0,1606348800000,88.4719000000001,26.9015000000001,2016-07-21 00:00:00+00:00,False,prox:53:176:5667
6125,The Indian Express,http://indianexpress.com/article/india/india-news-india/jammu-srinagar-national-highway-opens-for-traffic-2959736/,9468,1470528000000.0, ,"Seri, Ramban","The Jammu-Srinagar National highway was closed for vehicular traffic due to landslides triggered by heavy rains at Gangroo, Panthal, Seri and Karool areas in Ramban district. Canal road-Jewel chowk and Akhnoor road-Bakshinagar areas witnessed heavy traff","Seri, Ramban",5km,landslide,downpour,medium,above_road,0,0, , , ,GLC,9468,33.2483,75.2131,India,IN,Jammu and Kashmir,Chaunkri,18.73,1471564800000.0,1606348800000,75.2131000000001,33.2483,2016-08-07 00:00:00+00:00,False,prox:66:150:5673
6134,ptinews,http://www.ptinews.com/news/721800_Landslides--blockade-hit-trains-services-in-NC-Hills,1994,1276646400000.0, ,"rails between Jatinga and Longrangjao(?), Assam","Train services in central Assam's North Cachar Hills district have been disrupted due to heavy landslides and a three-day railway blockade called by a students organisation today.  The landslide and blockade affected the Agartala Special, Cachar Express,","rails between Jatinga and Longrangjao(?), Assam",25km,landslide,downpour,medium,unknown,0,0, , , ,GLC,1994,25.0633,92.8025,India,IN,Assam,Narainpur,4.8,1396310400000.0,1606348800000,92.8025000000001,25.0633,2010-06-16 00:00:00+00:00,False,prox:50:185:4925
6141,Tribune India,http://www.tribuneindia.com/news/himachal/landslide-kills-2-women-in-sirmaur/272137.html,9216,1469491200000.0,23:00,"Jwagdhar village, Sangrah, Sirmaur district, Himachal Pradesh, India",Two women were killed and two injured when a wall of their house collapsed following a landslide at Jwagdhar village in the Sangrah sub-division of Sirmaur district last night. The landslide was triggered due to downpour which lashed the area last evenin,"Jwagdhar village, Sangrah, Sirmaur district, Himachal Pradesh, India",1km,rock_fall,downpour,large,unknown,2,2, ,http://images.tribuneindia.com/cms/gall_content/2016/7/2016_7$largeimg27_Wednesday_2016_231602962.jpg, ,GLC,9216,30.6935,77.4266,India,IN,Himachal Pradesh,Nahan,19.91,1469664000000.0,1606348800000,77.4266000000001,30.6935,2016-07-26 00:00:00+00:00,False,prox:61:154:5669
6148,www.dnaindia.com,http://www.dnaindia.com/india/1864669/report-fresh-incidents-of-landslides-as-heavy-rains-lash-uttarakhand,5176,1374537600000.0, ,"Deval, Chamoli District, Uttarakhand","Moderate to heavy rains in most places in Uttarakhand on Tuesday triggered fresh incidents of landslides, cloudbursts and house collapses across the state. Incessant overnight rains in Chamoli district caused fresh landslides at a number of places, inclu","Deval, Chamoli District, Uttarakhand",1km,landslide,downpour,medium,unknown,0,0, , , ,GLC,5176,30.1944,79.1939,India,IN,Uttaranchal,Langsu,14.2,1396310400000.0,1606348800000,79.1939,30.1944,2013-07-23 00:00:00+00:00,False,prox:60:158:5303
6152,The Indian Express,http://indianexpress.com/article/india/india-news-india/rains-throw-normal-life-out-of-gear-accidents-kill-4-persons-in-jammu-2960170/,9475,1470528000000.0,03:00,Kheri near Udhampur,"The Jammu-Srinagar national highway remained closed for most part of the day, since 3 am Sunday, due to landslides. However, one way traffic was restored in the evening as Border Roads Organisation personnel were busy clearing landslides at Kheri near Ud",Kheri near Udhampur,25km,landslide,continuous_rain,medium,above_road,0,0, , , ,GLC,9475,32.9041,75.0911,India,IN,Jammu and Kashmir,Udhampur,4.08,1471824000000.0,1606348800000,75.0911,32.9041,2016-08-07 00:00:00+00:00,False,prox:65:150:5673
6155,ibnlive.in,http://ibnlive.in.com/generalnewsfeed/news/gangortririshikesh-highway-closed-due-to-landslide/749417.html,3737,1309910400000.0, ,"Gangortri-Rishikesh highway, at Narendranagar in Tehri district of Uttarakhand","Dehradun, Jul 6 (PTI) Many people were stranded at Gangortri-Rishikesh highway as landslides triggered by heavy rain blocked vehicular traffic at Narendranagar in Tehri district of Uttarakhand. The workers were pressed to clear the landslides at Narendra","Gangortri-Rishikesh highway, at Narendranagar in Tehri district of Uttarakhand",50km,landslide,downpour,medium,unknown,0,0, , , ,GLC,3737,30.3214,78.0319,India,IN,Uttaranchal,Dehra Dun,2.09,1396310400000.0,1606348800000,78.0319000000001,30.3214,2011-07-06 00:00:00+00:00,False,prox:60:156:5053
6160,greaterkashmir,http://www.greaterkashmir.com/news/2012/Feb/7/highway-open-for-2-way-traffic-68.asp,4183,1328313600000.0, ,"Jawahar Tunnel-Patnitop stretch in Ramban district, Jammu-Srinagar highway",The arterial road was closed following snowfall and heavy rain in Jawahar Tunnel-Patnitop stretch in Ramban district on February 4.,"Jawahar Tunnel-Patnitop stretch in Ramban district, Jammu-Srinagar highway",25km,landslide,downpour,medium,unknown,0,0, , , ,GLC,4183,33.2424,75.2381,India,IN,Jammu and Kashmir,Chaunkri,20.5,1410480000000.0,1606348800000,75.2381,33.2424,2012-02-04 00:00:00+00:00,False,prox:66:150:5124
6164,Business Standard,http://www.business-standard.com/article/pti-stories/couple-buried-alive-in-landslide-115100200855_1.html,8571,1443744000000.0, ,"Simhagiri Colony, Azeemabad, Pedagantyada, Visakhapatnam, Andhra Pradesh, India", ,"Simhagiri Colony, Azeemabad, Pedagantyada, Visakhapatnam, Andhra Pradesh, India",1km,landslide,downpour,medium,natural_slope,2,0, , , ,GLC,8571,17.6874,83.1993,India,IN,Andhra Pradesh,Vishakhapatnam,4.55,1467849600000.0,1606348800000,83.1993000000001,17.6874,2015-10-02 00:00:00+00:00,False,prox:35:166:5570
6166,Zeenews.com,http://www.zeenews.com/znnew/articles.asp?aid=384082&sid=REG&sname=&news=Rail traffic suspended in Murshidabad due to landslide,133,1184976000000.0, ,Beldanga,closest to predicted location of Kalingapatam (760.60 km),Beldanga,50km,landslide,rain,medium,unknown,1,0, , , ,GLC,133,23.9304,88.2374,India,IN,West Bengal,Beldanga,2.51,1396310400000.0,1606348800000,88.2374,23.9304000000001,2007-07-21 00:00:00+00:00,False,prox:47:176:4571
6168,thestatesmen.net,http://www.thestatesman.net/page.news.php?clid=9&theme=&usrsess=1&id=171189,279,1190505600000.0, ,"NH6, Sambalpur town before Mahanadi bridge","Occurred at midnight, blocked roadway","NH6, Sambalpur town before Mahanadi bridge",25km,landslide,rain,medium,unknown,0,0, , , ,GLC,279,21.464,83.9462,India,IN,Orissa,Sambalpur,3.19,1396310400000.0,1606348800000,83.9462,21.4640000000001,2007-09-23 00:00:00+00:00,False,prox:42:167:4593
6182,E-PAO,http://e-pao.net/GP.asp?src=26..120815.aug15,7665,1439251200000.0, ,Khoupum,"In a press statement, ZB-AMN General Secretary Dr Gairiangmei Maringmei said due to recent incessant rain, several areas of the Zeliangrong region have experienced landslides.",Khoupum,5km,landslide,continuous_rain,medium,unknown,0,0, , , ,GLC,7665,24.7016,93.5291,India,IN,Manipur,Sempang,19.11,1461801600000.0,1606348800000,93.5291000000001,24.7016,2015-08-11 00:00:00+00:00,False,prox:49:187:5552
6190,Shillong Times,http://www.theshillongtimes.com/2015/08/20/child-washed-away-in-tura/,7336,1439942400000.0,09:00,NH-62 at Sibbari,The three days of deluge caused a portion of NH-62 to remain closed for some hours at Sibbari area due to a land slip on Wednesday morning.,NH-62 at Sibbari,10km,landslide,continuous_rain,medium,above_road,0,0, , , ,GLC,7336,25.2193,90.5549,India,IN,Meghalaya,Durgapur,15.45,1440115200000.0,1606348800000,90.5549,25.2193,2015-08-19 00:00:00+00:00,False,prox:50:181:5555
6200,articles.timesofindia.indiatimes.com,http://articles.timesofindia.indiatimes.com/2013-07-08/india/40442321_1_landslides-heavy-rainfall-isolated-places,5049,1373155200000.0, ,"Mandi-Janjheli Road At Odidhar Thunag, Himachal Pradesh","Heavy rainfall continued to lash several parts of Himachal Pradesh on Sunday, causing rise in water level in rivers, besides triggering landslides at some places. In Mandi town flooding of a nullah near the government hospital choked the hospital premise","Mandi-Janjheli Road At Odidhar Thunag, Himachal Pradesh",5km,landslide,downpour,medium,unknown,0,0, , , ,GLC,5049,31.5596,77.1679,India,IN,Himachal Pradesh,Pandoh,15.77,1396310400000.0,1606348800000,77.1679,31.5596,2013-07-07 00:00:00+00:00,False,prox:63:154:5297
6210,e-pao.net,http://e-pao.net/GP.asp?src=Snipp8..230813.aug13,5300,1376006400000.0, ,"Senapati, Manipur","The heavy downpour in Senapati during the past weeks has caused landslides and flood like situation in low land areas in many parts of the district. Besides the National Highway, State highway and Inter Village Roads were badly affected by the downpour.","Senapati, Manipur",50km,landslide,downpour,large,unknown,0,0, , , ,GLC,5300,25.318,94.0441,India,IN,Manipur,Kalapahar,23.73,1396310400000.0,1606348800000,94.0441000000001,25.318,2013-08-09 00:00:00+00:00,False,prox:50:188:5308
6221,The Times of India,http://timesofindia.indiatimes.com/india/Darjeeling-landslides-kill-20/articleshow/47891729.cmshttp://timesofindia.indiatimes.com/india/Darjeeling-landslides-kill-20/articleshow/47891729.cms,7038,1435708800000.0, ,"Khahare Khola, Kurseong","According to a report with boulders and rocks covering the main road in Kurseong, at Khahare Khola, the access to Siliguri via NH 55 is cut off.","Khahare Khola, Kurseong",10km,landslide,downpour,medium,above_road,0,0, , , ,GLC,7038,26.8781,88.2807,India,IN,West Bengal,Kurseong,0.67,1435708800000.0,1606348800000,88.2807000000001,26.8781000000001,2015-07-01 00:00:00+00:00,False,prox:53:176:5539
6228,sahilonline,http://www.sahilonline.org/english/news.php?catID=coastalnews&nid=6513&viewed=0,1208,1254441600000.0, ,"Madibag near Kadwad village, Uttara Kannada district, North Karnataka","The torrential rains that had been continuing in the North Karnataka region including the coastal parts of the state since the last few days have subsided today. Meanwhile in Madibagh near Kadwad village of Karwar taluk, a landslide occurred on Friday af","Madibag near Kadwad village, Uttara Kannada district, North Karnataka",10km,landslide,downpour,large,unknown,24,0, , , ,GLC,1208,14.7812,74.499,India,IN,Karnataka,Sunksal,5.29,1396310400000.0,1606348800000,74.4990000000001,14.7812000000001,2009-10-02 00:00:00+00:00,False,prox:29:148:4839
6263,Arunchal Times,http://www.arunachaltimes.in/monsoon-fury-continues-to-pound-tawang/,9252,1469664000000.0, ,"Dolma Lhakang complex, Lumla, Tawang,  Arunachal Pradesh, India","Monsoon fury continues to pound Tawang with the rain not stopping, triggering heavy landslide causing extensive damages to roads, snapping water and power supplies in large part of the district. Fresh incidents of landslides and house collapses were repo","Dolma Lhakang complex, Lumla, Tawang,  Arunachal Pradesh, India",5km,landslide,monsoon,medium,unknown,0,0, ,http://www.arunachaltimes.in/wp-content/uploads/2016/07/Monsoon-fury-continues-to-pound-Tawang-300x206.jpg, ,GLC,9252,27.5748,91.8644,India,IN,Arunachal Pradesh,Twang Shyo,1.55,1470009600000.0,1606348800000,91.8644,27.5748,2016-07-28 00:00:00+00:00,False,prox:55:183:5670
6279,daijiworld,"http://www.daijiworld.com/news/news_disp.asp?n_id=52267&n_tit=Sonu+Brought+out+of+Borewell,+Dead",840,1223769600000.0, ,Lehrakapura village near Shamsabad town,"occurred in afternoon when rescue workers were trying to dig out a young child who fell down a 150 ft. borewell, mudslide buried digging machine",Lehrakapura village near Shamsabad town,25km,mudslide,rain,medium,unknown,0,0, , , ,GLC,840,27.0167,78.1333,India,IN,Uttar Pradesh,Shamshabad,1.73,1396310400000.0,1606348800000,78.1333000000001,27.0167000000001,2008-10-12 00:00:00+00:00,False,prox:54:156:4721
6285,The hindu.com, ,181,1186963200000.0, ,Koti railway station,closest to predicted location of Sambalpur (777.56 km),Koti railway station,5km,landslide,rain,medium,unknown,0,0, , , ,GLC,181,17.3895,78.499,India,IN,Telangana,Hyderabad,7.71,1396310400000.0,1606348800000,78.4990000000001,17.3895000000001,2007-08-13 00:00:00+00:00,False,prox:34:156:4579
6304,Geological Survey of India,"http://www.portal.gsi.gov.in/portal/page?_pageid=127,875814&_dad=portal&_schema=PORTAL",1962,1276041600000.0, ,"Shimla district, Himachal Pradesh","As per media report landslides on 9th June 2010 triggered by torrential rains were reported from several parts of the Shimla district, Himachal Pradesh, resulting in road blocks. Shimla recorded 61.8 mm rainfall.","Shimla district, Himachal Pradesh",unknown,landslide,downpour,medium,unknown,0,0, , , ,GLC,1962,31.09907494,77.1723589,India,IN,Himachal Pradesh,Simla,9.76,1396310400000.0,1606348800000,77.1723589040001,31.099074939,2010-06-09 00:00:00+00:00,False,prox:62:154:4923
6313,The Northeast Today,http://thenortheasttoday.com/landslides-damage-houses-graves-in-aizawl/,8223,1442188800000.0,03:00,"Aizawl, Mizoram, India","Landslides triggered by heavy downpour on Monday night have swept away two houses and damaged 39 graves in Aizawl. In Zemabawk neighbourhood in the eastern periphery of the city, two houses were carried away by landslide which also blocked the national h","Aizawl, Mizoram, India",5km,landslide,downpour,large,above_road,0,0, ,http://thenortheasttoday.com/wp-content/uploads/2015/09/11999911_1012700208774619_1460153118_n.gif, ,GLC,8223,23.7348,92.7187,India,IN,Mizoram,Aizwal,9.11,1467676800000.0,1606348800000,92.7187000000001,23.7348000000001,2015-09-14 00:00:00+00:00,False,prox:47:185:5564
6315,ibnlive.in.com,http://ibnlive.in.com/news/3-killed-in-rainrelated-incidents-as-heavy-showers-lash-hp/408192-3-254.html,5100,1373760000000.0, ,"Shimla-Nahan Highway, Dosarka, Himachal Pradesh","Three persons were killed in rain-related incidents in Himachal Pradesh as incessant heavy showers wreaked havoc causing landslides at several places, blocking highways and damaging several houses. Vehicular traffic was disrupted on Shimla-Nahan highway","Shimla-Nahan Highway, Dosarka, Himachal Pradesh",5km,landslide,rain,medium,unknown,0,0, , , ,GLC,5100,31.673,76.5338,India,IN,Himachal Pradesh,Panjgraon,17.89,1396310400000.0,1606348800000,76.5338,31.6730000000001,2013-07-14 00:00:00+00:00,False,prox:63:153:5300
6342,ibnlive.in,http://ibnlive.in.com/news/kerala-landslide-toll-rises-to-five/283319-62-126.html,4480,1345161600000.0, ,"Kadavoor, Erakulam, Kerala","he death toll in the landslide at Kadavoor in Ernakulam district rose to five on Saturday with the recovery of the body of a man, police said. Heavy rains lashing parts of Central Kerala on Friday had claimed four lives in the region - three in a landsli","Kadavoor, Erakulam, Kerala",1km,landslide,downpour,medium,unknown,6,0, , , ,GLC,4480,10.0011,76.7416,India,IN,Kerala,Muvattupula,18.52,1396310400000.0,1606348800000,76.7416000000001,10.0011000000001,2012-08-17 00:00:00+00:00,False,prox:20:153:5189
6371,indianexpress,http://www.indianexpress.com/news/Landslides-cut-off-N-E/695456,2579,1286582400000.0, ,"Lower Pezielietsie(Tinpati), Kohima, Manipur","Landslides caused by heavy rain damaged several houses and shops in Lower Pezielietsie in Kohima Saturday, rendering several families homeless. A Maruti van was washed away and damaged after it was buried in the debris, reports from Kohima said.","Lower Pezielietsie(Tinpati), Kohima, Manipur",1km,landslide,downpour,medium,unknown,0,0, , , ,GLC,2579,25.682,94.1076,India,IN,Nagaland,Naga Hills,18.35,1396310400000.0,1606348800000,94.1076,25.6820000000001,2010-10-09 00:00:00+00:00,False,prox:51:188:4963
6372,Daily India,http://www.dailyindia.com/show/176095.php/Frequent-landslides-in-Bengal-Sikkim-damage-highways,274,1190246400000.0, ,"Multiple places along 31A, Tarkhola area in Kalimpong district and Sevoke in WB",Roads were in deplorable condition after multiple days of heavy rain caused landslides in area,"Multiple places along 31A, Tarkhola area in Kalimpong district and Sevoke in WB",50km,landslide,rain,medium,unknown,0,0, , , ,GLC,274,27.0875,88.4572,India,IN,West Bengal,Kalimpong,2.55,1396310400000.0,1606348800000,88.4572000000001,27.0875,2007-09-20 00:00:00+00:00,False,prox:54:176:4592
6374,Tribune India,http://www.tribuneindia.com/news/uttarakhand/mussoorie-tehri-road-closed-for-8-hours/266939.html,9008,1468627200000.0, ,"Mathyali village, Jakhnidhar, Uttarakhand, India","Incident may have occurred a few days before 07/16/16. Sudama Lal, a resident of Mathyali village of Jakhnidhar, said his house was damaged due to shooting boulders.","Mathyali village, Jakhnidhar, Uttarakhand, India",1km,rock_fall,rain,small,unknown,0,0, , , ,GLC,9008,30.3351,78.5113,India,IN,Uttaranchal,Alaknanda,24.32,1468800000000.0,1606348800000,78.5113000000001,30.3351000000001,2016-07-16 00:00:00+00:00,False,prox:60:157:5666
6396,Himachal news,http://himachal.us/2007/08/13/11-dead-in-himachal-as-rain-throws-life-out-of-gear/2654/general/himachal-news,177,1186876800000.0, ,"Himachal Pradesh, all over",Himachal news,"Himachal Pradesh, all over",unknown,landslide,rain,medium,unknown,11,0, , , ,GLC,177,32.7334,77.5914,India,IN,Himachal Pradesh,Malung,21.36,1396310400000.0,1606348800000,77.5914000000001,32.7334000000001,2007-08-12 00:00:00+00:00,False,prox:65:155:4579
6424,The hindu.com, ,234,1188950400000.0, ,Panthal in Jammu’s Ramban district on Srinagar-Jammu Highway,"occurred on road, disrupted traffic",Panthal in Jammu’s Ramban district on Srinagar-Jammu Highway,50km,landslide,rain,medium,unknown,0,0, , , ,GLC,234,33.1662,75.3098,India,IN,Jammu and Kashmir,Doda,22.09,1396310400000.0,1606348800000,75.3098000000001,33.1662000000001,2007-09-05 00:00:00+00:00,False,prox:66:150:4587
6427,Zee News,http://zeenews.india.com/news/north-east/landslide-in-tawang-area-of-arunachal-pradesh-watch-video_1878690.html,7655,1461283200000.0,02:00,"Tawang, Arunachal Pradesh","TRMM shows no significant rainfall accumulation. Article: Continuous rain in the last couple of days led to a landslide at Famla village in Arunachal Pradesh's Tawang district early Friday, killing 17 people.","Tawang, Arunachal Pradesh",5km,landslide,continuous_rain,medium,above_road,17,0, ,"http://timesofindia.indiatimes.com/thumb/msid-51950784,width-400,resizemode-4/51950784.jpg", ,GLC,7655,27.5799,91.8569,India,IN,Arunachal Pradesh,Twang Shyo,2.18,1461369600000.0,1606348800000,91.8569000000001,27.5799000000001,2016-04-22 00:00:00+00:00,False,prox:55:183:5637
6429,Red Cross - Field reports,https://www-secure.ifrc.org/dmis/prepare/view_report.asp?ReportID=2987,146,1185753600000.0, ,Uttarkashi district,"Dhaulapani towards Narender Nagar, Uttarkashi-Tehri Marg",Uttarkashi district,50km,landslide,downpour,medium,unknown,2,0, , , ,GLC,146,30.733,78.439,India,IN,Uttaranchal,Uttarkashi,0.1,1396310400000.0,1606348800000,78.4390000000001,30.7330000000001,2007-07-30 00:00:00+00:00,False,prox:61:156:4574
6462,www.thehindu.com,http://www.thehindu.com/news/national/other-states/heavy-rainfall-causes-landslides-in-kumaon/article4931537.ece,5139,1374192000000.0, ,"Munsyari Area, Pithoragarh, Uttarakhand","Heavy rainfall continued to lash various parts of Uttarakhand, especially the Kumaun region, leading to landslides and rising water levels in several rivers. Separate cases of landslides in two villages in the Munsyari area of Pithoragarh district caused","Munsyari Area, Pithoragarh, Uttarakhand",5km,landslide,downpour,medium,unknown,0,0, , , ,GLC,5139,30.0718,80.2369,India,IN,Uttaranchal,Mathkot,7.24,1396310400000.0,1606348800000,80.2369,30.0718000000001,2013-07-19 00:00:00+00:00,False,prox:60:160:5301
6465,The Times of India,http://timesofindia.indiatimes.com/City/Dehradun/Landslide-causes-4-hr-snarl-on-Doon-Mussoorie-road/articleshow/38693367.cms,6162,1405728000000.0,05:00,"Mussoorie, Uttarakhand","Traffic on the main Dehradun-Mussoorie road came to a standstill for over four hours due to a landslide on early Saturday morning. The landslide occurred at Kolhukhet, 15km away from Mussoorie at around 5am. The site has witnessed landslides twice in the","Mussoorie, Uttarakhand",10km,landslide,rain,small,above_road,0,0, , , ,GLC,6162,30.4305,78.0803,India,IN,Uttaranchal,Mussorie,3.6,1408838400000.0,1606348800000,78.0803000000001,30.4305000000001,2014-07-19 00:00:00+00:00,False,prox:60:156:5423
6476,thehindu,http://www.thehindu.com/news/states/other-states/article1605189.ece,3342,1302048000000.0, ,"Latiefabad(?) and Khawar(Kawhar)(?) hamlets, Sheeri(?) area, Baramulla district","Atleast 11 houses and another dozen structures were damaged due to landslides caused by incessant rains in Baramulla district of north Kashmir today, officials said. Eleven residential houses and 12 cowsheds were partially damaged due to the landslides t","Latiefabad(?) and Khawar(Kawhar)(?) hamlets, Sheeri(?) area, Baramulla district",25km,landslide,downpour,medium,unknown,0,0, , , ,GLC,3342,34.2101,74.3445,India,IN,Jammu and Kashmir,Baramula,0.6,1396310400000.0,1606348800000,74.3445,34.2101000000001,2011-04-06 00:00:00+00:00,False,prox:68:148:5023
6482,The Northeast Today,http://www.northeasttoday.in/two-women-buried-alive-in-shillong-landslide/,8366,1442966400000.0,15:00,"Shillong, Meghalaya, India","Two women were buried alive under a massive pile of debris following a landslide at Lamavilla area in Shillong, Meghalaya on Wednesday afternoon triggered by heavy rainfall over the past few days.  The incident occurred when a retaining wall collapsed on","Shillong, Meghalaya, India",5km,landslide,downpour,medium,natural_slope,2,1, , , ,GLC,8366,25.583,91.893,India,IN,Meghalaya,Shillong,15.78,1467763200000.0,1606348800000,91.8930000000001,25.583,2015-09-23 00:00:00+00:00,False,prox:51:183:5567
6483,thesop.org,http://thesop.org/story/20120701/woman-killed-in-guwahati-by-landslide.html,4426,1340323200000.0, ,Lalunggaon near Gorchuk area,"On June 22, three people including two children of a family were killed in a landslide incident at Lalunggaon near Gorchuk area in the city.Thousands of families live at the bottom of 18 hills in the city. These families have allegedly encroached on the",Lalunggaon near Gorchuk area,5km,landslide,downpour,medium,unknown,3,0, , , ,GLC,4426,26.1226,91.7162,India,IN,Assam,Gauhati,7.69,1396310400000.0,1606348800000,91.7162000000001,26.1226,2012-06-22 00:00:00+00:00,False,prox:52:183:5171
6486,The hindu.com,http://www.hindu.com/thehindu/holnus/004200708121524.htm,178,1186876800000.0, ,Kangra,closest to predicted location of Dharmsala (13.24 km),Kangra,25km,landslide,rain,large,unknown,2,0, , , ,GLC,178,32.0985,76.2665,India,IN,Himachal Pradesh,Kangra,0.07,1396310400000.0,1606348800000,76.2665000000001,32.0985000000001,2007-08-12 00:00:00+00:00,False,prox:64:152:4579
6495,articles.timesofindia.indiatimes.com,http://articles.timesofindia.indiatimes.com/2013-10-08/goa/42828440_1_chorla-blocks-traffic-major-landslide,5583,1381017600000.0,16:00,"Ponsuli, Goa","Heavy rain all of Saturday and Sunday led to a major landslide at Ponsuli in the Mhadei wildlife sanctuary in Sattari taluka on Sunday evening. The landslide that occurred at 4.30pm on the already deteriorating road, blocked traffic for nearly four hours","Ponsuli, Goa",5km,landslide,downpour,medium,unknown,0,0, , , ,GLC,5583,15.6365,74.1158,India,IN,Goa,Kankumbi,12.58,1396310400000.0,1606348800000,74.1158,15.6365000000001,2013-10-06 00:00:00+00:00,False,prox:31:148:5328
6507,The Hindu,http://www.thehindu.com/news/national/andhra-pradesh/rockslide-blocks-srisailam-ghat-road/article8895324.ece,9178,1469232000000.0,23:00,"road leading to Patala Ganga and the ropeway in Srisailam, Andhra Pradesh, India","The Pathalaganga ghat road at Srisailam, leading to the pushkar ghat and the ropeway, was completely blocked following rockslide owing to heavy rain on Saturday night. None was hurt as no work was going on there at that time. There was also no pilgrim mo","road leading to Patala Ganga and the ropeway in Srisailam, Andhra Pradesh, India",1km,rock_fall,downpour,medium,above_road,0,0, , , ,GLC,9178,16.0781,78.8743,India,IN,Andhra Pradesh,Srisailam,0.34,1469404800000.0,1606348800000,78.8743000000001,16.0781000000001,2016-07-23 00:00:00+00:00,False,prox:32:157:5668
6508,gsi.gov,"http://www.portal.gsi.gov.in/portal/page?_pageid=127,875814&_dad=portal&_schema=PORTAL",1871,1274054400000.0, ,"Srinagar-Leh national highway, Captain Mode, Kashmir valley","As per PTI report traffic on the 434-km Srinagar-Leh national highway has been suspended after heavy landslides occurred on 17th May 2010, at Captain Mode, 100 km from Srinagar, and other places on the highway due to incessant rain in the Kashmir valley","Srinagar-Leh national highway, Captain Mode, Kashmir valley",50km,landslide,downpour,medium,unknown,0,0, , , ,GLC,1871,34.3951,75.6233,India,IN,Jammu and Kashmir,Matayan,3.32,1396310400000.0,1606348800000,75.6233,34.3951000000001,2010-05-17 00:00:00+00:00,False,prox:68:151:4915
6517,www.hindustantimes.com,http://www.hindustantimes.com/india-news/hemkunt-express-derails/article1-1102390.aspx,5252,1375401600000.0,04:00,Jammu-Pathankot Route Near Samba,"A bogey of Hemkunt Express got derailed today on Jammu-Pathankot route near Samba. SSP railways Shiv Kumar Sharma informed, ÒDue to landslide following of incessant rains overnight, there was landslide on the railway track at Bailgad just few miles of S",Jammu-Pathankot Route Near Samba,10km,landslide,continuous_rain,medium,unknown,0,0, , , ,GLC,5252,32.5282,75.1199,India,IN,Jammu and Kashmir,Chhanni,14.72,1396310400000.0,1606348800000,75.1199,32.5282,2013-08-02 00:00:00+00:00,False,prox:65:150:5306
6519,NYOOZ,http://www.nyoooz.com/goa/159572/showers-cause-landslide-tree-collapse-in-south-goa,7274,1437782400000.0, ,Vasco,"Margao/Vasco/Canacona: Heavy rains throughout the day triggered a landslide in Vasco while a tree crashed on a car in Margao, but nobody was hurt in both incidents.",Vasco,5km,landslide,downpour,small,unknown,0,0, , , ,GLC,7274,15.3904,73.8182,India,IN,Goa,Goa Dabolim,1.93,1437955200000.0,1606348800000,73.8182,15.3904000000001,2015-07-25 00:00:00+00:00,False,prox:30:147:5547
6521,ibnlive.in.com,http://ibnlive.in.com/news/jammusrinagar-highway-reopens-after-two-days/414825-3-245.html,5327,1376438400000.0, ,"Banihal, Ramban District, Kashmir",Jammu-Srinagar national highway was reopened on Friday for vehicular traffic after remaining closed for two days due to landslides triggered by heavy rains in Ramban and Udhampur districts of the state. The 300-km long highway was reopened for vehicular,"Banihal, Ramban District, Kashmir",25km,landslide,downpour,medium,unknown,0,0, , , ,GLC,5327,33.4431,75.1915,India,IN,Jammu and Kashmir,Gund,1.28,1396310400000.0,1606348800000,75.1915000000001,33.4431000000001,2013-08-14 00:00:00+00:00,False,prox:66:150:5310
6526,Telegraph India,http://www.telegraphindia.com/1070830/asp/northeast/story_8253906.asp,213,1188086400000.0, ,Shillong Road at Kuliang in the Jaintia Hills,Telegraph India,Shillong Road at Kuliang in the Jaintia Hills,unknown,landslide,rain,medium,unknown,0,0, , , ,GLC,213,25.2946,92.8339,India,IN,Assam,Thuruk,12.23,1396310400000.0,1606348800000,92.8339000000001,25.2946000000001,2007-08-26 00:00:00+00:00,False,prox:50:185:4583
6538,gsi.gov,"http://www.portal.gsi.gov.in/portal/page?_pageid=127,875814&_dad=portal&_schema=PORTAL",2166,1280361600000.0, ,"Highway 53 at Tupul, Tamenglong district","As per media report a landslide triggered by rains occurred on 29th July, 2010 on the National Highway 53 at Tupul area in Tamenglong district. The landslide disturbed the connection of Manipur with Silchar.","Highway 53 at Tupul, Tamenglong district",10km,landslide,downpour,medium,unknown,0,0, , , ,GLC,2166,24.9786,93.5027,India,IN,Manipur,Brail Range,10.38,1396310400000.0,1606348800000,93.5027000000001,24.9786,2010-07-29 00:00:00+00:00,False,prox:49:187:4939
6546,articles.timesofindia,http://articles.timesofindia.indiatimes.com/2012-09-05/mumbai/33614405_1_landslide-heavy-rain-highway,4536,1346716800000.0,09:00," Varai, Maharashtra","The heavy trains over two days triggered a landslide on the Mumbai-Ahmedabad highway at Varai village near Manor on Tuesday morning, affecting traffic for over three hours."," Varai, Maharashtra",1km,landslide,downpour,medium,unknown,0,0, , , ,GLC,4536,19.6241,72.9084,India,IN,Maharashtra,Palghar,16.68,1396310400000.0,1606348800000,72.9084,19.6241000000001,2012-09-04 00:00:00+00:00,False,prox:39:145:5195
6559,Indian Express,http://indianexpress.com/article/india/india-news-india/separate-landslides-kill-two-in-assam-2913748/,8996,1468454400000.0, ,"Pub Sarania hill, South Sarania, Guwahati, Assam, India","Trigger is likely monsoon rains because the incident occurred during monsoon season.  Two persons, including a girl, were killed in landslides in Assam on Thursday. An octogenarian was killed when a sudden landslide buried his house at Pub Sarania hill,","Pub Sarania hill, South Sarania, Guwahati, Assam, India",1km,landslide,monsoon,small,natural_slope,1,0, ,http://images.indianexpress.com/2016/07/assam-landslide-759.jpg, ,GLC,8996,26.1768,91.7702,India,IN,Assam,Gauhati,1.99,1468800000000.0,1606348800000,91.7702,26.1768000000001,2016-07-14 00:00:00+00:00,False,prox:52:183:5665
6563,freepresskashmir.com,http://freepresskashmir.com/landslide-kills-woman-hurts-two-children-in-jammu-kashmir-105306/,5036,1372982400000.0,23:00,"Reasi District, Jammu And Kashmir",A woman was killed and her two children injured due to a landslide along the road near her residence.,"Reasi District, Jammu And Kashmir",50km,landslide,downpour,medium,unknown,1,2, , , ,GLC,5036,33.0852,74.8799,India,IN,Jammu and Kashmir,Riasi,4.85,1396310400000.0,1606348800000,74.8799000000001,33.0852,2013-07-05 00:00:00+00:00,False,prox:66:149:5297
6576,indiascanner.com,http://indiascanner.com/65-died-in-flood-landslide-in-uttarakhand-15849,2453,1284854400000.0,18:00,"near Chausali village(?), Almora district, Uttarakhand",At least 65 people died and 9 more lost in landslides and flash floods In Uttrakhand.  Uttarakhand is suffering heavy rainfall in the past two days and the rain has caused extensive destruction.   Kailash Mansarover Yatris have been abandoned in Chausali,"near Chausali village(?), Almora district, Uttarakhand",50km,landslide,downpour,medium,unknown,0,0, , , ,GLC,2453,29.6131,79.494,India,IN,Uttaranchal,Almora,15.44,1396310400000.0,1606348800000,79.4940000000001,29.6131,2010-09-19 00:00:00+00:00,False,prox:59:158:4957
6591,e-pao.net,http://e-pao.net/GP.asp?src=9..070909.sep09,1129,1251590400000.0, ,"Road stretch from Gammom to Chamu village, under Kamjong block, Ukhrul district, Manipur","Following heavy landslide on the road stretch from Gammom to Chamu village, under Kamjong block, Ukhrul district, several villages have been cut off from the outside world for the last seven days. Eight villages are situated along the 8 km stretch of roa","Road stretch from Gammom to Chamu village, under Kamjong block, Ukhrul district, Manipur",50km,landslide,downpour,medium,unknown,0,0, , , ,GLC,1129,24.8628,94.4182,India,IN,Manipur,Chattrik,22.97,1396310400000.0,1606348800000,94.4182000000001,24.8628,2009-08-30 00:00:00+00:00,False,prox:49:188:4828
6592,United Nations Development Programme - Relief Web,http://www.reliefweb.int/rw/RWB.NSF/db900SID/MCON-74J2QF?OpenDocument,101,1182729600000.0, ,Wayanad,4 deaths reported b/w Wayanad and Kozhikode,Wayanad,50km,landslide,monsoon,large,unknown,4,0, , , ,GLC,101,11.7095,76.074,India,IN,Kerala,Tharuvana,10.94,1452211200000.0,1606348800000,76.0740000000001,11.7095,2007-06-25 00:00:00+00:00,False,prox:23:152:4563
6608,The Sangai Express,http://www.thesangaiexpress.com/page/items/54212/massive-landslide-along-maram-peren-road-downpour-creates-havoc-in-different-parts,7266,1437523200000.0, ,Yangkhullen-Tamphung road till Nagaland border,"Torrential rain in the last many days has created havoc in many places of Senapati district. Sources specified of major landslides in different locations including 15 kms from Maram, 22 kms to 30 kms between Sangkhumai and Willong, Willong-Yangkhullen st",Yangkhullen-Tamphung road till Nagaland border,10km,landslide,continuous_rain,medium,above_road,0,0, , , ,GLC,7266,25.5098,93.8794,India,IN,Manipur,Sochumei,36.13,1437609600000.0,1606348800000,93.8794,25.5098,2015-07-22 00:00:00+00:00,False,prox:51:187:5546
6615,timesofindia.indiatimes,http://timesofindia.indiatimes.com/news/city/guwahati/Landslides-snap-road-links-in-Arunachal-district/articleshow/4916000.cms,1084,1250035200000.0, ,"Upper Subansiri District, Arunanchal Pradesh",Torrential rain has triggered a series of landslides across Arunachal Pradesh. The worst affected by the deluge was the Upper Subansiri district which has been cut off from the rest of the country since August 12.,"Upper Subansiri District, Arunanchal Pradesh",5km,landslide,downpour,medium,unknown,0,0, , , ,GLC,1084,27.7,92.8,India,IN,Arunachal Pradesh,Norang,22.01,1396310400000.0,1606348800000,92.8000000000001,27.7,2009-08-12 00:00:00+00:00,False,prox:55:185:4822
6616,Mizoram Express,http://mizoramexpress.com/index.php/2010/09/mizoram-landslides-kill-one-woman/,2426,1284336000000.0, ,"Hual(Hu) village(?), Lunglei-Lawngtlai rd, Mizoram","Sep 15, 2010  AIZAWL: Lunglei-Lawngtlai road was also blocked by a heavy landslide at =hual\hu village this afternoon. The landslide also washed away the house of Vanlallawma. Luckily all the family members managed to run out of the house before the hous","Hual(Hu) village(?), Lunglei-Lawngtlai rd, Mizoram",25km,landslide,downpour,medium,unknown,0,0, , , ,GLC,2426,22.7176,92.8416,India,IN,Mizoram,Mizo Hills,3.1,1396310400000.0,1606348800000,92.8416000000001,22.7176000000001,2010-09-13 00:00:00+00:00,False,prox:45:185:4955
6617,Times of India,http://articles.timesofindia.indiatimes.com/2011-08-08/india/29864009_1_panthal-jammu-srinagar-national-highway-heavy-rains,3891,1312675200000.0, ,"Digdol, Jammu-Srinagar National Highway, between Kashmir and the rest of the country","The Jammu-Srinagar National Highway, which is the sole surface link between Kashmir and the rest of the country, was reopened for traffic today after a day long closure due to landslides triggered by heavy rains in Ramban district.  The 300 km-long highw","Digdol, Jammu-Srinagar National Highway, between Kashmir and the rest of the country",unknown,landslide,downpour,medium,unknown,0,0, , , ,GLC,3891,33.4406,75.1996,India,IN,Jammu and Kashmir,Gund,0.73,1396310400000.0,1606348800000,75.1996,33.4406000000001,2011-08-07 00:00:00+00:00,False,prox:66:150:5064
6623,indianexpress,http://www.indianexpress.com/news/Landslide-blocks-Ghaggar-again/366595,804,1222041600000.0, ,"Ghaggar, Morni, Panchkula",A Large number of fields in Umri village was destroyed due to the landslide that blocked the course of the river,"Ghaggar, Morni, Panchkula",25km,landslide,rain,medium,unknown,0,0, , , ,GLC,804,30.7,77.08,India,IN,Haryana,Pinjaur,18.75,1396310400000.0,1606348800000,77.08,30.7,2008-09-22 00:00:00+00:00,False,prox:61:154:4714
6634,The Times of India,http://articles.timesofindia.indiatimes.com/2011-06-23/goa/29694407_1_mining-lease-heavy-rains-inquiry-report,3629,1308441600000.0, ,"Cuddegal in Sanvordem, outside the mining lease area",The mining department on Monday submitted its inquiry report to the government on the recent landslide at Cuddegal in Sanvordem which attributed the mishap to heavy rains and stated that the landslide took place outside the mining lease area.  It also su,"Cuddegal in Sanvordem, outside the mining lease area",5km,landslide,downpour,medium,mine,0,0, , , ,GLC,3629,15.2932,74.1447,India,IN,Goa,Sanvordem,6.27,1410739200000.0,1606348800000,74.1447000000001,15.2932000000001,2011-06-19 00:00:00+00:00,False,prox:30:148:5048
6635,Assam Tribune,http://www.assamtribune.com/scripts/detailsnew.asp?id=sep2414/at051,6286,1411344000000.0, ,Garchuk,another road in Garchuk was also blocked due to landslide.,Garchuk,5km,landslide,rain,small,unknown,0,0, , , ,GLC,6286,26.1044,91.7082,India,IN,Assam,Gauhati,9.85,1413849600000.0,1606348800000,91.7082,26.1044000000001,2014-09-22 00:00:00+00:00,False,prox:52:183:5445
6641,navhindtimes.com,http://www.navhindtimes.com/articles.php?Story_ID=090817,240,1189123200000.0, ,"NH-17, Panaji to Mapusa on Old Mandovi bridge, Goa",disrupted traffic along bridge from landsliding,"NH-17, Panaji to Mapusa on Old Mandovi bridge, Goa",5km,landslide,rain,medium,unknown,8,0, , , ,GLC,240,15.5063,73.8362,India,IN,Goa,Mapuca,9.92,1396310400000.0,1606348800000,73.8362000000001,15.5063000000001,2007-09-07 00:00:00+00:00,False,prox:31:147:4587
6642,e-pao.net,http://e-pao.net/GP.asp?src=16..070711.jul11,3738,1309910400000.0, ,"National Highway 53, Sinam Khul (near Kotlen; ~25 km from Imphal)","Imphal, July 06 2011: In a tragic incident of nature taking toll on human, a massive landslides along NH 53 today killed six personnel of Indian Reserved Battalion (IRB) and Manipur Rifles even as seven personnel were critically injured.  According to po","National Highway 53, Sinam Khul (near Kotlen; ~25 km from Imphal)",50km,landslide,downpour,medium,unknown,6,0, , , ,GLC,3738,24.8063,93.9482,India,IN,Manipur,Manipur,6.93,1396310400000.0,1606348800000,93.9482000000001,24.8063000000001,2011-07-06 00:00:00+00:00,False,prox:49:187:5053
6646,Indian 24 News,http://www.indian24news.com/india/landslips-snap-road-connectivity-to-kodaikanal/69415-news,8988,1449446400000.0, ,Upper Kodaikanal Road,Landslips on Upper Kodaikanal Road near Pallangi and on Batlgundu-Thandigudi Ghat Road near Perumparai cut off road connectivity to Kodaikanal hill here on Sunday.  Traffic was disrupted for more than an hour and vehicles were stranded on both directions,Upper Kodaikanal Road,1km,landslide,rain,medium,above_road,0,0, ,http://www.thehindu.com/multimedia/dynamic/02647/06dec_dgrajns4__07_2647798f.jpg, ,GLC,8988,10.2288,77.4767,India,IN,Tamil Nadu,Kadaikan,0.93,1468540800000.0,1606348800000,77.4767000000001,10.2288,2015-12-07 00:00:00+00:00,False,prox:20:154:5592
6650,ibnlive.in,http://ibnlive.in.com/generalnewsfeed/news/rains-disrupt-air-and-road-traffic-in-himachal/743822.html,3666,1309305600000.0, ,"Manali-Leh road, between Mari and Rohtang","Jun 30 (PTI) Road and air traffic was disrupted today in several parts of Himachal Pradesh as monsoon remained active in the state during the last 48 hours. Rains triggered landslides, while dense fog engulfed the region leading to cancellation of flight","Manali-Leh road, between Mari and Rohtang",25km,landslide,continuous_rain,medium,unknown,0,0, , , ,GLC,3666,32.4318,77.2147,India,IN,Himachal Pradesh,Chandra,5.57,1396310400000.0,1606348800000,77.2147000000001,32.4318000000001,2011-06-29 00:00:00+00:00,False,prox:64:154:5051
6652,himvani,http://www.himvani.com/news/2010/09/23/all-trains-on-kalka-shimla-line-suspended-due-to-landslide/7580/,2488,1285113600000.0, ,"between Kathalighat(Kathleeghat) and Knoh(?) stations, rail line between Solan and Shimla 15 km form Shimla, Himachal Pradesh","Shimla 9/23  Monsoon rains in Himachal Pradesh claimed another life as a retired government employee came under a massive tree here in the outskirts of Shimla last night. Meanwhile, movement of trains on the world-heritage Kalka-Shimla railway line came","between Kathalighat(Kathleeghat) and Knoh(?) stations, rail line between Solan and Shimla 15 km form Shimla, Himachal Pradesh",5km,landslide,downpour,medium,unknown,0,0, , , ,GLC,2488,31.0215,77.1038,India,IN,Himachal Pradesh,Simla,6.92,1396310400000.0,1606348800000,77.1038,31.0215000000001,2010-09-22 00:00:00+00:00,False,prox:62:154:4958
6660,The Times of India,http://timesofindia.indiatimes.com/city/mumbai/Two-injured-in-landslide-at-Gilbert-Hill/articleshow/47646786.cms,6972,1434067200000.0,11:00,"Gilbert Hill, Andheri West, Mumbai",Rainfall resulted in some of the rocks on Gilbert Hill coming off.,"Gilbert Hill, Andheri West, Mumbai",1km,landslide,downpour,small,above_road,0,2, , , ,GLC,6972,19.1209,72.8406,India,IN,Maharashtra,Bombay,4.64,1435190400000.0,1606348800000,72.8406000000001,19.1209000000001,2015-06-12 00:00:00+00:00,False,prox:38:145:5532
6663,State Times,http://news.statetimes.in/landslides-3-more-bodies-retrieved-toll-rises-to-20/,7171,1427673600000.0,00:00,16 dead in Chadoora,"Search and rescue workers retrieved the body of seven- year-old boy Ahmad Hajam from the debris of a house at village Laden in Chadoora tehsil this morning, a police official said, with this toll increased to 16. Laden village witnessed landslide caused",Laden in Chadoora,5km,landslide,continuous_rain,medium,unknown,16,0, , , ,GLC,7171,33.9445,74.799,India,IN,Jammu and Kashmir,Kasba,1.94,1436745600000.0,1606348800000,74.799,33.9445000000001,2015-03-30 00:00:00+00:00,False,prox:67:149:5508
6670,sify.com,http://sify.com/news/landslides-flash-floods-damage-roads-in-uttarakhand-news-national-kjxruecgidd.html,2471,1284854400000.0, ,"roads above Pithoragarh, Uttranchal","Dehradun, Sep 23 (IANS) Widespread landslides and flash floods triggered by last week's torrential rains in Uttarakhand have cut off large parts of the Himalayan state and left hundreds of tourists and pilgrims stranded, including on the Mansarovar route","roads above Pithoragarh, Uttranchal",50km,landslide,downpour,medium,unknown,0,0, , , ,GLC,2471,29.7911,80.058,India,IN,Uttaranchal,Nachani,16.34,1396310400000.0,1606348800000,80.058,29.7911,2010-09-19 00:00:00+00:00,False,prox:59:160:4957
6679,Hindu,http://www.thehindu.com/news/states/other-states/article2276615.ece,3805,1311033600000.0, ,200 meters from Teesta Bridge towards Siliguri,"The ongoing monsoons have once again started to take its toll along NH-31A, with various places along the West Bengal-Sikkim highway being blocked because of landslides, police said.  After closing down the highway for over 12 hours at Rambi in the West",200 meters from Teesta Bridge towards Siliguri,1km,landslide,rain,medium,above_road,0,0, , , ,GLC,3805,27.05374234,88.42572376,India,IN,West Bengal,Kalimpong,5.65,1396310400000.0,1606348800000,88.4257237600001,27.053742344,2011-07-19 00:00:00+00:00,False,prox:54:176:5058
6681,Asian News International - Daily India,http://www.dailyindia.com/show/164988.php/Landslides-leave-scores-of-passengers-stranded-in-Uttarakhand,173,1186790400000.0, ,Rishikesh,closest to predicted location of Dharmpur (128.85 km),Rishikesh,unknown,landslide,rain,medium,unknown,0,0, , , ,GLC,173,30.0702,78.3027,India,IN,Uttaranchal,Rishikesh,4.31,1396310400000.0,1606348800000,78.3027000000001,30.0702000000001,2007-08-11 00:00:00+00:00,False,prox:60:156:4578
6684,www.thehindubusinessline.com,http://www.thehindubusinessline.com/news/states/landslide-blocks-polo-river-in-arunachal-pradesh/article4996075.ece,5250,1375315200000.0, ,"Polo River At Polosang, Arunachal Pradesh","Arunachal Pradesh Government today sounded red alert following reports of a massive landslide which blocked the flow of Polo river at Polosang last week, reversing the flow of its water toward China. Disaster management Director Y. W. Ringu alerted Kurun","Polo River At Polosang, Arunachal Pradesh",10km,mudslide,rain,medium,unknown,0,0, , , ,GLC,5250,27.8837,93.0515,India,IN,Arunachal Pradesh,Miri Hills,10.22,1396310400000.0,1606348800000,93.0515,27.8837,2013-08-01 00:00:00+00:00,False,prox:55:186:5306
6687,Tribune,http://www.tribuneindia.com/news/himachal/landslides-block-national-highway-88/117746.html,7628,1439078400000.0, ,NH 88,Landslides triggered by heavy rain have blocked the national highway (NH) 88 while threat looms large over the houses built near the landslide.,NH 88,5km,rock_fall,rain,small,above_road,0,0, ,http://images.tribuneindia.com/cms/gall_content/2015/8/2015_8$largeimg09_Aug_2015_231823090.jpg, ,GLC,7628,31.6916,76.5102,India,IN,Himachal Pradesh,Beas,16.69,1460505600000.0,1606348800000,76.5102000000001,31.6916000000001,2015-08-09 00:00:00+00:00,False,prox:63:153:5552
6702,www.business-standard.com,http://www.business-standard.com/article/pti-stories/j-k-couple-killed-in-landslide-113081900674_1.html,5377,1376870400000.0, ,Dara Gutli Village Of Uri Sector In North Kashmir'S Baramulla District,A couple was killed today in north Kashmir's Baramulla districtin a landslide triggered by heavy rains. Muneer Ahmad (44) and his wife Razeena Begum (38) died on the spot after being hit by the boulders rolling down the hill. The mishap took place in Dar,Dara Gutli Village Of Uri Sector In North Kashmir'S Baramulla District,25km,landslide,tropical_cyclone,medium,unknown,2,0,Trami, , ,GLC,5377,34.0942,74.0226,India,IN,Jammu and Kashmir,Uri,2.51,1396310400000.0,1606348800000,74.0226000000001,34.0942000000001,2013-08-19 00:00:00+00:00,False,named:trami
6710,Orissa Diary,http://www.orissadiary.com/CurrentNews.asp?id=54388,6307,1413072000000.0, ,Putupadal gram panchayat in Nuagada block,"Landslide in Gajapati, One woman dead with four goats, five cows also died on spot. The landslide destroyed eight houses fully.",Putupadal gram panchayat in Nuagada block,25km,landslide,tropical_cyclone,medium,unknown,0,0,Hudhud,http://www.orissadiary.com/shashwat/images/allnewsimage/54388.jpg, ,GLC,6307,19.1008,84.0502,India,IN,Orissa,Pottasing,10.45,1414368000000.0,1606348800000,84.0502000000001,19.1008,2014-10-12 00:00:00+00:00,False,named:hudhud
6713,articles.timesofindia.indiatimes.com,http://articles.timesofindia.indiatimes.com/2013-05-12/guwahati/39203561_1_artificial-floods-guwahati-municipal-corporation-gs-road,4859,1368230400000.0, ,"Sarania Hills, North Guwahati, Guwahati, Assam,","Landslides occurred in the Nursery area and Maligaon in Nilachal Hills, Sarania Hills and Boragaon on Saturday, alarming hill residents, whose number has crossed two lakh in Guwahati, said sources. Junu Chakraborty (50) was injured in the Nursery area af","Sarania Hills, North Guwahati, Guwahati, Assam,",5km,landslide,rain,medium,unknown,0,1, , , ,GLC,4859,26.1771,91.7599,India,IN,Assam,Gauhati,1.1,1396310400000.0,1606348800000,91.7599000000001,26.1771,2013-05-11 00:00:00+00:00,False,prox:52:183:5278
6718,Free Press Kashmir,http://freepresskashmir.com/landslide-blocks-kashmir-highway-amarnath-yatra-halted-074022/,6174,1405987200000.0,05:00,"Ramban, Kashmir", ,"Ramban, Kashmir",1km,landslide,rain,small,above_road,0,0, , , ,GLC,6174,33.2395,75.2406,India,IN,Jammu and Kashmir,Chaunkri,20.58,1408838400000.0,1606348800000,75.2406,33.2395000000001,2014-07-22 00:00:00+00:00,False,prox:66:150:5424
6722,healthcarendiet,http://www.healthcarendiet.com/2010/07/06/monsoon-covers-almost-entire-india/,2041,1278374400000.0, ,"highway to Rudraprayag district, Uttarakhand","North India today experienced heavy rains as south-west monsoon advanced into more parts of the region, including the national capital.  The monsoon, which hit parts of Rajasthan yesterday, further progressed to Delhi, Uttarakhand, Himachal Pradesh and t","highway to Rudraprayag district, Uttarakhand",10km,landslide,downpour,medium,unknown,0,0, , , ,GLC,2041,30.2485,78.8847,India,IN,Uttaranchal,Srinagar,5.45,1396310400000.0,1606348800000,78.8847000000001,30.2485,2010-07-06 00:00:00+00:00,False,prox:60:157:4932
6724,ukpress.google,http://ukpress.google.com/article/ALeqM5iM8gWKcS4OLf66hwzNMnaybAaZYA,585,1213401600000.0, ,"Itanagar-Naharlagun, Arunachal Pradesh","bodies pulled from debris in and around Itnagar, 300 mud huts washed away at banks of Dikrong river","Itanagar-Naharlagun, Arunachal Pradesh",25km,landslide,rain,large,unknown,21,0, , , ,GLC,585,27.0998,93.6287,India,IN,Arunachal Pradesh,North Lakhimpur,49.75,1396310400000.0,1606348800000,93.6287,27.0998000000001,2008-06-14 00:00:00+00:00,False,prox:54:187:4681
6729,ibnlive.in,http://ibnlive.in.com/news/crops-worth-rs-185-lakh-destroyed-in-idukki/156739-60-116.html,3565,1306972800000.0, ,"Idukki taluk, Kerala","Jun 05, 2011 at 12:04pm IST  KATTAPPANA: The heavy rain which has been lashing the district for the last several days has caused heavy damage to crops and property. According to the Agriculture Department sources, crops worth Rs 18.5 lakh in 150 hectares","Idukki taluk, Kerala",25km,landslide,downpour,medium,unknown,0,0, , , ,GLC,3565,9.8306,76.9408,India,IN,Kerala,Carda Mom Hills,28.91,1396310400000.0,1606348800000,76.9408000000001,9.83060000000006,2011-06-02 00:00:00+00:00,False,prox:19:153:5042
6734,www.business-standard.com,http://www.business-standard.com/article/pti-stories/four-killed-in-landslide-113061800917_1.html,4950,1371513600000.0,08:00,"Tottilagundi, Dakshina Kannada District","Four members of a family were killed and seven others injured in a landslide triggered by incessant rains at Tottilagundi in Dakshina Kannada district in the early hours today, police said. The victims included three women, police said, adding while the","Tottilagundi, Dakshina Kannada District",unknown,landslide,rain,medium,unknown,4,7, , , ,GLC,4950,12.8446,75.2476,India,IN,Karnataka,Puttur,11.28,1396310400000.0,1606348800000,75.2476,12.8446000000001,2013-06-18 00:00:00+00:00,False,prox:25:150:5291
6739,Telegraph India,http://www.telegraphindia.com/1120605/jsp/siliguri/story_15570407.jsp#.UN9-FOSx_K0,4385,1338681600000.0, ,"lachen, Sikkim","Around 65 vehicles carrying 400 tourists were left stranded at Lachen-Lachung last night, after heavy landslides triggered by torrential rain hit the picturesque North Sikkim. Sources in the tourism department said some of the cars started from Lachung a","lachen, Sikkim",5km,landslide,downpour,medium,unknown,0,0, , , ,GLC,4385,27.7167,88.5577,India,IN,Sikkim,Sikkim,9.85,1396310400000.0,1606348800000,88.5577000000001,27.7167000000001,2012-06-03 00:00:00+00:00,False,prox:55:177:5164
6750,freepresskashmir.com,http://freepresskashmir.com/kashmir-highway-connecting-ladakh-region-closed-due-to-landslides-rains-175714/,5323,1376352000000.0, ,Zojila Pass,National highway 10 was closed between Sonamarg and Drass,Zojila Pass,50km,landslide,downpour,medium,unknown,0,0, , , ,GLC,5323,34.2601,75.4466,India,IN,Jammu and Kashmir,Sonamarg,14.66,1396310400000.0,1606348800000,75.4466,34.2601000000001,2013-08-13 00:00:00+00:00,False,prox:68:150:5310
6755,timesofindia.indiatimes,http://timesofindia.indiatimes.com/india/First-showers-in-Kullu-hit-traffic/articleshow/9157906.cms,3747,1310083200000.0, ,Manali-Leh highway,"MANALI: The first showers of monsoon on Friday have played havoc with the prevailing conditions in Kullu-Manali. Landslides on Manali-Leh highway disrupted traffic movement while flights returned to Delhi, unable to land at Kullu airport.  Frequent lands",Manali-Leh highway,50km,landslide,rain,medium,unknown,0,0, , , ,GLC,3747,32.3237,77.1935,India,IN,Himachal Pradesh,Chandra,11.11,1396310400000.0,1606348800000,77.1935,32.3237,2011-07-08 00:00:00+00:00,False,prox:64:154:5054
6756,The Hindu,http://www.thehindu.com/news/national/many-killed-in-arunachal-landslip/article8798739.ece,8237,1467331200000.0, ,"Old Inspection Bungalow, Bhalukpong town, West Kameng, Arunachal Pradesh, India","At least five persons, including two women, were killed on Friday, while five others remained missing in a landslip that buried several houses in Arunachal Pradesh’s West Kameng district, which is being lashed by torrential rain.  The landslip occurred","Old Inspection Bungalow, Bhalukpong town, West Kameng, Arunachal Pradesh, India",1km,landslide,downpour,large,unknown,5,3, , , ,GLC,8237,27.0136,92.6351,India,IN,Arunachal Pradesh,Digbaljuli,19.37,1467676800000.0,1606348800000,92.6351000000001,27.0136000000001,2016-07-01 00:00:00+00:00,False,prox:54:185:5661
6765,Indian Express,http://indianexpress.com/article/india/india-news-india/at-least-10-killed-in-landslides-in-assam-rescue-operations-underway-2806810/,9334,1463529600000.0,08:00,"Bilaipur, Hailakandi district, Assam, India","One of two landslides in Bilaipur triggered by the same rainfall event. Ten people were killed in landslides in Karimganj and Hailakandi districts in Barak Valley in Assam on Wednesday following incessant rains. In neighbouring Hailakandi district, two i","Bilaipur, Hailakandi district, Assam, India",1km,landslide,continuous_rain,unknown,unknown,2,0, , , ,GLC,9334,24.5204,92.7264,India,IN,Assam,Umednagar,12.28,1470182400000.0,1606348800000,92.7264000000001,24.5204,2016-05-18 00:00:00+00:00,False,prox:49:185:5646
6768,Indian Express,http://indianexpress.com/article/cities/mumbai/its-raining-woes-for-mumbai-train-commuters-223-services-hit-2868000/,8745,1466467200000.0,09:00,"Parsik Tunnel between Thane and Kalyan railway stations, India","Also, a landslide was witnessed between Thane and Kalyan railway stations in the morning. A protection wall built by the authorities of Thane Municipal Corporation(TMC) between the stations was damaged, and authorities rushed to the spot to repair it.","Parsik Tunnel between Thane and Kalyan railway stations, India",1km,landslide,downpour,small,above_road,0,0, , , ,GLC,8745,19.19,73.009,India,IN,Maharashtra,Thana,6.41,1467936000000.0,1606348800000,73.0090000000001,19.1900000000001,2016-06-21 00:00:00+00:00,False,prox:38:146:5657
6769,indianexpress,http://www.indianexpress.com/news/N-E-border-dist-cut-off-by-landslides--runs-out-of-supplies/627610,1930,1275264000000.0, ,"Anini-Roing road,  Dibang Valley,  Arunachal Pradesh","Its only link to the outside world, the Anini-Roing road, having been hit by landslides at several places, Dibang Valley district in eastern Arunachal Pradesh has remained cut off from the rest of the world for more than six weeks now. The district share","Anini-Roing road,  Dibang Valley,  Arunachal Pradesh",50km,landslide,downpour,medium,unknown,0,0, , , ,GLC,1930,28.4298,95.8776,India,IN,Arunachal Pradesh,Ipilin,18.95,1396310400000.0,1606348800000,95.8776000000001,28.4298000000001,2010-05-31 00:00:00+00:00,False,prox:56:191:4920
6776,voiceofsikkim.com,http://voiceofsikkim.com/2010/04/18/rains-trigger-major-landslide-at-pani-house/,1756,1271462400000.0, ,"Nam Nang, Gangtok","On the same day, another minor landslide was reported at Nam-Nang.","Nam Nang, Gangtok",1km,landslide,downpour,small,unknown,0,0, , , ,GLC,1756,27.322,88.6087,India,IN,Sikkim,Tista,16.73,1396310400000.0,1606348800000,88.6087000000001,27.322,2010-04-17 00:00:00+00:00,False,prox:54:177:4905
6791,Telegraph India,http://www.telegraphindia.com/1100605/jsp/northeast/story_12529386.jsp,1934,1275523200000.0,05:00,Rongpur village under Bhairabhnagar panchayat in Karimganj district,Two died and five others were injured yesterday around 5am when their bamboo huts were crushed in a mudslide on the foothills at Rongpur village under Bhairabhnagar panchayat in Karimganj district.  Sources in Karimganj police station today said the dead,Rongpur village under Bhairabhnagar panchayat in Karimganj district,25km,landslide,downpour,medium,unknown,2,0, , , ,GLC,1934,24.6005,92.3814,India,IN,Assam,Umednagar,24.0,1396310400000.0,1606348800000,92.3814,24.6005000000001,2010-06-03 00:00:00+00:00,False,prox:49:184:4921
6794,articles.timesofindia.indiatimes.com,http://articles.timesofindia.indiatimes.com/2013-07-08/india/40442321_1_landslides-heavy-rainfall-isolated-places,5047,1373155200000.0,03:00,"Mandi-Pathankot Highway At Paddar, Himachal Pradesh","Heavy rainfall continued to lash several parts of Himachal Pradesh on Sunday, causing rise in water level in rivers, besides triggering landslides at some places. In Mandi town flooding of a nullah near the government hospital choked the hospital premise","Mandi-Pathankot Highway At Paddar, Himachal Pradesh",1km,landslide,downpour,medium,unknown,0,0, , , ,GLC,5047,31.8795,76.9161,India,IN,Himachal Pradesh,Bhuntar,12.1,1396310400000.0,1606348800000,76.9161,31.8795000000001,2013-07-07 00:00:00+00:00,False,prox:63:153:5297
6795,Times of India,http://timesofindia.indiatimes.com/city/dehradun/Rains-trigger-landslides-on-Yamnotri-and-Gangotri-highways-traffic-disrupted/articleshow/48505014.cms,7309,1439596800000.0, ,Malla,"Roads were blocked at Silai bend and Paal village on Yamnotri highway, and Gagnani, Nalupani and Malla on Gangotri highway. All the spots are chronic landslide zones. The logjams caused vehicles to be stranded for a few hours on both the highways on Satu",Malla,1km,landslide,continuous_rain,medium,above_road,0,0, , , ,GLC,7309,30.7864,78.616,India,IN,Uttaranchal,Uttarkashi,17.86,1450051200000.0,1606348800000,78.616,30.7864000000001,2015-08-15 00:00:00+00:00,False,prox:61:157:5554
6811,assamtribune,http://www.assamtribune.com/scripts/detailsnew.asp?id=apr2110/at06,1770,1271721600000.0, ,"Kharghuli, Guwahati, Assam","GUWAHATI, April 20 – Civic woes of Guwahatians is continuing to unfold its murkier side with incessant downpour today forcing district administration to engage National Disaster Response Force (NDRF) to facilitate movement of residents of low-lying are","Kharghuli, Guwahati, Assam",1km,landslide,downpour,medium,unknown,0,0, , , ,GLC,1770,26.1965,91.763,India,IN,Assam,Gauhati,1.77,1396310400000.0,1606348800000,91.763,26.1965000000001,2010-04-20 00:00:00+00:00,False,prox:52:183:4906
6813,Deccan Herald,http://www.deccanherald.com/content/488228/landslide-halts-mluru-train-4.html,7141,1436313600000.0,00:00,"Yedakumeri, Bengaluru-Mangaluru train","The track between Yedakumeri and Shiravagilu, near the 26th tunnel was buried under soil and boulders due to landslide on Tuesday midnight.","Yedakumeri, Bengaluru-Mangaluru train",50km,landslide,rain,small,above_road,0,0, , , ,GLC,7141,12.9455,75.7797,India,IN,Karnataka,Sakleshpur,1.01,1436486400000.0,1606348800000,75.7797,12.9455,2015-07-08 00:00:00+00:00,False,prox:25:151:5541
6819,kashmirobserver,http://www.kashmirobserver.net/index.php?option=com_content&view=article&id=7442:downpour-disasters-kill-8-in-kashmir-scores-homeless&catid=15:top-news&Itemid=2,3375,1302998400000.0, ,"Shanna(?), Jammu province","Another woman was killed in Shanna, a village in another part of the Jammu province, in similar circumstances, reports said.  The victim, Jeeto Devi, was pulled out dead from the debris of her wrecked house, while her husband, Ratan Lal, was sent to hosp","Shanna(?), Jammu province",unknown,landslide,downpour,medium,unknown,1,0, , , ,GLC,3375,33.2599,75.8886,India,IN,Jammu and Kashmir,Shandero,10.72,1396310400000.0,1606348800000,75.8886000000001,33.2599000000001,2011-04-17 00:00:00+00:00,False,prox:66:151:5027
6854,Hindu,http://www.thehindu.com/news/national/other-states/life-remains-hit-in-darjeeling-hills/article9222389.ece,9619,1476489600000.0, ,Namchi,"The road on way to Peiling in Sikkim remained cut off due to landslides at Namchi and Rangpo but the Lava-Lolegaon route in Darjeeling was still working, though only for cars and the small vehicles took long detour through the second route, the officials",Namchi,5km,landslide,rain,medium,above_road,0,0, , , ,GLC,9619,27.1695,88.3664,India,IN,Sikkim,Kalimpong,15.31,1476835200000.0,1606348800000,88.3664000000001,27.1695,2016-10-15 00:00:00+00:00,False,prox:54:176:5696
6858,morungexpress,http://www.morungexpress.com/local/69559.html,3683,1309478400000.0, ,NH-61 between Botsa and Chiechama,500 ft stretch of road affected by landslide.  Triggered by continuous rain,NH-61 between Botsa and Chiechama,10km,landslide,downpour,medium,unknown,0,0, , , ,GLC,3683,25.8782,94.1739,India,IN,Nagaland,Naga Hills,7.69,1396310400000.0,1606348800000,94.1739000000001,25.8782,2011-07-01 00:00:00+00:00,False,prox:51:188:5052
6861,E-PAO,http://e-pao.net/GP.asp?src=26..120815.aug15,7664,1439251200000.0, ,Nungba,"In a press statement, ZB-AMN General Secretary Dr Gairiangmei Maringmei said due to recent incessant rain, several areas of the Zeliangrong region have experienced landslides.",Nungba,10km,landslide,continuous_rain,medium,unknown,0,0, , , ,GLC,7664,24.7459,93.4251,India,IN,Manipur,Sempang,11.44,1461801600000.0,1606348800000,93.4251,24.7459000000001,2015-08-11 00:00:00+00:00,False,prox:49:186:5552
6862,alertnet,http://www.alertnet.org/thenews/fromthefield/222031/128136284695.htm,2208,1281052800000.0,00:00,"Nimoo(Nimu)(Nimmoo) village, Leh, Ladakh, Jammu and Kashmir","On the night of 5th and 6th August 2010, between 00:00 hrs and 00:30 hrs, intensive rainfall followed by massive cloudburst in high altitude terrain of Leh (3505m), triggered numerous debris flows, mud flows (earth spreads) and sand flows. These widespre","Nimoo(Nimu)(Nimmoo) village, Leh, Ladakh, Jammu and Kashmir",5km,landslide,downpour,large,unknown,182,0, , , ,GLC,2208,34.2116,77.3504,India,IN,Jammu and Kashmir,Machakka,6.16,1410739200000.0,1606348800000,77.3504,34.2116,2010-08-06 00:00:00+00:00,False,prox:68:154:4942
6864,Telegraph India,http://www.telegraphindia.com/1110618/jsp/northeast/story_14127559.jsp,3619,1308268800000.0,19:00,"National HWY 31A, Birik (cut off Sikkim)","The rain also triggered mudslides at two places on National Highway 31A, Sikkim’s only road link, holding up nearly 500 vehicles for five hours.","National HWY 31A, Birik (cut off Sikkim)",unknown,mudslide,rain,medium,unknown,0,0, , , ,GLC,3619,27.4885,88.4451,India,IN,Sikkim,Mangan,7.7,1396310400000.0,1606348800000,88.4451000000001,27.4885,2011-06-17 00:00:00+00:00,False,prox:54:176:5047
6872,www.thehindu.com,http://www.thehindu.com/news/cities/Vijayawada/rain-results-in-landslides-wall-collapses/article5271952.ece,5617,1382659200000.0, ,"Chrsiturajupuram, Vijayawada, Andhra Pradesh",The city and surrounding areas received widespread and intermittent rain accompanied by gusty winds since early hours of Thursday. The sky remained overcast throughout the day and heavy downpour in the afternoon was followed by sharp showers in the eveni,"Chrsiturajupuram, Vijayawada, Andhra Pradesh",10km,landslide,rain,medium,unknown,0,4, , , ,GLC,5617,16.5175,80.6117,India,IN,Andhra Pradesh,Vijayawada,2.18,1396310400000.0,1606348800000,80.6117,16.5175,2013-10-25 00:00:00+00:00,False,prox:33:161:5334
6873,e-pao,http://www.e-pao.net/GP.asp?src=27..280810.aug10,2343,1282867200000.0,16:00,"NH-39 at Ekai village(?), 2 km for Tadubi, Manipur","Imphal, August 27 2010: The state was cut off from the rest of the country as landslides triggered by torrential rains blocked both NH-39 and 53.The disturbances on the highways are amidst the extended 25-day economic blockade imposed by UNC which entere","NH-39 at Ekai village(?), 2 km for Tadubi, Manipur",5km,landslide,downpour,medium,unknown,0,0, , , ,GLC,2343,25.4786,94.1327,India,IN,Manipur,Sochumei,10.49,1396310400000.0,1606348800000,94.1327000000001,25.4786,2010-08-27 00:00:00+00:00,False,prox:50:188:4949
6887,thaindian,http://www.thaindian.com/newsportal/business/75-tourists-in-himachal-stranded-by-landslides_100247510.html,1154,1252540800000.0, ,"Manali Kaza-Manali Road near Kunzum Pass, Spiti Valley, Himachal Pradesh","(uncertain of date of landslides) Around 75 tourists, including 50 foreigners, are still stranded in Himachal Pradesh’s Spiti Valley after the closure of roads due to landslides triggered by rains and snowfall last week, police said Tuesday. From the M","Manali Kaza-Manali Road near Kunzum Pass, Spiti Valley, Himachal Pradesh",5km,landslide,downpour,medium,unknown,0,0, , , ,GLC,1154,32.4035,77.5796,India,IN,Himachal Pradesh,Chandra,29.69,1396310400000.0,1606348800000,77.5796000000001,32.4035000000001,2009-09-10 00:00:00+00:00,False,prox:64:155:4832
6898,The Tribune,http://www.tribuneindia.com/news/himachal/landslide-poses-threat-to-houses-in-new-shimla/109125.html,7249,1436745600000.0, ,"Phase-III, Sector 5, New Shimla",House owners and tenants of the Kagnadhar locality have accused the Himachal Pradesh Housing and Urban Development Authority (Himuda) of endangering houses and sewerage line due to a landslide on its land triggered by recent spells of rain.,"Phase-III, Sector 5, New Shimla",5km,mudslide,continuous_rain,small,natural_slope,0,0, , , ,GLC,7249,31.0851,77.1665,India,IN,Himachal Pradesh,Simla,8.96,1437436800000.0,1606348800000,77.1665,31.0851000000001,2015-07-13 00:00:00+00:00,False,prox:62:154:5543
6910,E-PAO,http://e-pao.net/GP.asp?src=1..020815.aug15,7388,1438387200000.0, ,Senam,"At Senam and Tengnoupal, Some people of the two villages vacated their respective houses and shifted their belongings to a safer place as crack has been developed due to landslide in the village.",Senam,5km,landslide,continuous_rain,medium,unknown,0,0, , , ,GLC,7388,24.416,94.0984,India,IN,Manipur,Saibom,1.06,1450051200000.0,1606348800000,94.0984000000001,24.416,2015-08-01 00:00:00+00:00,False,prox:48:188:5549
6912,ptinews,http://www.ptinews.com/pti%5Cptisite.nsf/0/5E37CDDA943CC9DF652573EE002FE65A?OpenDocument,452,1202860800000.0, ,"Ramban, near Sringar-Jammu highway",disrupted traffic,"Ramban, near Sringar-Jammu highway",10km,landslide,rain,medium,unknown,0,0, , , ,GLC,452,33.2418,75.242,India,IN,Jammu and Kashmir,Chaunkri,20.8,1396310400000.0,1606348800000,75.2420000000001,33.2418000000001,2008-02-13 00:00:00+00:00,False,prox:66:150:4640
6940,business-standard,http://www.business-standard.com/generalnews/news/heavy-rains-lash-some-partshp-triggering-landslides/47847/,4513,1345766400000.0, ,"Kangra,  Himachal Pradesh","Heavy rains lashed some parts of Himachal Pradesh, triggering landslides at some places and leading to slight drop in maximum temperatures. Several link rooads in the interiors of Kangra, Mandi, Sirmaur and Solan districts were blocked due to landslides.","Kangra,  Himachal Pradesh",5km,landslide,downpour,medium,unknown,0,0, , , ,GLC,4513,32.1002,76.2699,India,IN,Himachal Pradesh,Kangra,0.3,1396310400000.0,1606348800000,76.2699000000001,32.1002,2012-08-24 00:00:00+00:00,False,prox:64:152:5192
6941,Deccan Chronicle,http://www.deccanchronicle.com/140906/nation-current-affairs/article/jammu-7-people-die-house-collapse-due-landslide-udhampur,6359,1409961600000.0, ,Rakh batla belt in Udhampur,"In the second incident, two children died and their mother was critically injured when their house collapsed in Rakh batla belt in Udhampur today, Dass said.",Rakh batla belt in Udhampur,50km,other,rain,medium,unknown,2,1, , , ,GLC,6359,32.9148,75.0556,India,IN,Jammu and Kashmir,Udhampur,7.07,1415232000000.0,1606348800000,75.0556000000001,32.9148000000001,2014-09-06 00:00:00+00:00,False,prox:65:150:5439
6958,Red Cross - Field reports,https://web.archive.org/web/20090211075301/http://tribuneindia.com/2007/20070703/j&k.htm#1,111,1183334400000.0, ,Jammu-Srinagar highway between Ramban and Srinagar,2356 pilgrims stranded,Jammu-Srinagar highway between Ramban and Srinagar,25km,landslide,downpour,medium,unknown,0,0, , , ,GLC,111,33.2443135,75.22742083,India,IN,Jammu and Kashmir,Chaunkri,19.7,1396310400000.0,1606348800000,75.227420834,33.2443135020001,2007-07-02 00:00:00+00:00,False,prox:66:150:4565
6966,Himvani,http://www.indianexpress.com/news/two-dead-as-heavy-rains-cause-landslides-in/651713/,2138,1280016000000.0,09:00,"Kanlog, Shimla, Himachal Pradesh",Two labourers lost their lives and three people were injured at Kanlog in Shimla due to heavy rains on Sunday morning. A temporary hutment made of tin sheets collapsed in an under-construction building resulting in the death of two people. In another inc,"Kanlog, Shimla, Himachal Pradesh",5km,landslide,downpour,medium,urban,2,0, , , ,GLC,2138,31.0931,77.1675,India,IN,Himachal Pradesh,Simla,9.17,1396310400000.0,1606348800000,77.1675000000001,31.0931,2010-07-25 00:00:00+00:00,False,prox:62:154:4938
6985,ibnlive.in,http://ibnlive.in.com/generalnewsfeed/news/flash-floods-landslides-in-arunachal-pradesh/757817.html,3776,1310688000000.0,18:00,Itanagar/Naharlagur/Nirjuli,"Meanwhile, massive rains have caused havoc in Seppa depositing boulders and loose sediments in various places in the township. The main thoroughfare Bazaarline and ALC line have been hit hard by the ravaging flood. Landslips also disrupted water supply i",Itanagar/Naharlagur/Nirjuli,5km,landslide,downpour,small,unknown,0,0, , , ,GLC,3776,27.125,93.7145,India,IN,Arunachal Pradesh,North Lakhimpur,40.8,1396310400000.0,1606348800000,93.7145,27.1250000000001,2011-07-15 00:00:00+00:00,False,prox:54:187:5056
6994,economictimes.indiatimes,http://economictimes.indiatimes.com/articleshow/6492259.cms,2389,1283558400000.0, ,"Chhinka area(?), on Rishikesh-Badrinath hwy","DEHRA DUN: Fresh triggered by rains today disrupted the pilgrimage to , and in the Garhwal Himalayas of Uttarakhand.  The landslides hit various places in Chamoli and Uttarkashi districts blocking the routes to the shrines of Badrinath, Gangotri and Yamu","Chhinka area(?), on Rishikesh-Badrinath hwy",50km,landslide,downpour,medium,unknown,0,0, , , ,GLC,2389,30.5004,79.3888,India,IN,Uttaranchal,Joshimath,17.79,1396310400000.0,1606348800000,79.3888000000001,30.5004000000001,2010-09-04 00:00:00+00:00,False,prox:61:158:4952
7003,hindu,http://www.hindu.com/thehindu/holnus/004200802131242.htm,451,1202860800000.0, ,Alwarpet in Coonoor,2 injured,Alwarpet in Coonoor,10km,landslide,rain,medium,unknown,0,0, , , ,GLC,451,11.3484,76.7937,India,IN,Tamil Nadu,Coonoor,0.05,1396310400000.0,1606348800000,76.7937000000001,11.3484,2008-02-13 00:00:00+00:00,False,prox:22:153:4640
7007,ibnlive.in,http://ibnlive.in.com/generalnewsfeed/news/several-roads-blocked-due-to-landslides-in-uttarakhand/742517.html,3673,1309305600000.0, ,"Rishikesh-Kedarnath national highway, Sirobagad","Jun 29 (PTI) Several roads in Uttarakhand, including national highways leading to the shrines of Badrinath, Kedarnath and Gangotri, were blocked by landslides triggered by heavy rains stranding hundreds of pilgrims, official sources today said. Rishikesh","Rishikesh-Kedarnath national highway, Sirobagad",10km,landslide,downpour,medium,unknown,0,0, , , ,GLC,3673,30.2416,78.8996,India,IN,Uttaranchal,Srinagar,6.67,1396310400000.0,1606348800000,78.8996000000001,30.2416000000001,2011-06-29 00:00:00+00:00,False,prox:60:157:5051
7027,Indian Express,http://indianexpress.com/article/india/india-others/mizoram-aizawl-houses-swept-away-graves-damaged-by-rain-and-landslide/,7836,1440633600000.0, ,"National Highway 54, at Kawnpui town","National Highway 54, the state’s lifeline, has also been blocked in several places, including at Kawnpui town","National Highway 54, at Kawnpui town",10km,landslide,downpour,medium,above_road,0,0, , , ,GLC,7836,24.042,92.6724,India,IN,Mizoram,Lung Chhuan,9.58,1466726400000.0,1606348800000,92.6724,24.042,2015-08-27 00:00:00+00:00,False,prox:48:185:5558
7052,NDTV,http://www.ndtv.com/andhra-pradesh-news/3-killed-in-landslide-in-arunachal-pradesh-781829,7214,1436918400000.0,08:00,Type-IV Colony of Seppa in East Kameng,"Torrential rains in the past 24 hours have caused heavy landslides in various areas of the district headquarters damaging several houses, roads, culverts, pipelines and electricity poles.  three victims - a couple and their three-year-old son killed on t",Type-IV Colony of Seppa in East Kameng,5km,landslide,monsoon,medium,urban,3,0, , , ,GLC,7214,27.36,93.0385,India,IN,Arunachal Pradesh,Rang,1.06,1437091200000.0,1606348800000,93.0385000000001,27.3600000000001,2015-07-15 00:00:00+00:00,False,prox:54:186:5543
7059,dailypioneer,http://www.dailypioneer.com/284337/65-killed-in-flash-floods-landslides.html,2452,1284854400000.0,09:00,"near Mohand, Dehradun-Delhi hwy, Uttar Pradesh","September 20, 2010  The Dehradun-Delhi highway was closed on Sunday morning after the debris of a landslide fell on the route near Mohand. The traffic movement from Delhi has been diverted to Haridwar via Roorkee.","near Mohand, Dehradun-Delhi hwy, Uttar Pradesh",5km,landslide,downpour,medium,unknown,0,0, , , ,GLC,2452,30.1977,77.9137,India,IN,Uttar Pradesh,Clement Town,12.04,1396310400000.0,1606348800000,77.9137000000001,30.1977000000001,2010-09-19 00:00:00+00:00,False,prox:60:155:4957
7064,isikkim.com,http://isikkim.com/2012-06-landslides-disrupt-surface-communication-in-arunachal-pradesh-05-9/,4378,1338595200000.0, ,"Arunachal Pradesh, Dibang,","In Arunachal Pradesh, heavy landslides caused by torrential rain has disrupted surface communication between Dibang and Lower Diwang Valley districts. Since last three days there is no communication between Anini and Roing, the headquarters of both the d","Arunachal Pradesh, Dibang,",50km,landslide,downpour,medium,unknown,0,0, , , ,GLC,4378,28.8254,96.1517,India,IN,Arunachal Pradesh,Chengele,10.57,1396310400000.0,1606348800000,96.1517,28.8254000000001,2012-06-02 00:00:00+00:00,False,prox:57:192:5164
7076,alertnet,http://www.alertnet.org/thenews/fromthefield/222031/128136284695.htm,2207,1281052800000.0,00:00,"Sabu(Saboo) village, Leh, Ladakh, Jammu and Kashmir","On the night of 5th and 6th August 2010, between 00:00 hrs and 00:30 hrs, intensive rainfall followed by massive cloudburst in high altitude terrain of Leh (3505m), triggered numerous debris flows, mud flows (earth spreads) and sand flows. These widespre","Sabu(Saboo) village, Leh, Ladakh, Jammu and Kashmir",5km,landslide,downpour,large,unknown,11,0, , , ,GLC,2207,34.1481,77.6538,India,IN,Jammu and Kashmir,Leh,7.67,1410393600000.0,1606348800000,77.6538000000001,34.1481,2010-08-06 00:00:00+00:00,False,prox:68:155:4942
7078,www.nagalandpost.com,http://www.nagalandpost.com/ChannelNews/State/StateNews.aspx?news=TkVXUzEwMDA0MjY4Nw%3D%3D-bSp8jh3okxw%3D,5274,1375574400000.0, ,"Suruhuto Town, Nagaland","Incessant torrential rain, which began Sunday at around 11.30 p.m. has completely cut off Suruhuto town from the rest of the state. In a press release, NGZPMC joint secretary Hotoshe Sema said all three links connecting Zunheboto, Mokokchung and Tuensang","Suruhuto Town, Nagaland",25km,landslide,rain,medium,unknown,0,0, , , ,GLC,5274,26.0838,94.564,India,IN,Nagaland,Yezami,3.73,1396310400000.0,1606348800000,94.5640000000001,26.0838,2013-08-04 00:00:00+00:00,False,prox:52:189:5307
7087,Times of India,http://timesofindia.indiatimes.com/city/chandigarh/Landslide-leaves-six-families-homeless-in-Kangra/articleshow/48302393.cms,7366,1438300800000.0,18:00,Chohla village of Kajlot panchayat,"Resident of the village Ashok Kumar said that his house was damaged late on Friday evening. ""Cracks had started appearing on the hill face on Wednesday. On Friday evening, huge mass of rocks and mud flowed into the village,"" Said Puran Chand, another res",Chohla village of Kajlot panchayat,1km,debris_flow,continuous_rain,medium,deforested_slope,0,0, , , ,GLC,7366,32.2241,76.3374,India,IN,Himachal Pradesh,Dharmsala,1.77,1446595200000.0,1606348800000,76.3374000000001,32.2241000000001,2015-07-31 00:00:00+00:00,False,prox:64:152:5549
7094,Indian Express,http://indianexpress.com/article/india/india-news-india/jk-landslide-triggered-by-rain-kills-five/,9426,1458950400000.0, ,Jammu-Srinagar national highway,"Five people were feared dead and five others were injured as landslides triggered by incessant rains lashed Jammu region blocking Jammu-Srinagar and Batote-Doda national highways on Thursday. Giving details, sources said that a Jammu bound TATA Sumo carr",Jammu-Srinagar national highway,unknown,landslide,continuous_rain,medium,above_road,5,5, , , ,GLC,9426,33.04965334,75.29048614,India,IN,Jammu and Kashmir,Udhampur,20.68,1470355200000.0,1606348800000,75.29048614,33.049653344,2016-03-26 00:00:00+00:00,False,prox:66:150:5628
7096,daijiworld,http://www.daijiworld.com/news/news_disp.asp?n_id=82343,2180,1280534400000.0,08:00,"Padil, NH - 48",Traffic had lined up for over three kilometres up to Valachil from Padil here on national highway 48 creating a major chaos in the early morning on Saturday July 31.,"Padil, NH - 48",5km,landslide,downpour,medium,unknown,0,0, , , ,GLC,2180,12.8715,74.8862,India,IN,Karnataka,Mangalore,4.7,1396310400000.0,1606348800000,74.8862,12.8715,2010-07-31 00:00:00+00:00,False,prox:25:149:4940
7103,ibnlive.in,http://ibnlive.in.com/generalnewsfeed/news/3-members-of-family-killed-in-landslide-in-jk/759003.html,3807,1311033600000.0, ,Kishtwar,"3 members of family killed in landslide in J-K PTI | 10:07 PM,Jul 19,2011  Kishtwar (J&K), Jul 19 (PTI) Three members of a family were killed in a landslide in Kishtwar district of Jammu and Kashmir today, police said. The three were buried beneath a mou",Kishtwar,10km,landslide,rain,medium,unknown,3,0, , , ,GLC,3807,33.6917,76.0412,India,IN,Jammu and Kashmir,Haraz,27.9,1396310400000.0,1606348800000,76.0412000000001,33.6917,2011-07-19 00:00:00+00:00,False,prox:67:152:5058
7112,Daji World,http://www.daijiworld.com/news/news_disp.asp?n_id=335729,7198,1436832000000.0, ,Farangipete,Three labourers died after they got trapped under a pile of mud following a landslip at a construction site at Farangipet,Farangipete,1km,landslide,continuous_rain,small,other,3,0, , , ,GLC,7198,12.8747,74.9566,India,IN,Karnataka,Bantval,8.96,1436918400000.0,1606348800000,74.9566,12.8747000000001,2015-07-14 00:00:00+00:00,False,prox:25:149:5543
7113,ibnlive.in,http://ibnlive.in.com/generalnewsfeed/news/two-killed-as-heavy-rains-lash-uttarakhand/759890.html,3908,1313020800000.0,04:00,On circular road near Panjtirthi,A massive landslide triggered by incessant rains on circular road near Panjtirthi crashed through a residential house and shop killing a labourer from Orissa. One person also received injuries in the incident.  “A major landslide took place at around 4,On circular road near Panjtirthi,1km,landslide,rain,medium,unknown,1,0, , , ,GLC,3908,32.737,74.876,India,IN,Jammu and Kashmir,Jammu,3.87,1396310400000.0,1606348800000,74.876,32.737,2011-08-11 00:00:00+00:00,False,prox:65:149:5065
7116,www.ndtv.com,http://www.ndtv.com/article/india/uttarakhand-devastation-two-months-on-where-s-the-road-to-recovery-407126,5346,1376697600000.0, ,"Harsil, Uttarakhand",The road to Badrinath is shut ahead of Maithana with repeated land slips and in Uttarkashi a landslide has blocked the road ahead of Harsil.,"Harsil, Uttarakhand",5km,landslide,rain,medium,unknown,0,0, , , ,GLC,5346,31.0343,78.7248,India,IN,Uttaranchal,Purali,2.38,1396310400000.0,1606348800000,78.7248000000001,31.0343,2013-08-17 00:00:00+00:00,False,prox:62:157:5311
7121,The Tribune,http://www.tribuneindia.com/news/himachal/woman-kids-die-in-theog-house-collapse/111662.html,7285,1437868800000.0, ,"Klibi Patwar, Theog",A woman labourer and her two children were buried alive when their makeshift house collapsed following a landslide by incessant rain in Klibi Patwar circle at Theog of Shimla district early this morning while landslides blocked roads at several places in,"Klibi Patwar, Theog",5km,landslide,continuous_rain,medium,unknown,3,2, , , ,GLC,7285,31.1263,77.3525,India,IN,Himachal Pradesh,Gannja,26.48,1437955200000.0,1606348800000,77.3525000000001,31.1263000000001,2015-07-26 00:00:00+00:00,False,prox:62:154:5547
7122,Times of India,http://articles.timesofindia.indiatimes.com/2013-08-17/chandigarh/41420266_1_rohtang-tunnel-work-lahaul-spiti-mla-ravi-thakur-kullu,5334,1376524800000.0,23:00,Manali-Spiti Road damaged,"Landslides triggered by heavy rain damaged Manali-Spiti road between Gramphu and Chhatru on Thursday night, cutting of Spiti valley from the rest of the state. Another road to Spiti from Kinnaur is already damaged at Malling, where landslide washed away","Manali-Spiti Road Between Gramphu And Chhatru, Himachal Pradesh",10km,landslide,downpour,medium,unknown,0,0, , ,"""Thursday night""",GLC,5334,32.36108722,77.30377644,India,IN,Himachal Pradesh,Chandra,6.05,1396310400000.0,1606348800000,77.3037764360001,32.3610872180001,2013-08-15 00:00:00+00:00,False,prox:64:154:5310
7137,www.business-standard.com,http://www.business-standard.com/article/pti-stories/train-engine-caught-in-landslide-rail-services-hit-in-udhampur-113080600825_1.html,5287,1375747200000.0,07:00,Tunnel Number 16 On The Jammu-Udhampur Section,"Passengers of Malwa Express had a narrow escape today after its engine was caught in a landslide, disrupting rail services and damaging a tunnel on the Udhampur-Jammu section in Udhampur district. Heavy rains had triggered a landslide near tunnel number",Tunnel Number 16 On The Jammu-Udhampur Section,50km,landslide,downpour,medium,unknown,0,0, , , ,GLC,5287,32.8363,75.1489,India,IN,Jammu and Kashmir,Udhampur,7.22,1396310400000.0,1606348800000,75.1489000000001,32.8363,2013-08-06 00:00:00+00:00,False,prox:65:150:5307
7161,Nagaland Post,https://www.nagalandpost.com/ChannelNews/State/StateNews.aspx?news=TkVXUzEwMDExNjg3MQ%3D%3D,10024,1498348800000.0, ,"Landslide on road near Ghokuto village, Nagaland","Ghokuto and Viheto villages cut-off as the only road that connects the two villages to Nihokhu was damaged by landslide, triggered by heavy downpour on June 24-25. Road caved in.","Ghokuto, Nagaland",5km,mudslide,continuous_rain,medium,above_road,0,0, ,http://www.nagalandpost.com/cms/newsimages/IMIOWJNWZKVGINVRAFKC_resize.jpg, ,GLC, ,25.83762589,93.94633448,India,IN,Nagaland,Chashinya,13.1,1498694400000.0,1606348800000,93.9463344790001,25.8376258910001,2017-06-25 00:00:00+00:00,False,prox:51:187:5780
7165,United Nations Development Programme - Relief Web,http://www.reliefweb.int/rw/RWB.NSF/db900SID/MCON-74J2QF?OpenDocument,97,1182729600000.0, ,Ratnagiri,18 deaths and 7 injuries reported b/w Ratnagiri and Mumbai,Ratnagiri,25km,landslide,rain,medium,unknown,18,0, , , ,GLC,97,16.9648,73.5189,India,IN,Maharashtra,Lanja,13.08,1396310400000.0,1606348800000,73.5189,16.9648,2007-06-25 00:00:00+00:00,False,prox:33:147:4563
7179,dnaindia,http://www.dnaindia.com/india/report_jammu-srinagar-highway-closed-due-to-landslides_1532927,3373,1302998400000.0,15:00,"Jammu and Srinagar Natl. Hwy., Panthal, Ramban","Apr 17, 2011, 17:44 IST  The 300-km Jammu-Srinagar national highway, connecting J & K with the rest of the country, was closed for vehicular traffic due to falling pieces of rocks from hilltops in the wake of landslides triggered by heavy rain in Ramban","Jammu and Srinagar Natl. Hwy., Panthal, Ramban",5km,landslide,downpour,medium,unknown,0,0, , , ,GLC,3373,33.3645,75.1999,India,IN,Jammu and Kashmir,Gund,7.71,1396310400000.0,1606348800000,75.1999000000001,33.3645000000001,2011-04-17 00:00:00+00:00,False,prox:66:150:5027
7187,www.business-standard.com,http://www.business-standard.com/article/news-ians/over-50-tourists-trek-out-of-himachal-s-sangla-valley-113062300508_1.html,4925,1371340800000.0, ,"Road To Sangla Valley, Near Kupa Village, Kinnaur District, Himachal Pradesh","Incessant rainfall in the region June 16 triggered massive landslides that blocked many roads in Kinnaur district. Officials said the trekking distance between Sangla and Karcham is seven km, but by road, the distance is 18 km. From Karcham, the tourists","Road To Sangla Valley, Near Kupa Village, Kinnaur District, Himachal Pradesh",25km,landslide,rain,medium,unknown,0,0, , , ,GLC,4925,31.4551,78.1996,India,IN,Himachal Pradesh,Oling,6.49,1396310400000.0,1606348800000,78.1996,31.4551000000001,2013-06-16 00:00:00+00:00,False,prox:62:156:5290
7190,Assam Times,http://www.assamtimes.org/node/14643,7728,1440201600000.0,09:00,Natonal Highway in Jorabat area,Hundreds of vehicles have been remaining stranded on the Natonal Highway in Jorabat area where a huge hillock slipped on road the in the wee hours. It took several hours to clear the road. - See more at: http://www.assamtimes.org/node/14643#sthash.6wgmNZ,Natonal Highway in Jorabat area,5km,landslide,continuous_rain,medium,above_road,0,0, , , ,GLC,7728,26.1028,91.8806,India,IN,Assam,Pomahi,1.52,1464307200000.0,1606348800000,91.8806000000001,26.1028000000001,2015-08-22 00:00:00+00:00,False,prox:52:183:5556
7192,dnaindia,http://www.dnaindia.com/india/report_rains-hit-normal-life-in-uttarakhand_1426128,2290,1282262400000.0, ,"Gaurikund, road to Kedarnath, Garwhal division, Uttarakhand","Friday, Aug 20, 2010, 15:19 IST   Incessant rains continued to lash Uttarakhand triggering landslides and most of the rivers flowing at danger level today.  Meanwhile, landslides occurred at a few places in Garhwal Himalayas due to heavy rains in at Badr","Gaurikund, road to Kedarnath, Garwhal division, Uttarakhand",5km,landslide,downpour,medium,unknown,0,0, , , ,GLC,2290,30.6509,79.0264,India,IN,Uttaranchal,Gaundar,14.57,1396310400000.0,1606348800000,79.0264000000001,30.6509,2010-08-20 00:00:00+00:00,False,prox:61:158:4947
7197,ibnlive.in,http://ibnlive.in.com/generalnewsfeed/news/21yearold-youth-killed-in-thane-landslide/803911.html,3947,1314403200000.0, ,"Shakti Nagar, New Delhi","According to the district authorities, three persons have been killed in rain-related incidents since last night.60-year-old Rajaram Jaiswal was killed in a landslide at Shiv Shakti Nagar in Kalwa in the evening.According to sources, a 40-year-old man wa","Shakti Nagar, New Delhi",1km,landslide,downpour,medium,unknown,1,0, , , ,GLC,3947,28.6809,77.1958,India,IN,Delhi,Shahdara,8.71,1396310400000.0,1606348800000,77.1958000000001,28.6809000000001,2011-08-27 00:00:00+00:00,False,prox:57:154:5071
7201,hindu,http://www.hindu.com/thehindu/holnus/002200803311141.htm,488,1206835200000.0, ,Biama area of Khalsi tehsil in Leh district,1 also missing,Biama area of Khalsi tehsil in Leh district,50km,landslide,rain,medium,unknown,2,0, , , ,GLC,488,34.219,77.2665,India,IN,Jammu and Kashmir,Machakka,1.62,1396310400000.0,1606348800000,77.2665000000001,34.2190000000001,2008-03-30 00:00:00+00:00,False,prox:68:154:4656
7215,Statesman,http://www.thestatesman.com/news/bengal/the-case-of-the-missing-8/79105.html,7363,1435622400000.0,23:00,"Limbu Dhura, Tingling","A cousin of the Suvedi family, Balkrishna Suvedi said that that on devastating 30 June night, a total of 19 persons lost their lives in the landslides at Limbu Dhura, Tingling, in Mirik out of which 11 were from their family.","Limbu Dhura, Tingling",25km,landslide,downpour,medium,unknown,19,0, ,http://cms.thestatesman.com/cms/gall_content/2015/7/2015_7$largeimg31_Jul_2015_050958663.jpg, ,GLC,7363,26.8843,88.1835,India,IN,West Bengal,Kurseong,9.49,1446508800000.0,1606348800000,88.1835,26.8843,2015-06-30 00:00:00+00:00,False,prox:53:176:5538
7220,www.thehindu.com,http://www.thehindu.com/news/national/other-states/landslides-after-heavy-premonsoon-rain-in-mizoram/article4695784.ece,4845,1367884800000.0, ,"Kolasib, Saiha, Mizoram,","A large number of villages in Mizoram have become inaccessible after landslides, triggered by heavy and incessant pre-monsoon rains that have been lashing the state since Saturday, have blocked the roads, official sources said on Wednesday. The landslide","Kolasib, Saiha, Mizoram,",50km,mudslide,rain,medium,unknown,0,0, , , ,GLC,4845,24.2315,92.6755,India,IN,Mizoram,Hlimen,12.95,1396310400000.0,1606348800000,92.6755000000001,24.2315,2013-05-07 00:00:00+00:00,False,prox:48:185:5277
7221,articles.timesofindia.indiatimes.com,http://articles.timesofindia.indiatimes.com/2013-05-12/guwahati/39203561_1_artificial-floods-guwahati-municipal-corporation-gs-road,4860,1368230400000.0, ,"Boragaon, North Guwahati, Guwahati, Assam,","Landslides occurred in the Nursery area and Maligaon in Nilachal Hills, Sarania Hills and Boragaon on Saturday, alarming hill residents, whose number has crossed two lakh in Guwahati, said sources. Junu Chakraborty (50) was injured in the Nursery area af","Boragaon, North Guwahati, Guwahati, Assam,",5km,landslide,rain,medium,unknown,0,0, , , ,GLC,4860,26.1016,91.6906,India,IN,Assam,Gauhati,10.27,1410825600000.0,1606348800000,91.6906000000001,26.1016000000001,2013-05-11 00:00:00+00:00,False,prox:52:183:5278
7223,prokerala,http://www.prokerala.com/news/articles/a135422.html,1857,1273536000000.0,09:00,"National highway 44 at Sunapur and Tongseng in Jaintia Hills district, eastern Meghalaya","Road links to the northeastern states of Tripura, Mizoram and parts of Manipur and southern Assam remained cut off from the rest of India for the second day Wednesday following massive landslides at a major highway in Meghalaya.  The National Highway No","National highway 44 at Sunapur and Tongseng in Jaintia Hills district, eastern Meghalaya",25km,landslide,downpour,medium,unknown,0,0, , , ,GLC,1857,25.3433,92.2897,India,IN,Meghalaya,Muphlang,13.1,1396310400000.0,1606348800000,92.2897,25.3433000000001,2010-05-11 00:00:00+00:00,False,prox:50:184:4913
7242,business-standard,http://www.business-standard.com/generalnews/news/landslides-block-j-k-highway/46783/,4507,1345593600000.0, ,"Jammu-Sringar Hwy, between Sri and Ramban, kerala","Landslides triggered by heavy rains led to the closure of the Jammu-Srinagar National Highway for four hours this morning. he highway was closed due to landslides at Seri and Ramban areas in the district, Superintendent of Police, Ramban Anil Magotra sai","Jammu-Sringar Hwy, between Sri and Ramban, kerala",1km,landslide,downpour,medium,unknown,0,0, , , ,GLC,4507,33.2412,75.2382,India,IN,Jammu and Kashmir,Chaunkri,20.45,1396310400000.0,1606348800000,75.2382000000001,33.2412,2012-08-22 00:00:00+00:00,False,prox:66:150:5191
7260,sify.com,http://sify.com/news/on-highway-to-shimla-be-ready-for-rough-ride-news-national-kiqkacaggea.html,2242,1281657600000.0, ,"Chandigarh-Shimla national highway (NH 22), near Parwanoo, Himachal pradesh",The National Highway Authority of India (NHAI) is widening the 40-km-long Chandigarh-Shimla national highway even as some environmentalists are calling the project an ecological disaster. It started the work between Parwanoo and Solan towns and is curren,"Chandigarh-Shimla national highway (NH 22), near Parwanoo, Himachal pradesh",5km,landslide,rain,medium,unknown,0,0, , , ,GLC,2242,30.8522,76.991,India,IN,Himachal Pradesh,Kalka,5.58,1410393600000.0,1606348800000,76.991,30.8522,2010-08-13 00:00:00+00:00,False,prox:61:153:4944
7270,www.business-standard.com,http://www.business-standard.com/article/pti-stories/2-jawans-injured-in-landslide-in-j-k-113081400592_1.html,5330,1376438400000.0, ,"Panthal Area, Ramban District, Kashmir","Two Army jawans were injured, when a vehicle carrying them was hit by a big boulder during a landslide in Ramban district of Jammu and Kashmir today, police said. The ill-fated vehicle, which was carrying the victims toSrinagar from Jammu, was hit by the","Panthal Area, Ramban District, Kashmir",10km,landslide,downpour,medium,unknown,0,2, , , ,GLC,5330,33.3216,75.1984,India,IN,Jammu and Kashmir,Gund,12.47,1396310400000.0,1606348800000,75.1984,33.3216,2013-08-14 00:00:00+00:00,False,prox:66:150:5310
7286,www.ndtv.com,http://www.ndtv.com/article/cities/landslide-triggered-by-heavy-rains-in-arunachal-pradesh-351219,4798,1365292800000.0, ,"Dibang Valley, Arunachal Pradesh","A monsoon-like situation, with heavy showers triggering landslides, has been prevailing in Dibang Valley district in Arunachal Pradesh, which is prone to natural calamities like flood. Due to intermittent downpour in the district for the last several day","Dibang Valley, Arunachal Pradesh",unknown,landslide,rain,medium,unknown,0,0, , , ,GLC,4798,28.8254,96.1509,India,IN,Arunachal Pradesh,Chengele,10.63,1396310400000.0,1606348800000,96.1509,28.8254000000001,2013-04-07 00:00:00+00:00,False,prox:57:192:5267
7292,United Nations Development Programme - Relief Web,http://www.reliefweb.int/rw/RWB.NSF/db900SID/MCON-74J2QF?OpenDocument,103,1182729600000.0, ,Cuddappa,United Nations Development Programme - Relief Web,Cuddappa,25km,landslide,rain,medium,unknown,0,0, , , ,GLC,103,14.4702,78.8205,India,IN,Andhra Pradesh,Cuddapah,0.06,1396310400000.0,1606348800000,78.8205000000001,14.4702,2007-06-25 00:00:00+00:00,False,prox:28:157:4563
7308,Times of India,http://timesofindia.indiatimes.com/city/dehradun/Three-more-killed-in-landslides-toll-now-5/articleshow/38981735.cms,6177,1406073600000.0,23:00,Boulder hit bus,"In less than a week, the toll in landslide-related incidents rose to five in the Uttarakhand hill districts with two fresh casualties reported late Wednesday in Chamoli district. Executive director Puish Rautela of the Uttarakhand Disaster Management Res","Bajpur, Uttarakhand",25km,rock_fall,downpour,small,above_road,2,0, , ,at 11:30,GLC,6177,29.1585,79.1464,India,IN,Uttaranchal,Shafakhana,0.26,1408838400000.0,1606348800000,79.1464000000001,29.1585000000001,2014-07-23 00:00:00+00:00,False,prox:58:158:5424
7315,E-Pao,http://e-pao.net/GP.asp?src=34..200615.jun15,6945,1434672000000.0, ,"amei to Kangpokpi via Imphal road, 0.5 km from Tamei, Tamenglang District",Tamei to Kangpokpi via Imphal road remained cut off for the last few days due to huge landslides near a diesel oil pump located some half a kilometer from Tamei Headquarters.  Contractor engaged under NEC road construction at Tamei has been clearing the,"amei to Kangpokpi via Imphal road, 0.5 km from Tamei, Tamenglang District",1km,landslide,monsoon,medium,above_road,0,0, , , ,GLC,6945,25.16,93.686,India,IN,Manipur,Taloulong,7.54,1435190400000.0,1606348800000,93.686,25.16,2015-06-19 00:00:00+00:00,False,prox:50:187:5535
7324,sify.com,http://sify.com/finance/rains-landslides-force-changes-in-himalayan-motor-rally-news-default-kkgnObjjjhe.html,2538,1286064000000.0, ,"road from Pinjore(Pinjaur), Haryana to Nalagarh, Himachal Pradesh","Shimla, Oct 6 (IANS) Incessant rainfall leading to landslides has affected the annual Raid-de-Himalaya motor rally in Himachal Pradesh starting Oct 10, as some routes may have to be abandoned due to the closure of roads.   'In the first stage of the X-tr","road from Pinjore(Pinjaur), Haryana to Nalagarh, Himachal Pradesh",25km,landslide,continuous_rain,medium,unknown,0,0, , , ,GLC,2538,30.9141,76.818,India,IN,Himachal Pradesh,Kalka,14.01,1396310400000.0,1606348800000,76.818,30.9141000000001,2010-10-03 00:00:00+00:00,False,prox:61:153:4961
7332,articles.timesofindia.indiatimes.com,http://articles.timesofindia.indiatimes.com/2013-05-12/guwahati/39203177_1_young-mizo-association-aizawl-rescue-work,4857,1368230400000.0,09:00,"Laipuitland , Aizawl, Mizoram",Landslides triggered by a cyclonic storm and heavy pre-monsoon rain claimed at least 10 lives and swept away nine houses in the northern part of Aizawl on Saturday morning. Seven more people are missing.,"Laipuitland , Aizawl, Mizoram",25km,landslide,rain,large,unknown,15,0, , , ,GLC,4857,23.7281,92.7175,India,IN,Mizoram,Aizwal,9.27,1396310400000.0,1606348800000,92.7175000000001,23.7281,2013-05-11 00:00:00+00:00,False,prox:47:185:5278
7335,Telegraph,http://www.telegraph.co.uk/news/worldnews/southamerica/peru/9616642/At-least-11-killed-as-mudslide-engulfs-small-village-in-Peru.html,4592,1350864000000.0,09:00,"(between Burliar and Kallar) Nilgiris, Tamil Nadu,","Those killed in the landslide include five children, Ronald Garcia, the provincial mayor, told RPP national radio network.The avalanche of mud and rocks swept away 24 homes when it crashed into the village of El Porvenir, in the northern department of Sa","(between Burliar and Kallar) Nilgiris, Tamil Nadu,",1km,landslide,rain,medium,unknown,0,0, , , ,GLC,4592,10.077,76.322,India,IN,Kerala,Verapoli,3.19,1396310400000.0,1606348800000,76.3220000000001,10.0770000000001,2012-10-22 00:00:00+00:00,False,prox:20:152:5211
7343,Times of India,http://timesofindia.indiatimes.com/india/JK-highway-closed-for-traffic-following-landslide/articleshow/7442899.cms,3097,1297036800000.0, ,"Jammu-Srinagar highway, Pathal area, Ramban district, Jammu and Kashmir","The Jammu-Srinagar National Highway was closed for traffic on Monday due to landslides triggered by heavy rains at Pathal area in Ramban district.  Over 600 vehicles have been stranded at various places in Udhampur, Nagrota, Ramban, Patnitop, Banihal and","Jammu-Srinagar highway, Pathal area, Ramban district, Jammu and Kashmir",25km,landslide,downpour,medium,above_road,0,0, , , ,GLC,3097,33.35406635,75.17240669,India,IN,Jammu and Kashmir,Gund,9.23,1396310400000.0,1606348800000,75.1724066900001,33.3540663470001,2011-02-07 00:00:00+00:00,False,prox:66:150:5004
7347,NYOOOZ,http://www.nyoooz.com/kanpur/541632/2-dead-as-buffalo-rescue-attempt-goes-awry-in-kanpur,8998,1468368000000.0,23:00,"Chandanpur village, Maharajpur, Kanpur, India",Trigger most likely monsoon rains because the incident occurred during monsoon season. An attempt to rescue a buffalo trapped in a 30-foot borewell proved fatal for two men in Kanpur after they got trapped underground due to a mudslide.Three others who a,"Chandanpur village, Maharajpur, Kanpur, India",1km,mudslide,monsoon,medium,unknown,2,3, ,http://i.ndtvimg.com/mt/2014-11/surat-airport-buffaloes-650.jpg, ,GLC,8998,26.3221,80.4703,India,IN,Uttar Pradesh,Kanpur Chakeri,10.63,1468800000000.0,1606348800000,80.4703000000001,26.3221,2016-07-13 00:00:00+00:00,False,prox:52:160:5665
7359,HimVani,http://www.himvani.com/news/2010/10/16/8092/8092/,2596,1287014400000.0,19:00,road cleared after 2 days,"The road linking Sangla Valley with Recong-Peo of Kinnaur district of Himachal Pradesh, that remained disrupted as massive landslides came over the road at on Thursday near a place named Kupaa, was restored for vehicular traffic this noon. Kinnaur deputy",road linking Sangla Valley with Recong-Peo of Kinnaur district  at Kupaa,5km,landslide,rain,medium,unknown,0,0, , , ,GLC,2596,31.43714183,78.23568806,India,IN,Himachal Pradesh,Oling,10.2,1396310400000.0,1606348800000,78.235688059,31.4371418310001,2010-10-14 00:00:00+00:00,False,prox:62:156:4965
7373,ibnlive.in,http://ibnlive.in.com/generalnewsfeed/news/15-houses-damaged-in-landslides-in-jk/654977.html,3380,1303171200000.0, ,"Gudder village(?), Kulgam district, Jammu and Kashmir","Apr 20,2011  Srinagar, Apr 20 (PTI) At least 15 residential houses were damaged due to landslides triggered by incessant rains in Kulgam district of south Kashmir, police said today.The houses were damaged in the landslides at village Gudder, 85 kms from","Gudder village(?), Kulgam district, Jammu and Kashmir",25km,landslide,downpour,medium,unknown,0,0, , , ,GLC,3380,33.5808,74.9035,India,IN,Jammu and Kashmir,Shupiyan,17.64,1396310400000.0,1606348800000,74.9035000000001,33.5808000000001,2011-04-19 00:00:00+00:00,False,prox:67:149:5027
7403,dailypioneer.com,http://dailypioneer.com/nation/87976-rain-fury-returns-to-kerala.html,4484,1345161600000.0, ,"(Thalanadu - Teekoy hwy), Erattupetta, Kottayam (Thalanadu - Teekoy hwy)",Monsoon fury returned to Kerala on Friday after sowing devastation in the State’s northern region 10 days ago. Four persons died and two were reported missing in a landslide near Kothamangalam in Ernakulam district on Friday as rain-related tragedies k,"(Thalanadu - Teekoy hwy), Erattupetta, Kottayam (Thalanadu - Teekoy hwy)",1km,landslide,downpour,medium,unknown,0,0, , , ,GLC,4484,9.6991,76.8168,India,IN,Kerala,Kanjirapalli,15.57,1396310400000.0,1606348800000,76.8168000000001,9.69910000000004,2012-08-17 00:00:00+00:00,False,prox:19:153:5189
7417,www.kashmirtimes.in,http://www.kashmirtimes.in/newsdet.aspx?q=21471,5333,1376438400000.0, ,"Sanjiote Near Poonch, Kashmir",A report from Poonch said that three members of a family were buried alive in a house collapse when the house was hit by a landslide in village Sanjiote today. They have been identified as 32-year old Shamima Akhtar wife of Mohammed Yunus and her two chi,"Sanjiote Near Poonch, Kashmir",50km,landslide,downpour,medium,unknown,3,0, , , ,GLC,5333,33.7706,74.0967,India,IN,Jammu and Kashmir,Punch,0.65,1410307200000.0,1606348800000,74.0967000000001,33.7706000000001,2013-08-14 00:00:00+00:00,False,prox:67:148:5310
7425,articles.timesofindia.indiatimes.com,http://articles.timesofindia.indiatimes.com/2013-08-18/goa/41422029_1_motorist-hurt-landslide-traffic-snarls,5341,1376697600000.0,15:00,Pilgao-Narvem,"A landslide at Pilgao-Narvem on Saturday afternoon left motoristBalkrishnaKamat injured, after a boulder hit his scooter. A teacher, Kamat is a resident ofBetim-Verem and was on his way to Narvem. Speaking to STOI from the primary health centre he was ru",Pilgao-Narvem,25km,landslide,downpour,medium,unknown,0,1, , , ,GLC,5341,15.5419,73.9214,India,IN,Goa,Mapuca,13.27,1396310400000.0,1606348800000,73.9214000000001,15.5419000000001,2013-08-17 00:00:00+00:00,False,prox:31:147:5311
7428,The Indian Express,http://indianexpress.com/article/cities/kolkata/farmer-killed-fresh-landslide-in-kurseong/,7138,1436227200000.0, ,"NH-10, Sepi Jhora, Kalimpong",the road was cleared by 7 am the next day.,"NH-10, Sepi Jhora, Kalimpong",5km,landslide,continuous_rain,small,above_road,0,0, , , ,GLC,7138,27.0816,88.4397,India,IN,West Bengal,Kalimpong,3.89,1436486400000.0,1606348800000,88.4397000000001,27.0816,2015-07-07 00:00:00+00:00,False,prox:54:176:5541
7436,english.peopledaily,http://english.peopledaily.com.cn/90001/90777/90852/6938742.html,1613,1270166400000.0,23:00,"Koloriang, Kuring Kumey district, Arunachal Pradesh","At least seven persons, including four children, were buried alive after torrential rains triggered landslides caved in their dwelling house at Koloriang, the headquarters of remote Kurung Kumey district in Arunachal Pradesh, last night.  The disaster oc","Koloriang, Kuring Kumey district, Arunachal Pradesh",1km,mudslide,downpour,large,unknown,12,0, , , ,GLC,1613,27.8997,93.3497,India,IN,Arunachal Pradesh,Miri Hills,20.46,1396310400000.0,1606348800000,93.3497,27.8997000000001,2010-04-02 00:00:00+00:00,False,prox:55:186:4900
7499,dnaindia,http://www.dnaindia.com/india/report-three-killed-as-heavy-rains-continue-to-lash-uttarakhand-1412378,2105,1279584000000.0,18:00,"Bhimtal area, Naintal district, Uttarakhand","Another person was killed after being buried under landslides at Bhimtal area of Naintal district. He was riding a motorcycle when the incident took place last evening, official sources said.","Bhimtal area, Naintal district, Uttarakhand",10km,landslide,downpour,medium,unknown,1,0, , , ,GLC,2105,29.3576,79.5519,India,IN,Uttaranchal,Nainital,11.3,1396310400000.0,1606348800000,79.5519,29.3576,2010-07-20 00:00:00+00:00,False,prox:58:159:4936
7500,www.business-standard.com,http://www.business-standard.com/article/current-affairs/mudslides-block-nh-2-in-nagaland-113100700032_1.html,5575,1380931200000.0,23:00,"Chiechama, Nagaland","Continuous rainfall has caused massive mudslides blockingNH-2 between Kohima and Botsa in Nagaland, official sources said today. The mudslides on late last night has caused huge inconvenience, additional deputy commissioner Chiephobozou sub-division Bode","Chiechama, Nagaland",5km,mudslide,continuous_rain,medium,unknown,0,0, , , ,GLC,5575,25.8266,94.1497,India,IN,Nagaland,Naga Hills,6.32,1396310400000.0,1606348800000,94.1497000000001,25.8266,2013-10-05 00:00:00+00:00,False,prox:51:188:5327
7506,www.hindustantimes.com,http://www.hindustantimes.com/India-news/Mumbai/Mumbai-2-dead-1-injured-3-still-trapped-under-debris-in-Wadala-landslide/Article1-1090217.aspx,5074,1373414400000.0, ,"Antop Hill, Mumbai","Two people were killed, one injured and three others trapped under debris after a landslide at Antop hill on Wednesday morning. Following torrential rains, a huge boulder from the hillock smashed into three houses at the foothill. According to residents","Antop Hill, Mumbai",5km,landslide,downpour,medium,unknown,2,1, , , ,GLC,5074,19.0263,72.8676,India,IN,Maharashtra,Bombay,6.83,1396310400000.0,1606348800000,72.8676,19.0263,2013-07-10 00:00:00+00:00,False,prox:38:145:5298
7517,daijiworld,"http://www.daijiworld.com/news/news_disp.asp?n_id=47500&n_tit=Mangalore:+Monsoon+Continues+to+Strike;+Landslide,+Houses+Collapse",580,1212969600000.0, ,"near Kuloor church, in Manipur along National Highway","difficult to determine location, heavy rains throughout Manipur state","near Kuloor church, in Manipur along National Highway",unknown,landslide,monsoon,medium,unknown,0,0, , , ,GLC,580,24.6596,93.9784,India,IN,Manipur,Imphal,13.93,1396310400000.0,1606348800000,93.9784000000001,24.6596000000001,2008-06-09 00:00:00+00:00,False,prox:49:187:4679
7525,Republica,http://www.myrepublica.com/portal/index.php?action=news_details&amp;news_id=79848,6184,1406505600000.0, ,"Pithauragadh, Uttarakhand","Seven people including a Nepali buried to death in a landslide at Pithauragadh of India on Monday. Dozen others including Nepali man were also injured in the incident. According to Darchula police, the deceased Nepali has been identified as Shovan Singh","Pithauragadh, Uttarakhand",1km,landslide,continuous_rain,medium,unknown,7,12, , , ,GLC,6184,29.5829,80.2182,India,IN,Uttaranchal,Pithoragarh,0.98,1408838400000.0,1606348800000,80.2182000000001,29.5829,2014-07-28 00:00:00+00:00,False,prox:59:160:5426
7556,Rising Kashmir,http://www.risingkashmir.com/landslide-earth-sinking-in-bla/,6890,1426377600000.0, ,Hajibal,"As a result of continuous rains and snowfall during the past few days several areas in Baramulla district including Larridora, Bandibala, Dodhbugh, Nilsar, Hajibal, Shirpora and others have witnessed landslides and earth sinking.",Hajibal,1km,landslide,continuous_rain,medium,unknown,0,0, , , ,GLC,6890,34.0968,74.4117,India,IN,Jammu and Kashmir,Gulmarg,4.39,1428019200000.0,1606348800000,74.4117000000001,34.0968,2015-03-15 00:00:00+00:00,False,prox:68:148:5503
7558,www.nagalandpost.com,http://www.nagalandpost.com/ChannelNews/State/StateNews.aspx?news=TkVXUzEwMDA0MjY4Nw%3D%3D-bSp8jh3okxw%3D,5272,1375574400000.0, ,"Longsa, Nagaland","Incessant torrential rain, which began Sunday at around 11.30 p.m. has completely cut off Suruhuto town from the rest of the state. In a press release, NGZPMC joint secretary Hotoshe Sema said all three links connecting Zunheboto, Mokokchung and Tuensang","Longsa, Nagaland",1km,landslide,monsoon,medium,unknown,0,0, , , ,GLC,5272,26.2083,94.5438,India,IN,Nagaland,Nagaland,3.11,1396310400000.0,1606348800000,94.5438,26.2083000000001,2013-08-04 00:00:00+00:00,False,prox:52:189:5307
7560,www.newindianexpress.com,http://www.newindianexpress.com/nation/Fresh-landslides-in-Uttarakhand-as-bad-weather-persists/2013/07/25/article1701733.ece,5195,1374710400000.0, ,"Alaknanda Valley Of Chamoli District, Uttarakhand","Incessant rains continued to buffet Uttarakhand, triggering landslides in Uttarkashi and Chamoli that damaged many houses in the two districts. While 30 houses were reported to be damaged in Uttarkashi, four settlements were razed in the landslips in Ala","Alaknanda Valley Of Chamoli District, Uttarakhand",unknown,landslide,continuous_rain,medium,unknown,0,0, , , ,GLC,5195,30.4041,79.3276,India,IN,Uttaranchal,Langsu,12.44,1396310400000.0,1606348800000,79.3276000000001,30.4041,2013-07-25 00:00:00+00:00,False,prox:60:158:5303
7587,inewsone,http://www.inewsone.com/2011/08/12/iaf-airdrops-food-to-marooned-in-arunachal/68478,3912,1313107200000.0, ,East Kameng district in Arunachal Pradesh bordering China,"Shillong, Aug 12 (IANS) Indian Air Force helicopters Friday airdropped food packets to thousands of marooned people in the East Kameng district in Arunachal Pradesh bordering China.  People residing in the East Kameng district were cut-off from the mainl",East Kameng district in Arunachal Pradesh bordering China,50km,landslide,rain,medium,unknown,0,0, , , ,GLC,3912,27.44,92.2833,India,IN,Arunachal Pradesh,Nashir,7.03,1396310400000.0,1606348800000,92.2833000000001,27.44,2011-08-12 00:00:00+00:00,False,prox:54:184:5066
7590,United Nations Development Programme - Relief Web,http://www.reliefweb.int/rw/RWB.NSF/db900SID/MCON-74J2QF?OpenDocument,104,1182729600000.0, ,Prakasam,United Nations Development Programme - Relief Web,Prakasam,unknown,landslide,rain,medium,unknown,0,0, , , ,GLC,104,16.6252,80.6128,India,IN,Andhra Pradesh,Kondapalle,7.13,1396310400000.0,1606348800000,80.6128,16.6252000000001,2007-06-25 00:00:00+00:00,False,prox:33:161:4563
7594,Business Standard,http://www.business-standard.com/article/pti-stories/three-injured-houses-collapse-in-landslide-in-arunachal-116080700399_1.html,9464,1470355200000.0, ,Babrang village under Jang circle in Tawang district,"Three persons were injured and eight houses collapsed following landslides triggered by torrential rain at Barbara in Tawang district of Arunachal Pradesh, an official said today.",Babrang village under Jang circle in Tawang district,5km,landslide,downpour,medium,unknown,0,3, ,http://www.arunachaltimes.in/wp-content/uploads/2016/08/Landslide-washes-away-8-300x206.jpg, ,GLC,9464,27.5754,91.9754,India,IN,Arunachal Pradesh,Twang Shyo,9.53,1471305600000.0,1606348800000,91.9754000000001,27.5754000000001,2016-08-05 00:00:00+00:00,False,prox:55:183:5672
7602,articles.timesofindia.indiatimes.com,http://articles.timesofindia.indiatimes.com/2013-08-10/thiruvananthapuram/41266154_1_monsoon-fury-memorandum-crossed-rs,5265,1375574400000.0, ,"Idukki, Kerala","The state government has sought a financial assistance of Rs 5,660 crore from the Union government to cope with monsoon-related calamities that claimed 175 lives, damaged 60,000 houses and ravaged over 50% of roads across the state. In a memorandum submi","Idukki, Kerala",unknown,landslide,continuous_rain,very_large,unknown,3,0, , , ,GLC,5265,9.9147,77.011,India,IN,Kerala,Devikolam,19.52,1396310400000.0,1606348800000,77.0110000000001,9.91470000000004,2013-08-04 00:00:00+00:00,False,prox:19:154:5307
7606,www.business-standard.com,http://www.business-standard.com/article/pti-stories/jammu-srinagar-highway-closed-due-to-landslides-113052600597_1.html,4875,1369526400000.0, , Jammu-Srinagar,"The Jammu-Srinagar national highway, the only road link between Kashmir and rest of the country, was today closed for vehicular traffic due to landslides triggered by heavy rains in Ramban district.", Jammu-Srinagar,unknown,landslide,downpour,medium,unknown,0,0, , , ,GLC,4875,28.758,77.15,India,IN,Delhi,Delhi,11.4,1396310400000.0,1606348800000,77.15,28.758,2013-05-26 00:00:00+00:00,False,prox:57:154:5283
7617,Business Standard,http://www.business-standard.com/article/pti-stories/5-killed-in-landslide-in-maharashtra-115062201135_1.html,6950,1434931200000.0,06:00,Village Mohechiwadi under Karjat taluka of Raigad district,"Five persons, including four of a family, were today killed after landslide flattened a house",Village Mohechiwadi under Karjat taluka of Raigad district,1km,landslide,continuous_rain,medium,unknown,5,0, , , ,GLC,6950,19.029,73.311,India,IN,Maharashtra,Karja,14.71,1435190400000.0,1606348800000,73.311,19.0290000000001,2015-06-22 00:00:00+00:00,False,prox:38:146:5536
7619,www.livemint.com,http://www.livemint.com/Politics/BoCQF6gfN3g4k7x0giBp4N/Fresh-incidents-of-cloud-burst-as-heavy-rains-lash-Uttarakah.html,5178,1374624000000.0, ,"Chamoli, Uttarakhand",a 58-year old man and a 28-year old woman died after their houses collapsed,"Chamoli, Uttarakhand",unknown,landslide,continuous_rain,medium,unknown,2,0, , , ,GLC,5178,30.4605,79.4774,India,IN,Uttaranchal,Joshimath,13.77,1396310400000.0,1606348800000,79.4774,30.4605,2013-07-24 00:00:00+00:00,False,prox:60:158:5303
7640,Nagaland Post,http://www.nagalandpost.com/ChannelNews/State/StateNews.aspx?news=TkVXUzEwMDEwMDE5MQ%3D%3D,9219,1469491200000.0,23:00,"Zunheboto, Nagaland, India","Incessant heavy downpour since the past few weeks has caused landslides across Zunheboto district.  On July 26 night, the kitchen of one of the employees of Zunheboto Town Council (ZTC) was completely damaged by a retaining wall which fell due to landsli","Zunheboto, Nagaland, India",5km,landslide,downpour,medium,retaining_wall,0,0, , , ,GLC,9219,26.0101,94.5282,India,IN,Nagaland,Yezami,6.96,1469664000000.0,1606348800000,94.5282000000001,26.0101,2016-07-26 00:00:00+00:00,False,prox:52:189:5669
7643,IBN Live,http://www.ibnlive.com/news/india/incessant-rains-trigger-landslide-and-mud-slips-in-nagaland-1029674.html,7409,1438473600000.0, ,Meluri Sub-Division in Phek District of Nagaland,Incessant rains for the past few days have caused mud slips and landslide in some areas under Meluri Sub-Division in Phek District of Nagaland.,Meluri Sub-Division in Phek District of Nagaland,10km,landslide,continuous_rain,medium,unknown,0,0, , , ,GLC,7409,25.72,94.6219,India,IN,Nagaland,Tsutuho,9.42,1454544000000.0,1606348800000,94.6219,25.72,2015-08-02 00:00:00+00:00,False,prox:51:189:5549
7647,www.business-standard.com,http://www.business-standard.com/article/current-affairs/clear-weather-in-most-parts-of-uttarakhand-113072600531_1.html,5209,1374796800000.0, ,Rishikesh-Gangotri Highway Near Dharasu-Nalupani,"The traffic was disrupted on the Rishikesh-Gangotri highway near Dharasu-Nalupani in Uttarkashi district due to landslides, they said.",Rishikesh-Gangotri Highway Near Dharasu-Nalupani,25km,landslide,rain,medium,unknown,0,0, , , ,GLC,5209,30.6539,78.3366,India,IN,Uttaranchal,Uttarkashi,13.23,1396310400000.0,1606348800000,78.3366,30.6539000000001,2013-07-26 00:00:00+00:00,False,prox:61:156:5304
7664,ibnlive.in,http://ibnlive.in.com/generalnewsfeed/news/jk-highway-closes-for-2nd-consecutive-day/594991.html,3159,1298937600000.0,15:00,"Shetani Nallah(?), Jammu-Srinagar National Highway, Jammu and Kashmir","Mar 02,2011  Jammu, Mar 2 (PTI) The Jammu-Srinagar National Highway, the only surface link between Kashmir Valley and rest of the country, was closed for vehicular traffic for second consecutive day today following snowfall and landslides triggered by he","Shetani Nallah(?), Jammu-Srinagar National Highway, Jammu and Kashmir",50km,landslide,downpour,medium,unknown,0,0, , , ,GLC,3159,33.2477,75.1919,India,IN,Jammu and Kashmir,Chaunkri,17.01,1396310400000.0,1606348800000,75.1919,33.2477000000001,2011-03-01 00:00:00+00:00,False,prox:66:150:5011
7667,International Business Times,http://www.ibtimes.co.in/rain-triggers-flood-landslide-jk-11-killed-608288,6370,1409788800000.0, ,Mandi belt along LoC,BSF Inspector Mohammad Rashid was buried in his bunker when debris fell over it after landslide hit Mandi belt along LoC in Poonch districts.,Mandi belt along LoC,25km,landslide,rain,medium,unknown,1,0, , , ,GLC,6370,33.798,74.2562,India,IN,Jammu and Kashmir,Rajpur,1.83,1415318400000.0,1606348800000,74.2562,33.798,2014-09-04 00:00:00+00:00,False,prox:67:148:5439
7672,ptinews,http://www.ptinews.com/news/261571_Three-buried-alive-after-landslides,1130,1251763200000.0,15:00,Chinona area in Almora district,"Three people including two children were killed in separate incidents when landslides triggered by heavy rains hit Chinona area in Almora district, government officials today said. Suleman (14) and Shamim (13) were returning from school yesterday when th",Chinona area in Almora district,5km,landslide,downpour,medium,unknown,3,0, , , ,GLC,1130,29.7036,78.5658,India,IN,Uttaranchal,Kotdwara,6.76,1396310400000.0,1606348800000,78.5658000000001,29.7036,2009-09-01 00:00:00+00:00,False,prox:59:157:4829
7673,Times of India,http://timesofindia.indiatimes.com/city/mumbai/8-year-old-killed-six-hurt-in-landslide/articleshow/41565504.cms,6414,1409616000000.0,18:00,Gayatri Nagar,"The police said that the incident took place on Tuesday evening in Gayatri Nagar, which is located by the hillside. ""My daughter had came home from school when the hut suddenly collapsed,"" said Shrushti's mother Kalpana, who was among the injured. The ot",Gayatri Nagar,10km,landslide,continuous_rain,small,unknown,1,7, , , ,GLC,6414,19.2677,73.0618,India,IN,Maharashtra,Bhiwandi,3.48,1417651200000.0,1606348800000,73.0618000000001,19.2677000000001,2014-09-02 00:00:00+00:00,False,prox:38:146:5438
7685,ibnlive.in,http://ibnlive.in.com/generalnewsfeed/news/one-killed-four-houses-damaged-in-landslide-in-jk/597797.html,3171,1299110400000.0,23:00,"Srawan village(?), Batote-Doda-Kishtwar road, Kishtwar district","One person was killed and four houses were damaged when a landslide triggered by rains hit a village in Kishtwar district of Jammu and Kashmir, officials said.A landslide carrying big boulders triggered by heavy rains hit Srawan village in Kishtwar distr","Srawan village(?), Batote-Doda-Kishtwar road, Kishtwar district",25km,landslide,downpour,medium,unknown,1,0, , , ,GLC,3171,33.2257,75.6695,India,IN,Jammu and Kashmir,Khandhot,10.54,1396310400000.0,1606348800000,75.6695000000001,33.2257000000001,2011-03-03 00:00:00+00:00,False,prox:66:151:5012
7686,assamtribune,http://www.assamtribune.com/scripts/detailsnew.asp?id=oct1110/oth05,2568,1286496000000.0, ,"Nungba, Tamenglong, Manipur","The traffic along the 220 km Imphal-Jiribam section of the National Highway 53 has also been disturbed due to landslide at Nungba in Tamenglong district. Owing to the landslide, over 200 loaded trucks heading towards Imphal from Jiribam was stranded, pol","Nungba, Tamenglong, Manipur",25km,landslide,downpour,medium,unknown,0,0, , , ,GLC,2568,24.7679,93.4108,India,IN,Manipur,Sempang,9.21,1396310400000.0,1606348800000,93.4108000000001,24.7679000000001,2010-10-08 00:00:00+00:00,False,prox:49:186:4963
7691,sify.com,http://sify.com/news/500-tourists-stranded-in-Sikkim-due-to-landslides-news-National-kgca4ibdgfd.html,1929,1275264000000.0,23:00,"North Sikkiim Highway, periphery of Gangtok, Sikkim East district",Over 500 tourists were stranded in the periphery of Gangtok since Monday night following multiple landslides triggered by heavy rainfall in Sikkim.  Sikkim Deputy Inspector General of Police S. Rao said the landslides occurred in the Sikkim East district,"North Sikkiim Highway, periphery of Gangtok, Sikkim East district",5km,landslide,downpour,medium,unknown,0,0, , , ,GLC,1929,27.3543,88.6428,India,IN,Sikkim,Tista,20.22,1396310400000.0,1606348800000,88.6428000000001,27.3543,2010-05-31 00:00:00+00:00,False,prox:54:177:4920
7695,mangalorean.com,http://mangalorean.com/news.php?newstype=local&newsid=207204,2711,1289433600000.0, ,"Bantwal Cross (BC) road flyover, NH48, between Mangalore and Beltangady(Belthangady) and Puttur, Bantwal, Karnataka","Bantwal, Nov 12: Heavy rains on Thursday a good part of mud to cave in near the Bantwal Cross (BC) Road flyover which is under construction on NH48 as part of four-laning work,  this work is likely to be further delayed.  Traffic  between Mangalore and B","Bantwal Cross (BC) road flyover, NH48, between Mangalore and Beltangady(Belthangady) and Puttur, Bantwal, Karnataka",5km,landslide,downpour,medium,unknown,0,0, , , ,GLC,2711,12.8806,75.0327,India,IN,Karnataka,Bantval,1.85,1396310400000.0,1606348800000,75.0327,12.8806000000001,2010-11-11 00:00:00+00:00,False,prox:25:150:4974
7703,www.nagalandpost.com,http://www.nagalandpost.com/channelnews/State/StateNews.aspx?news=TkVXUzEwMDA0MzQ3OQ%3D%3D-qmeQz2DKZMo%3D,5312,1376179200000.0,23:00,Kangtsung Village,"MLA and Chairman, Nagaland Pollution Control, Amenba Yaden Saturday visited the landslide area at Kangtsung village and its surrounding areas under Tuli in Mokokchung district. Major landslides had completely cut off road connectivity of Kangtsung and An",Kangtsung Village,10km,landslide,downpour,very_large,unknown,0,0, , , ,GLC,5312,26.7103,94.693,India,IN,Nagaland,Bangali,14.18,1396310400000.0,1606348800000,94.693,26.7103000000001,2013-08-11 00:00:00+00:00,False,prox:53:189:5309
7710,healthcarendiet,http://www.healthcarendiet.com/2010/07/06/monsoon-covers-almost-entire-india/,2040,1278374400000.0, ,"highway to Uttarkashi district, Uttarakhand","North India today experienced heavy rains as south-west monsoon advanced into more parts of the region, including the national capital.  The monsoon, which hit parts of Rajasthan yesterday, further progressed to Delhi, Uttarakhand, Himachal Pradesh and t","highway to Uttarkashi district, Uttarakhand",25km,landslide,downpour,medium,unknown,0,0, , , ,GLC,2040,30.638,78.3297,India,IN,Uttaranchal,Chham,12.83,1396310400000.0,1606348800000,78.3297000000001,30.638,2010-07-06 00:00:00+00:00,False,prox:61:156:4932
7736,The Shillong Times,http://www.theshillongtimes.com/2015/06/17/entire-family-among-5-dead-in-tura-landslides/,6970,1434412800000.0, ,Akonggre,Chotelal Prasad was severely injured after boulders fell on his house and was rushed to Tura Civil Hospital where he succumbed to his injuries.,Akonggre,1km,rock_fall,downpour,small,above_road,1,0, , , ,GLC,6970,25.5084,90.2191,India,IN,Meghalaya,Tura,1.68,1435190400000.0,1606348800000,90.2191000000001,25.5084000000001,2015-06-16 00:00:00+00:00,False,prox:51:180:5534
7738,Mizoram Express,http://mizoramexpress.com/index.php/2010/09/mizoram-landslides-kill-one-woman/,2425,1284336000000.0, ,"near Tuichang(?) on Tuichang river, Aizawl-Champhai rd, Mizoram","Sep 15, 2010  AIZAWL: Aizawl-Champhai road also was blocked by landslides in two places near Tuivawl and Tuichang.  ZONET Champhai Corr. said, the road block near Tuivawl was cleared while men are still at work till in the afternoon to clear the road blo","near Tuichang(?) on Tuichang river, Aizawl-Champhai rd, Mizoram",25km,landslide,downpour,medium,unknown,0,0, , , ,GLC,2425,23.3439,93.0748,India,IN,Mizoram,Khawhai,6.27,1396310400000.0,1606348800000,93.0748,23.3439000000001,2010-09-13 00:00:00+00:00,False,prox:46:186:4955
7746,articles.timesofindia.indiatimes.com,http://articles.timesofindia.indiatimes.com/2013-07-27/ranchi/40832176_1_quarry-two-labourers-landslide,5213,1374883200000.0, ,Paharpur Locality In Koderma,Two labourers were killed and 17 others trapped when boulders started rolling down during a landslide at a stone quarry in Paharpur locality in Koderma. Some of the 17 trapped labourers were rescued by villagers while others managed to come out themselve,Paharpur Locality In Koderma,1km,landslide,downpour,small,unknown,2,0, , , ,GLC,5213,24.3599,85.6179,India,IN,Jharkhand,Jhalpo,12.35,1396310400000.0,1606348800000,85.6179000000001,24.3599,2013-07-27 00:00:00+00:00,False,prox:48:171:5304
7762,www.saharasamay.com,http://www.saharasamay.com/regional-news/uttarakhand-news/676535126/flood-in-uttarakhand-landslide-in-uttarakhand-rains-in-uttarakha.html,5347,1376697600000.0, ,"Uttarkashi, Uttarakhand","According to State Disaster Mitigation and Management Centre, the sky remained overcast with clouds in most of the places, bringing in a possibility of more rains. Met office said here that Pantnagar recorded 22.2 mm rainfall while Dunda in Uttarkashi di","Uttarkashi, Uttarakhand",5km,landslide,rain,medium,unknown,0,0, , , ,GLC,5347,30.7292,78.4396,India,IN,Uttaranchal,Uttarkashi,0.42,1396310400000.0,1606348800000,78.4396,30.7292000000001,2013-08-17 00:00:00+00:00,False,prox:61:156:5311
7773,www.newindianexpress.com,http://www.newindianexpress.com/nation/Fresh-landslides-in-Uttarakhand-as-bad-weather-persists/2013/07/25/article1701733.ece,5198,1374710400000.0, ,"Quaritok, Uttarkashi, Uttarakhand","Landslides struck Quaritok and Malla villages of Uttarkashi, but there were no immediate reports of any casualty, officials said.","Quaritok, Uttarkashi, Uttarakhand",unknown,landslide,continuous_rain,medium,unknown,0,0, , , ,GLC,5198,30.8928,78.48,India,IN,Uttaranchal,Uttarkashi,18.13,1396310400000.0,1606348800000,78.4800000000001,30.8928000000001,2013-07-25 00:00:00+00:00,True,prox:61:156:5303
7790,ibnlive.in.com,http://ibnlive.in.com/news/uttarakhand-floods-landslides-leave-40-dead-over-60000-stranded/399619-3.html,4940,1371427200000.0, ,"Dehradun, Uttarakhand","The Dehradun Met department says the state capital received a record 340 mm of rainfall on Monday and the Met department has forecast more heavy rains in the next 24 hours. Several roads, including the National Highway 24, have been blocked to avoid any","Dehradun, Uttarakhand",25km,landslide,rain,medium,unknown,3,0, , , ,GLC,4940,30.3069,78.0169,India,IN,Uttaranchal,Dehra Dun,4.24,1396310400000.0,1606348800000,78.0169000000001,30.3069,2013-06-17 00:00:00+00:00,False,prox:60:156:5291
7820,thehindu,http://www.thehindu.com/news/states/other-states/article600333.ece,2345,1282867200000.0,18:00,"Daragaon(?), Gangtok city, Sikkim","Gangtok, August 28, 2010  Heavy rains triggering landslides has affected large parts of Sikkim in which one person was killed and many houses were damaged, officials said today.   In the State capital Gangtok, a massive landslide in the residential area","Daragaon(?), Gangtok city, Sikkim",5km,landslide,downpour,medium,unknown,0,0, , , ,GLC,2345,27.3392,88.6188,India,IN,Sikkim,Tista,17.71,1396310400000.0,1606348800000,88.6188000000001,27.3392000000001,2010-08-27 00:00:00+00:00,False,prox:54:177:4949
7842,articles.timesofindia,http://articles.timesofindia.indiatimes.com/2011-05-27/guwahati/29591193_1_dima-hasao-landslide-traffic-movement,3532,1306195200000.0, ,"Silchar-Haflong rd., at Reko(Rekha )(?), near Harangajao, Barail Hills, Assam","May 27, 2011, 12.15pm IST  SILCHAR: Traffic movement on the Silchar-Haflong Road (NH-54) has been hit following heavy landslide in a 200-metre area on the highway. The situation is expected to remain the same for the next two months.  According to report","Silchar-Haflong rd., at Reko(Rekha )(?), near Harangajao, Barail Hills, Assam",10km,complex,downpour,medium,unknown,0,0, , , ,GLC,3532,25.0888,92.8551,India,IN,Assam,Narainpur,2.64,1396310400000.0,1606348800000,92.8551,25.0888000000001,2011-05-24 00:00:00+00:00,False,prox:50:185:5039
7844,Mizoram Express,http://mizoramexpress.com/index.php/2010/09/mizoram-landslides-kill-one-woman/,2423,1284336000000.0, ,"road to Kanan Veng from Hunthar Veng, Mizoram","In Hunthar Veng, the kitchen side of H. Lalchhanhima’s house was damaged by a landslide while the road to Kanan Veng was blocked by a landslide.","road to Kanan Veng from Hunthar Veng, Mizoram",1km,landslide,downpour,medium,above_road,0,0, , , ,GLC,2423,23.73504471,92.71060943,India,IN,Mizoram,Aizwal,9.93,1396310400000.0,1606348800000,92.71060943,23.735044713,2010-09-13 00:00:00+00:00,False,prox:47:185:4955
7845,e-pao.net,http://e-pao.net/GP.asp?src=6..111010.oct10,2569,1286496000000.0, ,"Bungte Chiru village(?), Senapati district, Manipur",According to a delayed report reaching here atleast six houses have been damaged in landslides that occurred unexpectedly in the morning of October 8 at Bungte Chiru village under Saitu Assembly Constituency of Senapati district.  The report said that ou,"Bungte Chiru village(?), Senapati district, Manipur",5km,landslide,downpour,medium,unknown,0,0, , , ,GLC,2569,25.2745,94.0212,India,IN,Manipur,Kalapahar,18.4,1396310400000.0,1606348800000,94.0212000000001,25.2745,2010-10-08 00:00:00+00:00,False,prox:50:188:4963
7847,zeenews.india.com,http://zeenews.india.com/news/uttarakhand/rains-continue-to-lash-u-khand-8-houses-damaged-i_869923.html,5358,1376784000000.0, ,Rishkesh-Yamunotri Highway,"DMMC said the Rishikesh-Badrinath national highway is blocked at two places in Chamoli district due to landslides, whereas efforts are on in full swing to reopen Rishikesh-Gangotri and Rishkesh-Yamunotri highways, which are also blocked at various locati",Rishkesh-Yamunotri Highway,unknown,landslide,rain,medium,unknown,0,0, , , ,GLC,5358,30.6639,78.0574,India,IN,Uttaranchal,Aindi,9.35,1396310400000.0,1606348800000,78.0574,30.6639000000001,2013-08-18 00:00:00+00:00,False,prox:61:156:5311
7865,ibnlive.in,http://ibnlive.in.com/news/landslides-shake-idukki-district/283297-60-116.html,4488,1345161600000.0, ,"Pullupara, Perunanthanam, kerala","Four persons were injured on Friday in a landslide at Pullupara, Peruvanthanam, owing to heavy rains that occurred in various parts of the district.They are Saji, 48, Narayana Pillai, 60, Tony, 38, and Benny Thuruthipalli, 38. Sources in the Fire and Res","Pullupara, Perunanthanam, kerala",5km,landslide,downpour,medium,unknown,0,0, , , ,GLC,4488,9.5527,76.9299,India,IN,Kerala,Kanjirapalli,14.83,1396310400000.0,1606348800000,76.9299,9.55270000000007,2012-08-17 00:00:00+00:00,False,prox:19:153:5189
7878,e-pao.net,http://e-pao.net/GP.asp?src=7..020611.jun11,3556,1306800000000.0,14:00,"Roads between Tamei(Tamma?), Kangpokpi and Chalwa, Manipur","June 01 2011: The denizens of Tamei subdivision while using the IT Road from Kangpokpi to Tamei stretch take immense risk as landslides have begun to occur as the rainy season begins.  As recent as on Tuesday, the flooding streams between Tamei and Chalw","Roads between Tamei(Tamma?), Kangpokpi and Chalwa, Manipur",25km,landslide,continuous_rain,small,unknown,0,0, , , ,GLC,3556,25.1555,93.8474,India,IN,Manipur,Kalapahar,11.77,1396310400000.0,1606348800000,93.8474000000001,25.1555000000001,2011-05-31 00:00:00+00:00,False,prox:50:187:5041
7887,Times of India,http://www.timesofindia.indiatimes.com/Goa/Landslide_at_Raia_woman_saved_by_a_whisker/articleshow/3473444.cms,785,1221004800000.0, ,"Solva, Raia",rock fell off cliff at around 11:30pm local time,"Solva, Raia",5km,rock_fall,rain,medium,unknown,0,0, , , ,GLC,785,15.323,73.974,India,IN,Goa,Madgaon,6.25,1396310400000.0,1606348800000,73.974,15.323,2008-09-10 00:00:00+00:00,False,prox:30:147:4710
7896,timesofindia.indiatimes,http://timesofindia.indiatimes.com/india/13-killed-as-rains-wrack-havoc-in-north-and-eastern-India-/articleshow/6532367.cms,2405,1283990400000.0,23:00,"Mossing(Mosing) village(?), Upper Siang district, Arunachal Pradesh","Sep 10, 2010, 09.40pm IST  NEW DELHI: Thirteen people were killed as heavy monsoon rains wracked havoc in north and east India, triggering landslides and inundating lakhs of acres of farmland on Friday.  At least eight people were buried alive under the","Mossing(Mosing) village(?), Upper Siang district, Arunachal Pradesh",unknown,landslide,downpour,medium,unknown,10,0, , , ,GLC,2405,28.3036,95.4112,India,IN,Arunachal Pradesh,Mimesipo,16.6,1396310400000.0,1606348800000,95.4112000000001,28.3036000000001,2010-09-09 00:00:00+00:00,False,prox:56:190:4953
7905,articles.timesofindia.indiatimes.com,http://articles.timesofindia.indiatimes.com/2013-10-07/guwahati/42793381_1_anil-nagar-heavy-rain-nabin-nagar,5582,1381017600000.0,13:00,"Batahguli, Guwahati, Assam",Heavy downpour in the last 24 hours paralyzed life in Guwahati and a landslide triggered by the rain claimed the life of an elderly person in the city on Sunday. The rain also dampened the spirit of Durga Puja shopping in the city. Kamrup (Metro) additio,"Batahguli, Guwahati, Assam",5km,landslide,downpour,medium,unknown,1,0, , , ,GLC,5582,26.1309,91.8383,India,IN,Assam,Pomahi,5.26,1396310400000.0,1606348800000,91.8383000000001,26.1309000000001,2013-10-06 00:00:00+00:00,False,prox:52:183:5328
7914,hindu,http://www.hindu.com/2010/07/30/stories/2010073063780100.htm,2162,1280361600000.0, ,"Pīpalkoti : Landslips, triggered by heavy rain, blocked two key highways connecting Rishikesh, Gangotri and Badrinath in Uttarakhand on Thursday, lea","Landslips, triggered by heavy rain, blocked two key highways connecting Rishikesh, Gangotri and Badrinath in Uttarakhand on Thursday, leaving hundreds of people stranded. The landslips occurred on the Rishikesh-Gangotri National Highway at Nalupani in Ut", ,10km,landslide,downpour,medium,unknown,0,0, , , ,GLC,2162,30.4054,79.3426,India,IN,Uttaranchal,Langsu,13.22,1396310400000.0,1606348800000,79.3426000000001,30.4054,2010-07-29 00:00:00+00:00,False,prox:60:158:4939
7931,beacononline.wordpress,http://beacononline.wordpress.com/2009/08/16/darjeeling-hills-five-killed-in-landslides-highway-blocked/,1090,1250380800000.0, ,"Malutar tea estate, Darjeeling, West Bengal","Two other persons Kala Sherpa (42) of Sirubari and Jaikumar Rai (30) of Malutar tea estate were also killed in a landslide, the DM said.","Malutar tea estate, Darjeeling, West Bengal",5km,landslide,downpour,medium,unknown,2,0, , , ,GLC,1090,26.9599,88.268,India,IN,West Bengal,Kurseong,8.48,1396310400000.0,1606348800000,88.2680000000001,26.9599000000001,2009-08-16 00:00:00+00:00,False,prox:53:176:4824
7936,thesop.org,http://thesop.org/story/20120701/woman-killed-in-guwahati-by-landslide.html,4434,1340582400000.0,18:00,"Sonaighuli area near Kahilipara, Guwahati City, Assam","A woman was killed and a man injured in landslide in Guwahati city on Monday evening, June 25, police said. The incident took place at Sonaighuli area near Kahilipara in the city on Monday evening, when a woman was hit by a rock during landslide after he","Sonaighuli area near Kahilipara, Guwahati City, Assam",1km,landslide,downpour,large,unknown,1,0, , , ,GLC,4434,26.1049,91.7369,India,IN,Assam,Gauhati,8.89,1396310400000.0,1606348800000,91.7369,26.1049,2012-06-25 00:00:00+00:00,False,prox:52:183:5172
7938,greaterkashmir,http://www.greaterkashmir.com/news/2012/Sep/16/landslides-in-udhampur-200-trucks-stranded-67.asp,4555,1347667200000.0, ,"Dhar-Udhampur rd, Moda Dadda, Udhampur","As many as 200 trucks carrying essential items to Kashmir valley were stranded on Saturday due to a landslide on the highway in Udhampur. The landslide was triggered by heavy rains in the wee hours, blocking Dhar-Udhampur road at Moda Dadda, about 18-kms","Dhar-Udhampur rd, Moda Dadda, Udhampur",50km,landslide,downpour,medium,unknown,0,0, , , ,GLC,4555,32.9295,75.1432,India,IN,Jammu and Kashmir,Udhampur,1.63,1396310400000.0,1606348800000,75.1432,32.9295000000001,2012-09-15 00:00:00+00:00,False,prox:65:150:5199
7946,Business Standard,http://www.business-standard.com/article/pti-stories/two-killed-in-mizoram-landslide-116072900324_1.html,9232,1469664000000.0,23:00,"Ngur, near Mizoram-Myanmar border, India","A woman and her three-year-old daughter were killed and six others injured when a house was hit by a massive landslide at Ngur village at Mizoram-Myanmar border, police said today.   Bodies of Dawnsianmuangi (42) and her daughter were taken out from the","Ngur, near Mizoram-Myanmar border, India",1km,landslide,continuous_rain,medium,unknown,2,6, , , ,GLC,9232,23.5397,93.3783,India,IN,Mizoram,Ngente,6.42,1469750400000.0,1606348800000,93.3783000000001,23.5397,2016-07-28 00:00:00+00:00,False,prox:47:186:5670
7955,articles.timesofindia.indiatimes.com,http://articles.timesofindia.indiatimes.com/2013-09-08/guwahati/41872983_1_flood-situation-arunachal-pradesh-landslides,5441,1378080000000.0, ,"Gosang Village Under Jengging Circle, Arunachal Pradesh","With improvement in the weather, the water level of major rivers in Eastern Arunachal showed a receding trend even as West and Upper Siang districts in the state remained cut off due to massive landslides triggered by torrential rain. Chief Minister Naba","Gosang Village Under Jengging Circle, Arunachal Pradesh",5km,landslide,downpour,large,unknown,0,0, , , ,GLC,5441,28.611,94.9829,India,IN,Arunachal Pradesh,Pareng,24.3,1396310400000.0,1606348800000,94.9829000000001,28.611,2013-09-02 00:00:00+00:00,False,prox:57:189:5316
7961,Niti Central,http://www.niticentral.com/2015/04/30/badrinath-route-faces-landslides-500-pilgrims-stranded-311523.html,7110,1430352000000.0, ,Rishikesh-Badrinath National Highway near Joshimath,About 500 pilgrims were stranded in Badrinath after a fresh landslide blocked the road near Joshimath in Chamoli district here today.,Rishikesh-Badrinath National Highway near Joshimath,5km,landslide,continuous_rain,small,above_road,0,0, , , ,GLC,7110,30.5568,79.5541,India,IN,Uttaranchal,Joshimath,0.81,1436313600000.0,1606348800000,79.5541,30.5568000000001,2015-04-30 00:00:00+00:00,False,prox:61:159:5518
7965,himvani,http://www.himvani.com/news/2010/07/07/himachal-rivers-in-spate-nh-21-and-manali-keylong-road-blocked/5858/,2047,1278460800000.0, ,"Chhatru(?), Gramphu(?)-Kaza rd, Himachal Pradesh","Following inclement weather conditions, a high alert has been sounded in Himachal Pradesh as most rivers and their tributaries are flowing above the danger mark after heavy rains.  A report from Lahaul-Spiti stated that Manali-Keylong road has been block","Chhatru(?), Gramphu(?)-Kaza rd, Himachal Pradesh",50km,landslide,downpour,medium,unknown,0,0, , , ,GLC,2047,32.219,78.072,India,IN,Himachal Pradesh,Luling,1.07,1396310400000.0,1606348800000,78.0720000000001,32.219,2010-07-07 00:00:00+00:00,False,prox:64:156:4932
7970,ptinews,http://www.ptinews.com/news/532955_Two-kids-killed-in-house-collapse,1521,1266883200000.0, ,Two children killed,"Two children were killed and another injured when landslides triggered by heavy rains demolished a house at Tangadia village in Tehri district today,police said. The incident occurred when the rains lashed the area triggering heavy landslides due to whic","Tangadia, Tehri",25km,landslide,downpour,medium,unknown,2,1, , , ,GLC,1521,30.38069426,78.47049965,India,IN,Uttaranchal,Chham,19.49,1396310400000.0,1606348800000,78.4704996510001,30.3806942570001,2010-02-23 00:00:00+00:00,False,prox:60:156:4887
7982,International Business Times,http://www.ibtimes.co.in/meghalaya-massive-landslide-east-jaintia-hills-flash-floods-shillong-hit-normal-life-643439,7591,1426723200000.0, ,Ratacherra,"Minor landslides were also reported in Tongseng, Ratacherra and Dona areas.",Ratacherra,5km,landslide,rain,small,unknown,0,0, , , ,GLC,7591,25.0318,92.4584,India,IN,Assam,Chargram,8.67,1458777600000.0,1606348800000,92.4584,25.0318,2015-03-19 00:00:00+00:00,False,prox:50:184:5504
7991,The Tribune India,http://www.tribuneindia.com/news/uttarakhand/rain-disrupts-kedarnath-yatra-for-three-hours/96406.html,6947,1434844800000.0, ,Satpuli-Kanskhet Road in Pauri Garhwal district,Traffic was held up on the Satpuli-Kanskhet Road in Pauri Garhwal district due to a landslide. Rain that started late Friday night continued till morning hours today,Satpuli-Kanskhet Road in Pauri Garhwal district,25km,landslide,rain,small,above_road,0,0, , , ,GLC,6947,30.0261,78.6278,India,IN,Uttaranchal,Kandi,19.37,1435190400000.0,1606348800000,78.6278,30.0261,2015-06-21 00:00:00+00:00,False,prox:60:157:5535
7995,ndtv,http://www.ndtv.com/article/others/around-400-tourists-stranded-in-ladakh-landslide-240703,4452,1341619200000.0, ,"Ladakh, Leh","Scores of tourists in around 200 vehicles were on Saturday stranded in Ladakh when a landslide struck an area at Durbuk, about 200 km from Leh, officials said on Saturday night.","Ladakh, Leh",10km,landslide,downpour,medium,unknown,0,0, , , ,GLC,4452,34.0123,77.9988,India,IN,Jammu and Kashmir,Tangtse,15.3,1396310400000.0,1606348800000,77.9988000000001,34.0123,2012-07-07 00:00:00+00:00,False,prox:68:155:5176
8009,headlinesindia,http://www.headlinesindia.com/natural-disasters/flood/darjeeling-landslide-toll-reaches-27-12747.html,1032,1243296000000.0, ,"Rangiabong (Jorbungalow), Darjeeling, West Bengal","With the recovery of three more bodies, the toll in the landslides in West Bengal's hill district of Darjeeling due to Cyclone Aila has risen to 27, police said today.   ""We have recovered three bodies from the debris at Rangiabong under Jorbungalow poli","Rangiabong (Jorbungalow), Darjeeling, West Bengal",5km,landslide,tropical_cyclone,medium,unknown,6,0,Aila, , ,GLC,1032,27.0095,88.2592,India,IN,West Bengal,Darjeeling,3.49,1396310400000.0,1606348800000,88.2592000000001,27.0095000000001,2009-05-26 00:00:00+00:00,False,named:aila
8015,articles.timesofindia.indiatimes.com,http://articles.timesofindia.indiatimes.com/2013-09-10/india/41936154_1_east-and-north-sikkim-chungthang-gangtok,5476,1378512000000.0,15:00,14 Milestone Of J N Marg Near Kyangnosola (East Sikkim),"The Army launched massive rescue operations in east and north Sikkim since Saturday and rescued 40 stranded tourists and several injured workers of an engineering firm caught in landslides. While the tourists were on their way to Nathu La, the engineerin",14 Milestone Of J N Marg Near Kyangnosola (East Sikkim),25km,landslide,rain,medium,unknown,0,0, , , ,GLC,5476,27.3736,88.7323,India,IN,Sikkim,Xarsingma,19.88,1396310400000.0,1606348800000,88.7323000000001,27.3736000000001,2013-09-07 00:00:00+00:00,False,prox:54:177:5318
8017,New Indian Express,http://www.newindianexpress.com/states/karnataka/2016/oct/12/heavy-rain-causes-flooding-in-ankola-1527173.html,9584,1476144000000.0,03:00,NH 66 at Mudaga,Landslide causes roadblock in Karwar The landslide on Goa-Mangaluru highway (NH 66) at Mudaga around 3.30 am on Tuesday caused traffic jam for more than five hours.,NH 66 at Mudaga,10km,landslide,downpour,medium,above_road,0,0, , , ,GLC,9584,14.8009,74.118,India,IN,Karnataka,Karwar,1.94,1476316800000.0,1606348800000,74.1180000000001,14.8009000000001,2016-10-11 00:00:00+00:00,False,prox:29:148:5695
8029,DNA India,http://www.dnaindia.com/india/report_heavy-showers-trigger-landslides-in-maharashtra-himachal-pradesh_1414542,2134,1280016000000.0, ,Nivsar area,"Torrential rains triggered landslides in Maharashtra, Himachal Pradesh and Uttar Pradesh, throwing normal life out of gear, even as showers eluded the national capital for another day today.  Landslides were reported from Nivsar area while 50 villages in",Nivsar area,5km,landslide,downpour,medium,unknown,0,0, , , ,GLC,2134,16.94054188,73.46485294,India,IN,Maharashtra,Lanja,13.38,1396310400000.0,1606348800000,73.4648529360001,16.940541882,2010-07-25 00:00:00+00:00,False,prox:33:146:4938
8033,kanglaonline.com,http://kanglaonline.com/2011/07/works-minister-visits-landslide-hit-maram-stretch-of-nh2/,3860,1311897600000.0, ,"Maram, Manipur","IMPHAL July 29: Several external factors are severely hindering the progress of road repair works being undertaken at the landslide affected area of Maram in Senapati and other developmental works being undertaken along the National Highway, stated works","Maram, Manipur",10km,landslide,rain,medium,unknown,0,0, , , ,GLC,3860,25.4192,94.108,India,IN,Manipur,Sochumei,14.52,1396310400000.0,1606348800000,94.1080000000001,25.4192,2011-07-29 00:00:00+00:00,False,prox:50:188:5061
8034,www.nagalandpost.com,http://www.nagalandpost.com/ChannelNews/State/StateNews.aspx?news=TkVXUzEwMDA0MDQ4MQ%3D%3D-gEvw8J4DIOI%3D,5005,1372636800000.0, ,"Walo Ward, Mon Town, Wokha District, Nagaland","Six houses have been damaged by landslide at Walo ward of Mon town. According to an official bulletin, the incident took place on July 1. In order to take note of the situation, the district administration led by deputy commissioner, Mon, Angau I Thou, S","Walo Ward, Mon Town, Wokha District, Nagaland",5km,landslide,downpour,medium,unknown,0,0, , , ,GLC,5005,26.72,95.029,India,IN,Nagaland,Mon,2.62,1396310400000.0,1606348800000,95.0290000000001,26.72,2013-07-01 00:00:00+00:00,False,prox:53:190:5295
8035,Big News Network,http://www.bignewsnetwork.com/index.php/sid/225991087,6294,1409961600000.0, ,Dhok Bagla near Kotranka,"He said: ""In one such incident in Rajouri district, three members of Mohammad Aslam's family including himself were buried under debris at Dhok Bagla near Kotranka on Sep 6 due to a massive landslide.",Dhok Bagla near Kotranka,10km,landslide,continuous_rain,medium,unknown,3,0, , , ,GLC,6294,33.3551,74.5128,India,IN,Jammu and Kashmir,Kot Bainka,1.11,1413849600000.0,1606348800000,74.5128000000001,33.3551,2014-09-06 00:00:00+00:00,False,prox:66:149:5439
8036,in.reuters,http://in.reuters.com/article/topNews/idINIndia-36198420081029,868,1225238400000.0, ,"Kamrup, and Sonitpur, Assam","flooding and landslides, Floods and landslides caused by heavy rains over the last three days have killed at least seven people and displaced thousands more in the northeastern states of India","Kamrup, and Sonitpur, Assam",50km,landslide,downpour,medium,unknown,7,0, , , ,GLC,868,26.3333,91.25,India,IN,Assam,Nalbari,22.04,1396310400000.0,1606348800000,91.2500000000001,26.3333000000001,2008-10-29 00:00:00+00:00,False,prox:52:182:4727
8041,Assam Tribune,http://www.assamtribune.com/scripts/detailsnew.asp?id=sep2414/at051,6285,1411344000000.0, ,VIP Road,A portion of VIP Road was blocked due to landslide,VIP Road,5km,landslide,rain,small,above_road,0,0, , , ,GLC,6285,26.159,91.8178,India,IN,Assam,Gauhati,7.14,1413849600000.0,1606348800000,91.8178,26.159,2014-09-22 00:00:00+00:00,False,prox:52:183:5445
8043,zeenews.india.com,http://zeenews.india.com/news/uttarakhand/rains-continue-to-lash-u-khand-8-houses-damaged-i_869923.html,5359,1376784000000.0, ,Rishikesh-Gangotri Highway,"DMMC said the Rishikesh-Badrinath national highway is blocked at two places in Chamoli district due to landslides, whereas efforts are on in full swing to reopen Rishikesh-Gangotri and Rishkesh-Yamunotri highways, which are also blocked at various locati",Rishikesh-Gangotri Highway,unknown,landslide,rain,medium,unknown,0,0, , , ,GLC,5359,30.742,78.4543,India,IN,Uttaranchal,Uttarkashi,1.69,1396310400000.0,1606348800000,78.4543,30.7420000000001,2013-08-18 00:00:00+00:00,False,prox:61:156:5311
8061,neinews,http://www.neinews.com/girl-dies-5-injured-in-city-l2-missing-trucks-trapped-in-borsora.html,2026,1277683200000.0, ,"Borsorsa(?), West Khasi Hills, Meghalaya","Two missing, trucks under mud: The heavy downpour on Monday also caused heavy landslides at Borsorsa, West Khasi Hills, our Nongstoin Correspondent reports. 12 trucks and ten houses were swallowed by the mud and two persons were found missing. Some of th","Borsorsa(?), West Khasi Hills, Meghalaya",50km,landslide,downpour,medium,unknown,0,0, , , ,GLC,2026,25.4916,91.2698,India,IN,Meghalaya,Nongstoin,1.7,1396310400000.0,1606348800000,91.2698,25.4916000000001,2010-06-28 00:00:00+00:00,False,prox:50:182:4929
8063,www.newindianexpress.com,http://www.newindianexpress.com/nation/Fresh-landslides-in-Uttarakhand-as-bad-weather-persists/2013/07/25/article1701733.ece,5199,1374710400000.0, ,"Malla, Uttarkashi, Uttarakhand","Landslides struck Quaritok and Malla villages of Uttarkashi, but there were no immediate reports of any casualty, officials said.","Malla, Uttarkashi, Uttarakhand",1km,landslide,continuous_rain,medium,unknown,0,0, , , ,GLC,5199,30.7866,78.6171,India,IN,Uttaranchal,Uttarkashi,17.97,1396310400000.0,1606348800000,78.6171000000001,30.7866000000001,2013-07-25 00:00:00+00:00,False,prox:61:157:5303
8079,buzzg.com,http://buzzg.com/news/heavy-rainfall-triggers-landslide-blocks-traffic-on-nh-55.html,2214,1281052800000.0, ,Dārjiling : The traffic along the National Highway 55 was disrupted on Friday following a heavy rainfall that triggered landslide in the Darjeeling H,The traffic along the National Highway 55 was disrupted on Friday following a heavy rainfall that triggered landslide in the Darjeeling Hills valley region. The landslide blocked all road links from Siliguri in the foothills to various other places in Da, ,25km,landslide,downpour,medium,unknown,0,0, , , ,GLC,2214,27.0375,88.2627,India,IN,West Bengal,Darjeeling,0.53,1396310400000.0,1606348800000,88.2627000000001,27.0375,2010-08-06 00:00:00+00:00,False,prox:54:176:4942
8096,ndtv,http://www.ndtv.com/article/cities/mumbai-records-seasons-wettest-day-45337,2262,1282003200000.0, ,"Sonabai Niwas(?), Kalwa, Mumbai","A portion of Sonabai Niwas, a residential building housing 21 families in Kalwa, collapsed killing ten people yesterday. According to officials, four injured people were rescued from the debris and the hunt for more was still on. An official added that t","Sonabai Niwas(?), Kalwa, Mumbai",5km,landslide,downpour,medium,unknown,10,0, , , ,GLC,2262,19.1993,73.0109,India,IN,Maharashtra,Thana,5.87,1396310400000.0,1606348800000,73.0109,19.1993000000001,2010-08-17 00:00:00+00:00,False,prox:38:146:4946
8097,ibnlive.in,http://ibnlive.in.com/generalnewsfeed/news/three-killed-in-landslides/758753.html,3806,1311033600000.0, ,"Itanagar (one near Pachali power house, one near Heema Hospital, and one nearRomik Colony at P Sector)","Three killed in landslides PTI | 02:07 PM,Jul 19,2011  Itanagar, July 19 (PTI) Three persons including two minors were buried alive, while several others were seriously injured this morning when massive landslides triggered by torrential rain washed away","Itanagar (one near Pachali power house, one near Heema Hospital, and one nearRomik Colony at P Sector)",10km,landslide,downpour,medium,unknown,3,0, , , ,GLC,3806,27.1032,93.6884,India,IN,Arunachal Pradesh,North Lakhimpur,44.04,1396310400000.0,1606348800000,93.6884000000001,27.1032000000001,2011-07-19 00:00:00+00:00,False,prox:54:187:5058
8120,sikkimnews.blogspot,http://sikkimnews.blogspot.com/2009/09/landslides-at-4th-mile-disrupts-traffic.html,1168,1253145600000.0, ,"4th Mile on road between Rongli, Rhenock and Rangpo in East Sikkim.","A massive landslide that occurred in the morning of September 17 at 4th Mile has completely disrupted the traffic movement between Rongli, Rhenock and Rangpo in East Sikkim. The entire stretch has been washed away by the landslide creating trouble for th","4th Mile on road between Rongli, Rhenock and Rangpo in East Sikkim.",5km,landslide,rain,medium,unknown,0,0, , , ,GLC,1168,27.1954,88.6115,India,IN,Sikkim,Kalimpong,18.87,1396310400000.0,1606348800000,88.6115,27.1954000000001,2009-09-17 00:00:00+00:00,False,prox:54:177:4834
8132,thestatesman.net,http://www.thestatesman.net/page.news.php?clid=10&theme=&usrsess=1&id=162949,126,1184544000000.0, ,Bardang near Singtam,closest to predicted location of Gauhati (336.70 km),Bardang near Singtam,25km,mudslide,rain,medium,unknown,0,0, , , ,GLC,126,27.1499,88.38,India,IN,Sikkim,Kalimpong,12.85,1396310400000.0,1606348800000,88.3800000000001,27.1499000000001,2007-07-16 00:00:00+00:00,False,prox:54:176:4570
8140,my-telugu,http://www.my-telugu.com/?p=2996,2676,1288483200000.0, ,"railroad between Chimidipalli and Borra caves stations, Andhra Pradesh","Visakhapatnam, Oct 31 (INN): Train services in Visakhapatnam-Kirandul division were affected by the landslides caused due to incessant rains in the region on Sunday.  According to East Coast Railway sources, landslides triggered off due to incessant rain","railroad between Chimidipalli and Borra caves stations, Andhra Pradesh",5km,landslide,downpour,medium,unknown,0,0, , , ,GLC,2676,18.2733,83.0645,India,IN,Andhra Pradesh,Srungavarapukota,19.88,1396310400000.0,1606348800000,83.0645000000001,18.2733000000001,2010-10-31 00:00:00+00:00,False,prox:36:166:4971
8151,e-pao.net,http://e-pao.net/GP.asp?src=6..111010.oct10,2570,1286496000000.0, ,"Tharon(?) and Langol Tarung villages, Thangmeiband constituency, Imphal, Manipur","On the other hand, landslides that occurred along the Langol foothill range following incessant rainfall during the last few days had affected residents of Tharon and Langol Tarung villages.  A team of Thangmeiband Assembly Constituency Development Forum","Tharon(?) and Langol Tarung villages, Thangmeiband constituency, Imphal, Manipur",5km,landslide,downpour,medium,unknown,0,0, , , ,GLC,2570,24.837,93.9128,India,IN,Manipur,Manipur,5.35,1396310400000.0,1606348800000,93.9128000000001,24.837,2010-10-08 00:00:00+00:00,False,prox:49:187:4963
8157,ABC,http://www.abc.net.au/news/2014-08-16/an-floods2c-landslide-leave-17-dead-in-northern-india/5675282,6510,1408060800000.0, ,Pauri district of Uttarakhand,"Fourteen people were killed when their houses were buried by a tide of mud and trees, emergency official Piyush Rautela told AFP.",Pauri district of Uttarakhand,unknown,debris_flow,rain,medium,unknown,14,0, ,http://www.abc.net.au/news/image/5675284-3x2-940x627.jpg, ,GLC,6510,30.1176,78.7472,India,IN,Uttaranchal,Alaknanda,12.85,1418601600000.0,1606348800000,78.7472000000001,30.1176,2014-08-15 00:00:00+00:00,False,prox:60:157:5432
8159,dnaindia,http://www.dnaindia.com/india/report_rains-hit-normal-life-in-uttarakhand_1426128,2292,1282262400000.0, ,"Bhatwari, Rishikesh-Gangotri highway, Uttarkhand","Friday, Aug 20, 2010, 15:19 IST   Incessant rains continued to lash Uttarakhand triggering landslides and most of the rivers flowing at danger level today.  Meanwhile, landslides occurred at a few places in Garhwal Himalayas due to heavy rains in at Badr","Bhatwari, Rishikesh-Gangotri highway, Uttarkhand",5km,landslide,downpour,medium,unknown,0,0, , , ,GLC,2292,30.8183,78.6186,India,IN,Uttaranchal,Uttarkashi,19.54,1396310400000.0,1606348800000,78.6186000000001,30.8183000000001,2010-08-20 00:00:00+00:00,False,prox:61:157:4947
8162,www.deccanchronicle.com,http://www.deccanchronicle.com/130806/news-current-affairs/article/special-landslides-rain-havoc-kerala,5283,1375660800000.0, ,"Painavu, Kerala","At 56th Colony near Painav, Manalkuzhi Babu (52) who was sleeping in an outhouse was killed in the landslip","Painavu, Kerala",5km,landslide,monsoon,medium,unknown,1,0, , , ,GLC,5283,9.8539,76.9468,India,IN,Kerala,Carda Mom Hills,28.1,1396310400000.0,1606348800000,76.9468000000001,9.85390000000008,2013-08-05 00:00:00+00:00,False,prox:19:153:5307
8187,Greater Kashmir,http://www.greaterkashmir.com/news/chenab-valley/landslide-hits-mud-house-in-bhaderwah-2-dead-3-injured/225063.html,9465,1470528000000.0, ,"Sheroora-Subardhar village,15 Km from Bhadarwah town","Two labourers were killed and three others seriously injured when their mud-house dwelling was hit by a landslide in Sheroora-Subardhar village,15 Km from Bhadarwah town on Sunday afternoon.","Sheroora-Subardhar village,15 Km from Bhadarwah town",25km,landslide,continuous_rain,medium,unknown,2,3, , , ,GLC,9465,32.9834,75.6953,India,IN,Jammu and Kashmir,Bhadarwah,1.44,1471564800000.0,1606348800000,75.6953,32.9834000000001,2016-08-07 00:00:00+00:00,False,prox:65:151:5673
8197,www.indiatvnews.com,http://www.indiatvnews.com/news/india/uttarakhand-many-families-shifted-from-ukhimath-fearing-landslide-25652.html,5215,1374883200000.0, ,Balsori Villages In The Akhrori Area,"Several families from a village in Ukhimath were today moved to safety amid fears of landslides because of rainfall in flood-ravaged Uttarakhand where the sky remained overcast. Despite the showers, relief work in the state continued unhindered with mule",Balsori Villages In The Akhrori Area,5km,landslide,rain,medium,unknown,0,0, , , ,GLC,5215,30.4521,78.754,India,IN,Uttaranchal,Bhatgaon,9.93,1396310400000.0,1606348800000,78.7540000000001,30.4521,2013-07-27 00:00:00+00:00,False,prox:60:157:5304
8202,www.newsworms.com,http://www.newsworms.com/news_detail.php?ncatId=40&pcatid=36&news_id=7286,5086,1373587200000.0, ,"Nainital District, Uttarakhand","Six people were killed in a landslide in Uttarakhand's Nainital district, officials said on Friday. The landslide came after a heavy spell of rains in Bheemal area late on Thursday. Five people of a family and one other person were buried following the l","Nainital District, Uttarakhand",5km,landslide,rain,medium,unknown,6,0, , , ,GLC,5086,29.3802,79.4633,India,IN,Uttaranchal,Nainital,2.66,1396310400000.0,1606348800000,79.4633,29.3802000000001,2013-07-12 00:00:00+00:00,True,prox:58:158:5299
8223,www.indianexpress.com,http://www.indianexpress.com/news/landslide-stalls-traffic-on-eastern-freeway/1158996/,5384,1377129600000.0,11:00,Panjarpol On The Eastern Freeway,"A landslide at Panjarpol on the Eastern Freeway led to the closure of north-bound lane of the signal-free road Thursday. Following the incident, Mumbai Metropolitan Region Development Authority (MMRDA) said it would soon build a boundary wall on that sec",Panjarpol On The Eastern Freeway,1km,landslide,continuous_rain,medium,unknown,0,0, , , ,GLC,5384,19.0402,72.9089,India,IN,Maharashtra,Trombay,2.26,1396310400000.0,1606348800000,72.9089000000001,19.0402,2013-08-22 00:00:00+00:00,False,prox:38:145:5313
8236,articles.timesofindia.indiatimes.com,http://articles.timesofindia.indiatimes.com/2013-07-08/india/40442321_1_landslides-heavy-rainfall-isolated-places,5043,1373068800000.0, ,"Jogindernagar, Himachal Pradesh","Heavy rainfall continued to lash several parts of Himachal Pradesh on Sunday, causing rise in water level in rivers, besides triggering landslides at some places. In Mandi town flooding of a nullah near the government hospital choked the hospital premise","Jogindernagar, Himachal Pradesh",1km,landslide,downpour,small,unknown,0,0, , , ,GLC,5043,31.9906,76.7907,India,IN,Himachal Pradesh,Tarmahr,11.31,1396310400000.0,1606348800000,76.7907000000001,31.9906,2013-07-06 00:00:00+00:00,False,prox:63:153:5297
8253,Nyooz,http://www.nyoooz.com/mumbai/176149/landslide-holiday-rush-cause-massive-traffic-jam-on-mumbaipune-expressway,7312,1439596800000.0,07:00,Adoshi Tunnel,"With Independence Day falling on a Saturday, both Mumbaikars and Puneites had set off on a weekend to Lonavala. On a normal day, it would’ve been the perfect getaway. But after Friday’s landslide at Adoshi Tunnel on Mumbai Pune Expressway, it was one",Adoshi Tunnel,1km,rock_fall,monsoon,small,above_road,0,3, , , ,GLC,7312,18.7631,73.3471,India,IN,Maharashtra,Lonoavale,6.16,1462838400000.0,1606348800000,73.3471000000001,18.7631000000001,2015-08-15 00:00:00+00:00,False,prox:37:146:5554
8255,himachal.us,http://himachal.us/2010/09/22/heavy-rains-damage-roads-in-himachal-alert-sounded-in-kinnaur/22231/news/ravinder,2469,1284854400000.0, ,"Rajgarh-Habban road, Himachal Pradesh",(posted 9/22 but may cover events from past weeks)A police spokesman said that traffic on the Shimla- Kalka highway was disrupted near Solan. The beaten track of the Theog-Kotkhai-Jubbal road was blocked at several places because of landslides or traffic,"Rajgarh-Habban road, Himachal Pradesh",25km,landslide,downpour,medium,unknown,0,0, , , ,GLC,2469,30.9009,77.4668,India,IN,Himachal Pradesh,Silori,19.39,1396310400000.0,1606348800000,77.4668,30.9009,2010-09-19 00:00:00+00:00,False,prox:61:154:4957
8267,en.wikipedia,http://en.wikipedia.org/w/index.php?title=Special%3ASearch&search=koti+himachal+pradesh,2340,1282780800000.0, ,"Koti bridge(?), Chamba-Langera-Bhadarwah border road connecting Doda district of Jammu and Kashmir with Himachal Pradesh",Chamba-Langera-Bhadarwah border road connecting Doda district of Jammu & Kashmir with Himachal has been closed due to a massive landslide at Koti bridge today. Chamba deputy commissioner Devesh Kumar told HimVani that he has directed the executive engine,"Koti bridge(?), Chamba-Langera-Bhadarwah border road connecting Doda district of Jammu and Kashmir with Himachal Pradesh",25km,landslide,downpour,medium,unknown,0,0, , , ,GLC,2340,32.7029,75.9568,India,IN,Himachal Pradesh,Shaini,13.44,1396310400000.0,1606348800000,75.9568,32.7029000000001,2010-08-26 00:00:00+00:00,False,prox:65:151:4949
8271,articles.timesofindia,http://articles.timesofindia.indiatimes.com/2011-06-18/goa/29673645_1_mapusa-market-mapusa-municipality-sudhir-kandolkar,3616,1308268800000.0, ,"Angod, Mapusa","A major landslide was reported at Angod, Mapusa and no business could be done at the town's weekly market due to flooding on Friday.","Angod, Mapusa",5km,landslide,rain,medium,unknown,0,0, , , ,GLC,3616,15.5931,73.8119,India,IN,Goa,Mapuca,0.33,1396310400000.0,1606348800000,73.8119,15.5931,2011-06-17 00:00:00+00:00,False,prox:31:147:5047
8286,www.newindianexpress.com,http://www.newindianexpress.com/nation/Fresh-landslides-in-Uttarakhand-as-bad-weather-persists/2013/07/25/article1701733.ece,5196,1374710400000.0, ,"Uttarkashi, Uttarakhand","Incessant rains continued to buffet Uttarakhand, triggering landslides in Uttarkashi and Chamoli that damaged many houses in the two districts. While 30 houses were reported to be damaged in Uttarkashi, four settlements were razed in the landslips in Ala","Uttarkashi, Uttarakhand",unknown,landslide,continuous_rain,medium,unknown,0,0, , , ,GLC,5196,30.8928,78.48,India,IN,Uttaranchal,Uttarkashi,18.13,1396310400000.0,1606348800000,78.4800000000001,30.8928000000001,2013-07-25 00:00:00+00:00,True,prox:61:156:5303
8302,dailyindia,http://www.dailyindia.com/show/332145.php,1134,1251936000000.0, ,Marhi region of Himachal Pradesh,A landslide left scores of passengers stranded in Maddi region of Himachal Pradesh. Tourists on their way to Rohtang Pass were left stranded after the Border Road Organisation (BRO) closed the road for clearing operation.,Marhi region of Himachal Pradesh,10km,landslide,rain,medium,unknown,0,0, , , ,GLC,1134,32.351,77.2234,India,IN,Himachal Pradesh,Chandra,7.01,1410739200000.0,1606348800000,77.2234000000001,32.3510000000001,2009-09-03 00:00:00+00:00,False,prox:64:154:4830
8322,Telegraph India,http://www.telegraphindia.com/1100922/jsp/nation/story_12966820.jsp,2455,1284854400000.0, ,"road to Shivpur(Shivpuri), Pauri Garhwal district, Uttarakhand","Lucknow, Sept. 21: Tourists trapped in Uttarakhand since Sunday have been frantically working the phone lines as fresh landslides triggered by heavy rain have hobbled rescue and evacuation.  Sources said the tourists —from Bengal, Haryana and Madhya Pr","road to Shivpur(Shivpuri), Pauri Garhwal district, Uttarakhand",10km,landslide,downpour,medium,unknown,0,0, , , ,GLC,2455,30.1035,78.4265,India,IN,Uttaranchal,Rishikesh,16.64,1396310400000.0,1606348800000,78.4265,30.1035000000001,2010-09-19 00:00:00+00:00,False,prox:60:156:4957
8327,Kashmir Reader,http://www.kashmirreader.com/landslide-block-srinagar-muzaffarabad-road-35785,6827,1425513600000.0, ,Srinagar-Muzaffarabad road near Dankhan area in Baramulla,Landslide triggered by incessant rains Thursday blocked the traffic movement for several hours on the Srinagar-Muzaffarabad road.,Srinagar-Muzaffarabad road near Dankhan area in Baramulla,25km,landslide,continuous_rain,medium,above_road,0,0, , , ,GLC,6827,34.2092,74.321,India,IN,Jammu and Kashmir,Baramula,2.71,1426550400000.0,1606348800000,74.3210000000001,34.2092000000001,2015-03-05 00:00:00+00:00,False,prox:68:148:5499
8332,Indian Express,http://indianexpress.com/article/india/india-news-india/separate-landslides-kill-two-in-assam-2913748/,8995,1468454400000.0, ,"Noonmati Nijarapar area of the city, Guwahati, Assam, India","Trigger is most likely monsoon since this incident occurred during monsoon season.Two persons, including a girl, were killed in landslides in Assam on Thursday. In Noonmati Nijarapar area of the city, a class IV girl student was buried in another landsli","Noonmati Nijarapar area of the city, Guwahati, Assam, India",5km,landslide,monsoon,small,unknown,1,0, , , ,GLC,8995,26.1963,91.8074,India,IN,Assam,Gauhati,5.7,1468800000000.0,1606348800000,91.8074000000001,26.1963000000001,2016-07-14 00:00:00+00:00,False,prox:52:183:5665
8335,e-pao,http://www.e-pao.net/GP.asp?src=21..210810.aug10,2304,1282348800000.0,18:00,"NH 39 at Kigwema(?), between Mao Gate and Kohima, Nagaland","Kohima, August 22 2010: Fresh landslide has occurred between Mao Gate and Kohima on Saturday evening.  The landslide occurred near Kigwema but the authorities are clearing it on war-footing.","NH 39 at Kigwema(?), between Mao Gate and Kohima, Nagaland",10km,landslide,downpour,medium,unknown,0,0, , , ,GLC,2304,25.5718,94.1211,India,IN,Manipur,Sochumei,15.61,1396310400000.0,1606348800000,94.1211000000001,25.5718,2010-08-21 00:00:00+00:00,False,prox:51:188:4947
8336,ndtv,http://www.ndtv.com/article/cities/jammu-srinagar-national-highway-blocked-due-to-landslide-307089,4658,1355184000000.0, ,"Kashimir Valley, Jammu and kashmir","The 300-kilometre Jammu-Srinagar national highway, linking Kashmir Valley to rest of the country, was on Tuesday blocked due to major landslide in Ramban district. Over 200 vehicles were stranded on both sides of the route due to a major landslide trigge","Kashimir Valley, Jammu and kashmir",25km,mudslide,rain,medium,unknown,0,0, , , ,GLC,4658,32.9522,75.1533,India,IN,Jammu and Kashmir,Udhampur,4.23,1396310400000.0,1606348800000,75.1533000000001,32.9522000000001,2012-12-11 00:00:00+00:00,False,prox:65:150:5228
8350,beacononline.wordpress,http://beacononline.wordpress.com/2009/08/28/sikkim-landslides-at-17th-mile-%E2%80%93-the-bane-of-tourism/,1125,1251244800000.0, ,"17th Mile towards Tsomgo Lake, near Kyongsala, Sikkim",A major landslide at 17th Mile towards Tsomgo Lake has become a major factor of disappointment for the tourists visiting Sikkim. Almost all the tourists visiting Sikkim have expressed dissatisfaction for losing their chance to visit the famous high altit,"17th Mile towards Tsomgo Lake, near Kyongsala, Sikkim",25km,landslide,rain,medium,unknown,0,0, , , ,GLC,1125,27.3746,88.7648,India,IN,Sikkim,Xarsingma,16.84,1396310400000.0,1606348800000,88.7648000000001,27.3746,2009-08-26 00:00:00+00:00,False,prox:54:177:4827
8355,zeenews.india.com,http://zeenews.india.com/news/himachal-pradesh/five-of-family-buried-in-himachal-landslide_855569.html,4946,1371427200000.0, ,"Chagoan Village Near Tapri, 220 Km From The State Capital Shimla, Kinnaur District, Himachal Pradesh","Five members of a family, including three children, were buried early Monday when boulders fell on their house in Himachal Pradesh's Kinnaur district, police said. The entire Kinnaur district has been experiencing heavy rain for the past two days. Shiva","Chagoan Village Near Tapri, 220 Km From The State Capital Shimla, Kinnaur District, Himachal Pradesh",50km,landslide,downpour,medium,unknown,5,0, , , ,GLC,4946,31.6223,78.0193,India,IN,Himachal Pradesh,Oling,18.86,1396310400000.0,1606348800000,78.0193,31.6223000000001,2013-06-17 00:00:00+00:00,False,prox:63:156:5291
8362,www.nagalandpost.com,http://www.nagalandpost.com/ChannelNews/State/StateNews.aspx?news=TkVXUzEwMDA0MjY4Nw%3D%3D-bSp8jh3okxw%3D,5273,1375574400000.0, ,"Zhekuto, Nagaland","Incessant torrential rain, which began Sunday at around 11.30 p.m. has completely cut off Suruhuto town from the rest of the state. In a press release, NGZPMC joint secretary Hotoshe Sema said all three links connecting Zunheboto, Mokokchung and Tuensang","Zhekuto, Nagaland",5km,landslide,monsoon,medium,unknown,0,0, , , ,GLC,5273,26.1807,94.5497,India,IN,Nagaland,Nagaland,3.06,1396310400000.0,1606348800000,94.5497000000001,26.1807000000001,2013-08-04 00:00:00+00:00,False,prox:52:189:5307
8375,fullhyderabad,http://www.fullhyderabad.com/hyderabad-news/landslide-at-indrakeeladri-vijayawada-no-casualties-2016,2590,1286755200000.0,00:00,"ghat road of the Kanaka Durga temple, Vijayawada district","Though the Vijayawada district administration has taken preventive measures to check landslides on Indrakeeladri by strengthening the mesh, for the Dasara festivities, the rain that occurred on Monday midnight triggered off a landslide on the ghat road o","ghat road of the Kanaka Durga temple, Vijayawada district",1km,landslide,downpour,medium,unknown,0,0, , , ,GLC,2590,16.5141,80.6058,India,IN,Andhra Pradesh,Vijayawada,2.71,1396310400000.0,1606348800000,80.6058,16.5141,2010-10-11 00:00:00+00:00,False,prox:33:161:4964
8376,beacononline.wordpress,http://beacononline.wordpress.com/2009/08/21/darjeeling-hillssikkim-landslides-claim-five-in-hills/,1107,1250726400000.0, ,"Geetkolbong, Kalimpong sub-division, Darjeeling, West Bengal",Four-years-old Ashish Rai of Geetkolbong in Kalimpong sub-division was also killed by the landslide in that area.,"Geetkolbong, Kalimpong sub-division, Darjeeling, West Bengal",25km,landslide,continuous_rain,medium,unknown,1,0, , , ,GLC,1107,27.0736,88.4779,India,IN,West Bengal,Kalimpong,0.05,1396310400000.0,1606348800000,88.4779,27.0736000000001,2009-08-20 00:00:00+00:00,False,prox:54:176:4825
8383,Red Cross - Field reports,https://www-secure.ifrc.org/dmis/prepare/view_report.asp?ReportID=2987,149,1185753600000.0, ,Joshimath,Pipalkothi,Joshimath,50km,landslide,downpour,medium,unknown,0,0, , , ,GLC,149,30.557,79.56,India,IN,Uttaranchal,Joshimath,0.55,1396310400000.0,1606348800000,79.5600000000001,30.5570000000001,2007-07-30 00:00:00+00:00,False,prox:61:159:4574
8386,sify.com,http://sify.com/news/cloudburst-landslides-damage-houses-school-in-uttarakhand-village-news-national-ki0r4efiegh.html,2339,1282780800000.0,08:00,"Matak Mahari(?), near Dehradun, Uttarakhand","Aug 26 (ANI): Heavy downpours and landslides, triggered by a cloudburst, damaged over 50 houses and a school in Matak Majari village near Dehradun in Uttarakhand in the wee hours of Thursday.  Roads in the area were swept away and a bus fell into a gorge","Matak Mahari(?), near Dehradun, Uttarakhand",50km,landslide,downpour,medium,unknown,0,0, , , ,GLC,2339,30.365,78.0641,India,IN,Uttaranchal,Dehra Dun,3.77,1396310400000.0,1606348800000,78.0641000000001,30.3650000000001,2010-08-26 00:00:00+00:00,False,prox:60:156:4949
8387,gsi.gov,"http://www.portal.gsi.gov.in/portal/page?_pageid=127,875814&_dad=portal&_schema=PORTAL",2229,1281312000000.0, ,"Menagarh near Sukki on Rishikesh – Gangotri highway, Uttarakhand",Landslides between Dharasu and Nalupani near Uttarkashi and at Menagarh near Sukki on the same day blocked the Rishikesh – Gangotri highway.,"Menagarh near Sukki on Rishikesh – Gangotri highway, Uttarakhand",50km,landslide,downpour,medium,unknown,0,0, , , ,GLC,2229,30.5151,78.3684,India,IN,Uttaranchal,Chham,1.78,1396310400000.0,1606348800000,78.3684000000001,30.5151000000001,2010-08-09 00:00:00+00:00,False,prox:61:156:4943
8393,kashmirobserver,http://www.kashmirobserver.net/index.php?option=com_content&view=article&id=7442:downpour-disasters-kill-8-in-kashmir-scores-homeless&catid=15:top-news&Itemid=2,3374,1302998400000.0, ,"Khadpora(?), Kandi area(?) on the outskirts of the Baramulla town, Jammu and Kashmir","Four houses were destroyed in the Khadpora, Kandi area on the outskirts of the Baramulla town as the land beneath gave way due to heavy rains.   People in the vicinity have fled from the locality as more sinking was reported around the site.","Khadpora(?), Kandi area(?) on the outskirts of the Baramulla town, Jammu and Kashmir",10km,landslide,downpour,medium,unknown,0,0, , , ,GLC,3374,34.1802,74.2718,India,IN,Jammu and Kashmir,Baramula,8.07,1396310400000.0,1606348800000,74.2718,34.1802000000001,2011-04-17 00:00:00+00:00,False,prox:68:148:5027
8401,Odisha Sun Times,http://odishasuntimes.com/2015/09/16/landslide-paralyses-train-services-in-odishas-koraput/,8221,1442361600000.0, ,"Dumuriput, Odisha 764021, India", ,"Dumuriput, Odisha 764021, India",1km,landslide,downpour,medium,above_road,0,0, ,http://odishasuntimes.com/wp-content/uploads/2015/09/lanslide.jpg, ,GLC,8221,18.7828,82.7935,India,IN,Orissa,Korapet,9.18,1467676800000.0,1606348800000,82.7935000000001,18.7828000000001,2015-09-16 00:00:00+00:00,False,prox:37:165:5564
8416,tribuneindia,http://www.tribuneindia.com/2010/20100923/main1.htm,2459,1284854400000.0, ,"roads to Rani Khet(Ranikhet) and Jolle Kote(?), Uttarakhand",Incessant rains and resultant floods and landslides have badly affected adventure tourism with tourists cancelling bookings. Some tourists were still stranded in upper reaches of Himalayas like Gangotri and Manali as landslides have blocked national high,"roads to Rani Khet(Ranikhet) and Jolle Kote(?), Uttarakhand",50km,landslide,downpour,medium,unknown,0,0, , , ,GLC,2459,29.5477,79.3211,India,IN,Uttaranchal,Suni,6.99,1396310400000.0,1606348800000,79.3211000000001,29.5477000000001,2010-09-19 00:00:00+00:00,False,prox:59:158:4957
8420,sciencythoughts.blogspot.com,http://sciencythoughts.blogspot.com/2013/09/family-of-five-killed-by-landslide-in.html,5429,1377993600000.0,18:00,Tamabong Village In Sikkim State,"A family of five were all killed by a landslide that struck their home in Tamabong village in Sikkim State, northeast India, on the evening of Sunday 1 September 2013. The incident reportedly happened following heavy rains; landslides are a common proble",Tamabong Village In Sikkim State,50km,landslide,downpour,medium,unknown,5,0, , , ,GLC,5429,27.3425,88.2426,India,IN,Sikkim,Tista,19.57,1396310400000.0,1606348800000,88.2426000000001,27.3425,2013-09-01 00:00:00+00:00,False,prox:54:176:5316
8422,thehindu,http://www.thehindu.com/news/national/article3537166.ece,4403,1339286400000.0, ,"Imphal-Jiribam section of NH-37 , Manipur",Normal vehicular movement along Imphal-Jiribam section of NH-37 (former NH-53) has been disturbed Friday due to landslides at various places along the stretch of the highway in Tamenglong district.  Heavy rains in Tamenglong district of the state in the,"Imphal-Jiribam section of NH-37 , Manipur",50km,landslide,downpour,very_large,unknown,0,0, , , ,GLC,4403,24.8142,93.5444,India,IN,Manipur,Sempang,12.09,1396310400000.0,1606348800000,93.5444000000001,24.8142,2012-06-10 00:00:00+00:00,False,prox:49:187:5167
8424,thestatesman,"http://www.thestatesman.net/page.news.php?clid=10&theme=&usrsess=1&id=265477 ,",1110,1250726400000.0,20:00,"Kurseong, Darjeeling, West Bengal","The landslides damaged a number of houses in the Kurseong sub-division. According to the Kurseong sub-division relief officer, Mrs Aasha Mukhia Lama, 70 houses were partially damaged in the Mirik municipal area.Two persons were killed and 10 others were","Kurseong, Darjeeling, West Bengal",10km,landslide,continuous_rain,medium,urban,0,0, , , ,GLC,1110,26.88405686,88.28087032,India,IN,West Bengal,Kurseong,0.19,1396310400000.0,1606348800000,88.280870319,26.8840568570001,2009-08-20 00:00:00+00:00,False,prox:53:176:4825
8433,zeenews.india,http://zeenews.india.com/news/assam/road-between-silchar-guwahati-disrupted_781633.html,4408,1339545600000.0, ,"NH44, Kuliang","Road communication between Guwahati and Silchar has been disrupted following landslides due to heavy rainfall at five places, official sources said here on Wednesday.  Landslides occurred at five places between Malidhor and Kuliang area at Baleswar near","NH44, Kuliang",unknown,landslide,downpour,medium,unknown,0,0, , , ,GLC,4408,25.5498,92.0757,India,IN,Meghalaya,Wahjajer,9.17,1396310400000.0,1606348800000,92.0757,25.5498000000001,2012-06-13 00:00:00+00:00,False,prox:51:184:5168
8438,India Today,http://indiatoday.intoday.in/story/landslide-halts-konkan-railway-traffic-passengers-stranded/1/106731.html,2145,1280102400000.0, ,"Nivsar, Maharashtra",This is the third time in the last five days that landslides have blocked the track. Thousands of passengers were stranded on Monday as traffic on the Konkan Railway route halted completely after a major landslide blocked the tracks near Ratnagiri.  Heav,"Nivsar, Maharashtra",5km,landslide,downpour,medium,above_road,0,0, , , ,GLC,2145,16.94057232,73.46476377,India,IN,Maharashtra,Lanja,13.38,1396310400000.0,1606348800000,73.4647637740001,16.9405723190001,2010-07-26 00:00:00+00:00,False,prox:33:146:4938
8441,ibnlive.in,http://ibnlive.in.com/news/man-dies-in-landslide-wife-missing/194126-60-116.html,4019,1318809600000.0, ,"Vannappuram, Kerala,","One person was killed and another missing in a landslide that occurred at Vedikkavala, near Mullaringad, in Vannappuram grama panchayat, in Idukki district on Monday evening. The deceased has been identified as Thuruthel Thomas, 55. His wife Annamma,","Vannappuram, Kerala,",5km,landslide,downpour,medium,unknown,1,0, , , ,GLC,4019,9.9903,76.7898,India,IN,Kerala,Muvattupula,23.69,1396310400000.0,1606348800000,76.7898000000001,9.99030000000004,2011-10-17 00:00:00+00:00,False,prox:19:153:5088
8442,Zee News,http://zeenews.india.com/news/north-east/eight-die-of-landslide-in-east-khasi-hills_1474744.html,6290,1411430400000.0,03:00,Mawbah under Mawprem area,"Eight persons including a pregnant woman were buried alive under the debris after a massive landslide occurred in Mawbah under Mawprem area in Meghalaya's East Khasi Hills District, officials said.",Mawbah under Mawprem area,5km,landslide,continuous_rain,small,urban,8,1, , , ,GLC,6290,25.5772,91.8666,India,IN,Meghalaya,Rangshken,17.82,1413849600000.0,1606348800000,91.8666,25.5772000000001,2014-09-23 00:00:00+00:00,False,prox:51:183:5445
8445,Business Standard,http://www.business-standard.com/article/news-ani/school-building-damaged-due-to-landslide-in-jammu-114092600687_1.html,6263,1411689600000.0, ,Surankote in Jammu and Kashmir,A school building was damaged on Friday due to a landslide in Surankote in Jammu and Kashmir.,Surankote in Jammu and Kashmir,unknown,landslide,continuous_rain,medium,unknown,0,0, , , ,GLC,6263,33.0365,74.4889,India,IN,Jammu and Kashmir,Dhangar,20.02,1413504000000.0,1606348800000,74.4889000000001,33.0365000000001,2014-09-26 00:00:00+00:00,False,prox:66:148:5446
8465,economictimes.indiatimes,http://economictimes.indiatimes.com/News/Leh-toll-145-cloudburst-in-Kargil-town/articleshow/6282200.cms,2213,1281052800000.0,00:00,"Choglamsar(Choklamsar) village, Jammu and Kashmir","This village was the hardest hit.The cloudburst occurred at Choglamsar village, which is situated above Leh town, causing flash floods and mudslides that washed away government offices, paramilitary camps and residential homes. ""Speaking to TOI on phone","Choglamsar(Choklamsar) village, Jammu and Kashmir",5km,mudslide,downpour,very_large,unknown,0,0, , , ,GLC,2213,34.1114,77.5874,India,IN,Jammu and Kashmir,Leh,4.47,1410393600000.0,1606348800000,77.5874000000001,34.1114000000001,2010-08-06 00:00:00+00:00,False,prox:68:155:4942
8487,greaterkashmir,http://www.greaterkashmir.com/news/2011/Aug/13/monsoon-remains-active-in-northern-india-claims-11-lives-45.asp,3914,1313107200000.0, ,Uttarakhand and the Uttar Pradesh,"New Delhi, Aug 12: At least 11 persons were killed in rain-related incidents today as a reinvigorated monsoon in northern India led to landslides in Uttarakhand and spate in rivers of Uttar Pradesh.  Delhiites were drenched today as the past 24 hours end",Uttarakhand and the Uttar Pradesh,unknown,landslide,rain,large,unknown,11,0, , , ,GLC,3914,28.8665,79.5682,India,IN,Uttaranchal,Baheri,12.62,1396310400000.0,1606348800000,79.5682,28.8665,2011-08-12 00:00:00+00:00,False,prox:57:159:5066
8494,kanglaonline.com,http://www.kanglaonline.com/index.php?template=headline&newsid=39138&typeid=2,220,1188518400000.0, ,"Velnal village, Tamei sub-division and Toribari village (3 kilometer toward Tamei from Kangpokpi)","multiple events occurring over 3 days, isolated 70 villages along IT roadway","Velnal village, Tamei sub-division and Toribari village (3 kilometer toward Tamei from Kangpokpi)",25km,landslide,rain,medium,unknown,0,0, , , ,GLC,220,25.1333,93.9667,India,IN,Manipur,Kalapahar,1.86,1396310400000.0,1606348800000,93.9667000000001,25.1333000000001,2007-08-31 00:00:00+00:00,False,prox:50:187:4585
8499,zeenews.india,http://zeenews.india.com/news/assam/road-between-silchar-guwahati-disrupted_781633.html,4407,1339545600000.0, ,"NH44, Malidhor area,  Baleswar","Road communication between Guwahati and Silchar has been disrupted following landslides due to heavy rainfall at five places, official sources said here on Wednesday.  Landslides occurred at five places between Malidhor and Kuliang area at Baleswar near","NH44, Malidhor area,  Baleswar",50km,landslide,downpour,medium,unknown,0,0, , , ,GLC,4407,25.0951,92.3567,India,IN,Meghalaya,Chargram,13.56,1396310400000.0,1606348800000,92.3567,25.0951000000001,2012-06-13 00:00:00+00:00,False,prox:50:184:5168
8508,himvani,http://www.himvani.com/news/2010/07/07/himachal-rivers-in-spate-nh-21-and-manali-keylong-road-blocked/5858/,2051,1278460800000.0, ,"upper Shimla, Himachal Pradesh","Following inclement weather conditions, a high alert has been sounded in Himachal Pradesh as most rivers and their tributaries are flowing above the danger mark after heavy rains.  A report from Lahaul-Spiti stated that Manali-Keylong road has been block","upper Shimla, Himachal Pradesh",5km,landslide,downpour,medium,unknown,0,0, , , ,GLC,2051,31.1011,77.1793,India,IN,Himachal Pradesh,Simla,10.46,1396310400000.0,1606348800000,77.1793000000001,31.1011,2010-07-07 00:00:00+00:00,False,prox:62:154:4932
8514,The Sangai Express,http://www.thesangaiexpress.com/page/items/54212/massive-landslide-along-maram-peren-road-downpour-creates-havoc-in-different-parts,7265,1437523200000.0, ,Willong-Yangkhullen stretch,Torrential rain in the last many days has created havoc in many places of Senapati district.  Reports collected from different areas of the district said that massive landslide along the newly christened National Highway-102/A (Maram Peren road) has tota,Willong-Yangkhullen stretch,5km,landslide,continuous_rain,medium,above_road,0,0, , , ,GLC,7265,25.5007,93.9854,India,IN,Manipur,Sochumei,25.42,1437609600000.0,1606348800000,93.9854000000001,25.5007,2015-07-22 00:00:00+00:00,False,prox:51:187:5546
8537,Zee News,http://zeenews.india.com/uttarakhand/landslide-in-uttarakhand-kills-five-2021753.html?pfrom=article-next-story,10006,1499212800000.0, ,Fatal landslide crushes car,"Landslide crushes car on Dharchula-Twaghat motorway, kills 5 and injures some (unknown amount of people injured)","Ghatghola (??), Uttarakhand State, India",10km,landslide,rain,medium,above_road,5,0, , ,Date is approximate as article is sparse,GLC, ,29.88884727,80.56522226,India,IN,Uttaranchal,Sobala,20.74,1499299200000.0,1606348800000,80.5652222580001,29.888847269,2017-07-05 00:00:00+00:00,False,prox:59:161:5784
8540,Times of India,http://articles.timesofindia.indiatimes.com/2011-08-08/india/29863818_1_chandigarh-manali-manali-highway-landslides,3884,1312588800000.0,22:00,Manali highway near Hanogi temple in Mandi,Landslides triggered by incessant rains in Mandi district of Himachal Pradesh blocked Pathankot-Mandi and Chandigarh-Manali national highways for many hours on Sunday.  A massive landslide in Gumma on Pathankot-Mandi national highway No 20 blocked the ro,Manali highway near Hanogi temple in Mandi,5km,landslide,continuous_rain,medium,above_road,0,0, , , ,GLC,3884,31.69137979,77.13222306,India,IN,Himachal Pradesh,Pandoh,7.45,1396310400000.0,1606348800000,77.132223055,31.691379791,2011-08-06 00:00:00+00:00,False,prox:63:154:5064
8549,business-standard,http://www.business-standard.com/generalnews/news/youth-killed-in-landslide-in-reasi/46141/,4501,1345420800000.0, ,"Reasi, kashmir","A youth was killed in a landslide triggered by heavy rains in Reasi district of Jammu and Kashmir, officials said today. The incident occurred late last night when the debris fell on a tempo traveller on Katra-Reasi road, they said. Seven others in the v","Reasi, kashmir",1km,landslide,downpour,medium,unknown,1,0, , , ,GLC,4501,33.0829,74.8333,India,IN,Jammu and Kashmir,Riasi,0.49,1396310400000.0,1606348800000,74.8333000000001,33.0829,2012-08-20 00:00:00+00:00,False,prox:66:149:5190
8563,m.newshunt,http://m.newshunt.com/Malayala+Manorama+(English)/Kerala+/15995307,4483,1345161600000.0,16:00,"Paingottoor, kerala,",Kothamangalam: Two persons were killed and four others went missing as landslide swept several houses in Paingottoor near here Friday. The deceased have been identified as Narayanan (55) and Ouseph. Narayanan died of stroke as he witnessed the devastatin,"Paingottoor, kerala,",5km,landslide,downpour,medium,unknown,2,0, , , ,GLC,4483,10.007,76.7105,India,IN,Kerala,Muvattupula,15.26,1396310400000.0,1606348800000,76.7105000000001,10.0070000000001,2012-08-17 00:00:00+00:00,False,prox:20:153:5189
8586,sindhtoday,http://www.sindhtoday.net/south-asia/10242.htm,697,1218153600000.0, ,"Barog, Shimla; Chandigarh-Shimla national highway","Heavy rains triggered landslides in Barog area, where four houses collapsed","Barog, Shimla; Chandigarh-Shimla national highway",25km,landslide,rain,medium,unknown,0,0, , , ,GLC,697,31.13,77.09,India,IN,Himachal Pradesh,Simla,5.99,1396310400000.0,1606348800000,77.09,31.13,2008-08-08 00:00:00+00:00,False,prox:62:154:4699
8590,Daily News and Analysis,http://www.dnaindia.com/india/report_j-and-k-highway-closed-for-traffic-due-to-landslide_1521969,3251,1300492800000.0, ,"Jammu-Srinagar hwy, Panthal, Ramban, Jammu and Kashmir","Mar 19, 2011, 18:02 IST   he Jammu-Srinagar National Highway, which is the only surface link between Kashmir and rest of the country, was closed for vehicular traffic today due to a landslide triggered by heavy rains in Ramban district of Jammu & Kashmir","Jammu-Srinagar hwy, Panthal, Ramban, Jammu and Kashmir",25km,landslide,downpour,medium,above_road,0,0, , , ,GLC,3251,33.3390327,75.1916877,India,IN,Jammu and Kashmir,Gund,10.56,1396310400000.0,1606348800000,75.191687695,33.339032699,2011-03-19 00:00:00+00:00,False,prox:66:150:5017
8605,ndtv,http://www.ndtv.com/article/india/four-die-in-landslides-in-uttarakhand-gangotri-rishikesh-highway-blocked-256310,4487,1345161600000.0, ,"Gangotri-Rishikesh hwy, Uttarakhand (mid-point of road -exact location unknown)","The landslides occurred due to heavy overnight rains in the area. Meanwhile, the Gangotri-Rishikesh highway was again blocked due to landslides some places, officials here said.Rains continued to lash several parts of the hill state during the past 24 ho","Gangotri-Rishikesh hwy, Uttarakhand (mid-point of road -exact location unknown)",25km,landslide,downpour,medium,unknown,0,0, , , ,GLC,4487,30.6179,78.3233,India,IN,Uttaranchal,Chham,10.79,1396310400000.0,1606348800000,78.3233000000001,30.6179000000001,2012-08-17 00:00:00+00:00,False,prox:61:156:5189
8617,Kashmir Images,http://dailykashmirimages.com/Details/113156/landslides-blocks-jammu-srinagar-highway-for-3-hours,8744,1466467200000.0, ,"Jammu-Srinagar national highway at Samroli, India","The Jammu-Srinagar national highway was today closed for vehicular movement for over three hours due to landslides triggered by heavy rains in Udhampur district.  ""The landslide triggered by heavy rains blocked the highway at Samroli today"", a police off","Jammu-Srinagar national highway at Samroli, India",1km,landslide,downpour,medium,above_road,0,0, ,http://www.dailykashmirimages.com/upload_images/upload_images_articles/3d3eabb3-35db-4b89-b117-a46cbb0ef1f0.JPG, ,GLC,8744,32.99,75.1892,India,IN,Jammu and Kashmir,Udhampur,9.57,1467936000000.0,1606348800000,75.1892000000001,32.9900000000001,2016-06-21 00:00:00+00:00,False,prox:65:150:5657
8630,business-standard,http://www.business-standard.com/generalnews/news/landslides-block-several-roads-in-south-sikkim-district/57119/,4556,1347753600000.0, ,"Namchi to Phongla, Namchi to Melli ,Namchi to Sumbuk","Landslides caused by heavy rainfall has blocked several roads in the South district of Sikkim, official sources said today. The road from Namchi to Phongla, Namchi to Melli and Namchi to Sumbuk were blocked due to landslides, as were the roads from Phong","Namchi to Phongla, Namchi to Melli ,Namchi to Sumbuk",5km,landslide,downpour,medium,unknown,0,0, , , ,GLC,4556,27.1675,88.3651,India,IN,Sikkim,Kalimpong,15.25,1396310400000.0,1606348800000,88.3651,27.1675000000001,2012-09-16 00:00:00+00:00,False,prox:54:176:5199
8638,washingtonexaminer,http://www.washingtonexaminer.com/world/cyclone-laila-slams-into-southeastern-india-causing-power-outages-landslides-23-killed-94558619.html,1884,1274313600000.0,23:00,Vijaywada(Vijayawada),"The death toll from a powerful cyclone that slammed into southeastern India, toppling power lines and triggering landslides, has climbed to 23, a top official said Friday.  The latest deaths included four people killed in a landslide near the city of Vij",Vijaywada(Vijayawada),25km,landslide,tropical_cyclone,medium,unknown,4,0,Cyclone Laila, , ,GLC,1884,16.5121,80.6296,India,IN,Andhra Pradesh,Vijayawada,0.19,1396310400000.0,1606348800000,80.6296,16.5121,2010-05-20 00:00:00+00:00,False,named:cyclone laila
8641,The Hindu,http://www.thehindu.com/news/national/karnataka/landslide-stops-train-in-its-tracks/article6275591.ece,6188,1406937600000.0,09:00,"Thiruvankulam, Kerala","Passengers of the Mangalore-Bangalore day train had to alight as there was a landslide in the Sakleshpur-Subrahmanya ghat section on Saturday morning. The Railways arranged for buses to take the passengers to Bangalore. Rajkumar Lal, Divisional Railway M","Thiruvankulam, Kerala",50km,landslide,continuous_rain,small,above_road,0,0, , , ,GLC,6188,9.9431,76.3738,India,IN,Kerala,Tripunittura,2.46,1408838400000.0,1606348800000,76.3738000000001,9.94310000000007,2014-08-02 00:00:00+00:00,False,prox:19:152:5428
8646,United Nations Development Programme - Relief Web,http://www.reliefweb.int/rw/RWB.NSF/db900SID/MCON-74J2QF?OpenDocument,102,1182729600000.0, ,Kurnool,United Nations Development Programme - Relief Web,Kurnool,25km,landslide,rain,medium,unknown,0,0, , , ,GLC,102,15.8294,78.0501,India,IN,Andhra Pradesh,Kurnool,1.29,1396310400000.0,1606348800000,78.0501,15.8294000000001,2007-06-25 00:00:00+00:00,False,prox:31:156:4563
8650,expressindia,http://www.expressindia.com/latest-news/heavy-rain-disrupts-life-across-state/363742/,798,1221782400000.0, ,"NH 22, Kinnaur district",NH 22 was blocked at various points due to landslides beyond Wangtoo and the road leading to Pooh sub-division was cut off for vehicular traffic near Spillo,"NH 22, Kinnaur district",50km,landslide,downpour,medium,unknown,0,0, , , ,GLC,798,31.587,78.315,India,IN,Himachal Pradesh,Oling,17.2,1396310400000.0,1606348800000,78.3150000000001,31.587,2008-09-19 00:00:00+00:00,False,prox:63:156:4713
8654,The Times of India,http://timesofindia.indiatimes.com/india/Darjeeling-landslides-kill-20/articleshow/47891729.cms,7037,1435708800000.0, ,Kurseong,"According to a report with boulders and rocks covering the main road in Kurseong, at Khahare Khola, the access to Siliguri via NH 55 is cut off.",Kurseong,5km,landslide,downpour,medium,unknown,0,0, , , ,GLC,7037,26.8811,88.2779,India,IN,West Bengal,Kurseong,0.34,1446681600000.0,1606348800000,88.2779,26.8811000000001,2015-07-01 00:00:00+00:00,False,prox:53:176:5539
8671,kashmirobserver,http://www.kashmirobserver.net/index.php?option=com_content&view=article&id=4240:highway-closed-for-4th-day&catid=3:regional-news&Itemid=4,1475,1265414400000.0, ,"Srinagar-Jammu highway near Asar, Doda and Kishtwar districts","With bad weather hampering road-clearing operations, the Srinagar-Jammu Highway remained closed for traffic for the fourth day running on Tuesday. The highway, the only surface link between Kashmir and the rest of the country, had been closed on Saturday","Srinagar-Jammu highway near Asar, Doda and Kishtwar districts",25km,landslide,downpour,medium,unknown,0,0, , , ,GLC,1475,33.1595,75.8011,India,IN,Jammu and Kashmir,Shandero,6.06,1410739200000.0,1606348800000,75.8011000000001,33.1595,2010-02-06 00:00:00+00:00,False,prox:66:151:4882
8675,Nagaland Post,http://www.nagalandpost.com/channelnews/State/StateNews.aspx?news=TkVXUzEwMDA4NDc2Mg%3D%3D,7660,1439337600000.0, ,Phesama village,"Speaking to Nagaland Post after examining the soil at the mountain, senior geologist from Nagaland State Disaster Management Authority (NSDMA) home department, Kekhrie Zavi, said it was found that the soil contained a mixture of sand, clay and sticky mud",Phesama village,5km,mudslide,continuous_rain,medium,below_road,0,0, ,http://www.nagalandpost.com/cms/newsimages/HKSYOEMCRGVHPPUGOTKX_resize.jpg, ,GLC,7660,25.6237,94.1136,India,IN,Nagaland,Sochumei,20.36,1461801600000.0,1606348800000,94.1136000000001,25.6237,2015-08-12 00:00:00+00:00,False,prox:51:188:5553
8678,articles.timesofindia,http://articles.timesofindia.indiatimes.com/2012-07-07/india/32576835_1_water-logging-nullahs-dirty-water,4447,1341446400000.0, ,"Dhalli, Himachal Pradesh","The downpour on Thursday brought in problems of landslides, water logging in houses and uprooting of trees. Traffic on Sanjauli -Indira Gandhi Medical College came to a standstill due to uprooting of trees and five vehicles were damaged at Dhalli due to","Dhalli, Himachal Pradesh",5km,landslide,downpour,medium,unknown,0,0, , , ,GLC,4447,31.1066,77.209,India,IN,Himachal Pradesh,Simla,13.36,1396310400000.0,1606348800000,77.2090000000001,31.1066000000001,2012-07-05 00:00:00+00:00,False,prox:62:154:5175
8679,alertnet,http://www.alertnet.org/thenews/fromthefield/222031/128136284695.htm,2211,1281052800000.0,00:00,"Ney village, Ladakh, Jammu and Kashmir","On the night of 5th and 6th August 2010, between 00:00 hrs and 00:30 hrs, intensive rainfall followed by massive cloudburst in high altitude terrain of Leh (3505m), triggered numerous debris flows, mud flows (earth spreads) and sand flows. These widespre","Ney village, Ladakh, Jammu and Kashmir",5km,landslide,downpour,large,unknown,0,0, , , ,GLC,2211,34.3061,77.3265,India,IN,Jammu and Kashmir,Ladakh Range,10.12,1410739200000.0,1606348800000,77.3265000000001,34.3061000000001,2010-08-06 00:00:00+00:00,False,prox:68:154:4942
8682,pardaphash,http://www.pardaphash.com/news/maharashtra-3-killed-in-highway-landslide/693495.html#.UO-aueQ81s4,4423,1340150400000.0,18:00,"Hwy 123, Badnera, Maharashtra,","On Wednesday evening, a landslide on the Amravati-Mumbai national highway near Badnera killed 3 laborers from Orissa and Chhattisgarh in this district. Highway police informed that the labourers were working on a project to four-lane the Badnera bypass s","Hwy 123, Badnera, Maharashtra,",10km,landslide,downpour,large,unknown,3,0, , , ,GLC,4423,20.855,77.7274,India,IN,Maharashtra,Badnera,0.13,1396310400000.0,1606348800000,77.7274,20.8550000000001,2012-06-20 00:00:00+00:00,False,prox:41:155:5170
8685,Himalayan Times,http://ibnlive.in.com/generalnewsfeed/news/landslides-block-roads-in-kathua/803150.html,6567,1314403200000.0, ,Basohli-Bani road,"Landslides, triggered by heavy rains, today blocked Kathua-Billawar and Basohli-Bani roads in Kathua district of Jammu and Kashmir. Several vehicles were stranded on the roads as the Bani mountainous belt was cut off from rest of the town due to landslid",Basohli-Bani road,50km,landslide,downpour,medium,above_road,0,0, , , ,GLC,6567,32.5764,75.8466,India,IN,Jammu and Kashmir,Chamba,26.32,1418860800000.0,1606348800000,75.8466000000001,32.5764,2011-08-27 00:00:00+00:00,False,prox:65:151:5071
8696,Landslide Blog,http://blogs.agu.org/landslideblog/2012/07/28/a-landslide-is-rapidly-destroying-a-world-heritage-site-in-india/,6783,1342656000000.0, ,Tindharia railway maintenance shed,"Unfortunately, on 19th-20th July 2012, the Tindharia landslide reactivated considerably during a heavy monsoon rainstorm, and has now removed both a substantial section of track and started to damage the walls of the shed.  Save the Hills has an image of",Tindharia railway maintenance shed,exact,landslide,monsoon,medium,below_road,0,0, ,http://blogs.agu.org/landslideblog/files/2012/07/12_07-DHR-5.jpg, ,GLC,6783,26.8546,88.3373,India,IN,West Bengal,Kurseong,6.65,1424217600000.0,1606348800000,88.3373000000001,26.8546000000001,2012-07-19 00:00:00+00:00,False,prox:53:176:5180
8705,thehindu,http://www.thehindu.com/news/states/other-states/article842627.ece,2645,1287619200000.0,23:00,"Tikri village(?) near LoC, Uri sector, Baramulla district, Jammu and Kashmir","Three Army personnel, including a captain, who had laid an ambush near the LoC to check infiltration were killed in a landslide triggered by heavy rains in Uri sector of Baramulla district, official sources said today.  The troops of Sikh Light Infantry","Tikri village(?) near LoC, Uri sector, Baramulla district, Jammu and Kashmir",25km,landslide,downpour,medium,unknown,3,0, , , ,GLC,2645,34.0887,74.0227,India,IN,Jammu and Kashmir,Uri,2.35,1396310400000.0,1606348800000,74.0227,34.0887000000001,2010-10-21 00:00:00+00:00,False,prox:68:148:4967
8716,Samaya,http://odishasamaya.com/news/mudslide-killed-3-people-jk,6872,1426377600000.0, ,Poonch district,"“A 42-year-old man was killed after he was buried under a mudslide in Poonch district. Efforts to save him proved futile. The body was, however, recovered and handed over to relatives.”",Poonch district,25km,mudslide,rain,medium,unknown,1,0, , , ,GLC,6872,33.7732,74.1011,India,IN,Jammu and Kashmir,Punch,0.87,1427414400000.0,1606348800000,74.1011,33.7732,2015-03-15 00:00:00+00:00,False,prox:67:148:5503
8721,Daiji World,http://www.daijiworld.com/news/news_disp.asp?n_id=80203&n_tit=Mangalore%3A+Another+Landslide+Throws+Train+Traffic+Out+of+Gear,2022,1277596800000.0,23:00,"again on tracks near Kulshekar, Mangalore","As another landslide near Kulshekhar in the city blocked the railway tracks on the night of Sunday June 27, train traffic has been suspended again till Wednesday. The train traffic that had been allowed since Sunday evening was suspended again after the","again on tracks near Kulshekar, Mangalore",5km,landslide,downpour,medium,above_road,0,0, , , ,GLC,2022,12.89307458,74.88567317,India,IN,Karnataka,Mangalore,5.34,1396310400000.0,1606348800000,74.8856731720001,12.8930745760001,2010-06-27 00:00:00+00:00,False,prox:25:149:4929
8727,Hindu,http://www.thehindu.com/news/national/other-states/life-remains-hit-in-darjeeling-hills/article9222389.ece,9618,1476489600000.0, ,Kalijhora,"Senior officials of Alipurduar and Darjeeling Hills district said with boulders still blocking the road at Kalijhora and Raktikhola, vehicles were being diverted through Panighata via Hillcart Road even though some parts of the road was in bad shape.",Kalijhora,1km,rock_fall,downpour,small,above_road,0,0, , , ,GLC,9618,26.9343,88.4486,India,IN,West Bengal,Kalimpong,15.75,1476835200000.0,1606348800000,88.4486000000001,26.9343000000001,2016-10-15 00:00:00+00:00,False,prox:53:176:5696
8741,english.samaylive,http://english.samaylive.com/regional-news/others-news/676490549/flash-floods-in-arunachal-pradesh.html,3789,1310774400000.0, ,Mebua (8 km from Seppa),Landslides triggered by torrential rain during the past couple of days have thrown life out of gear in many parts of Arunachal Pradesh disrupting surface communication and water supply.    The Bameng-Chayang Tajo road in East Kameng district has been sna,Mebua (8 km from Seppa),10km,landslide,downpour,medium,unknown,0,0, , , ,GLC,3789,27.2743,92.9064,India,IN,Arunachal Pradesh,Rang,15.31,1396310400000.0,1606348800000,92.9064000000001,27.2743,2011-07-16 00:00:00+00:00,False,prox:54:185:5057
8747,www.ndtv.com,http://www.ndtv.com/article/india/seven-dead-in-landslide-in-odisha-coal-mine-403886,5309,1376092800000.0,10:00,A Coal Mine In Sundergarh District Of Odisha,"A landslide in a coal mine in Sundergarh district of Odisha today killed at least seven people and injured two others. According to local media reports, at least 20 more are missing due to the landslide that occurred at about 10 am near an open cast mine",A Coal Mine In Sundergarh District Of Odisha,25km,landslide,downpour,medium,unknown,7,2, , , ,GLC,5309,21.786,83.8847,India,IN,Orissa,Jharsuguda,16.0,1396310400000.0,1606348800000,83.8847000000001,21.7860000000001,2013-08-10 00:00:00+00:00,False,prox:43:167:5309
8748,dailypioneer,http://www.dailypioneer.com/284337/65-killed-in-flash-floods-landslides.html,2445,1284768000000.0, ,"near Devprayag, Rishikesh-Badrinath hwy,",About 150 vehicles of pilgrims have been stranded near Devprayag on the Rishikesh-Badrinath highway. The administration distributed biscuits to those stranded on the road without food and water for two days.,"near Devprayag, Rishikesh-Badrinath hwy,",10km,landslide,downpour,medium,unknown,0,0, , , ,GLC,2445,30.1454,78.6007,India,IN,Uttaranchal,Alaknanda,16.17,1396310400000.0,1606348800000,78.6007000000001,30.1454,2010-09-18 00:00:00+00:00,False,prox:60:157:4956
8749,post.jagran.com,http://post.jagran.com/fresh-landslides-hit-1374126579,5129,1374105600000.0, ,"Chamoli District, Uttarakhand","More than 60 families were shifted to safer places in Chamoli district of Uttarakhand after heavy rains lashed several areas, resulting in landslides. The families were moved out of six villages in Chamoli district on the directions of District Magistrat","Chamoli District, Uttarakhand",1km,landslide,downpour,medium,unknown,0,0, , , ,GLC,5129,30.4043,79.3308,India,IN,Uttaranchal,Langsu,12.59,1396310400000.0,1606348800000,79.3308000000001,30.4043,2013-07-18 00:00:00+00:00,False,prox:60:158:5301
8757,travel.aol.co.uk,http://travel.aol.co.uk/2013/10/15/british-pensioner-killed-landslide-climbing-mountain-himalayas/,5598,1381449600000.0,15:00,"Shetidhar Peak, Himachal Pradesh","A British pensioner has died in a landslide after climbing a mountain in the Himalayas. Alan Slater, 67, from Walton, Liverpool, was killed after conquering the 17,100ft Shetidhar peak on Friday. He was an experienced climber, starting at the age of 17,","Shetidhar Peak, Himachal Pradesh",5km,landslide,downpour,medium,unknown,3,0, , , ,GLC,5598,32.3665,77.0857,India,IN,Himachal Pradesh,Chandra,17.29,1396310400000.0,1606348800000,77.0857,32.3665,2013-10-11 00:00:00+00:00,False,prox:64:154:5329
8759,kanglaonline.com,http://www.kanglaonline.com/index.php?template=headline&newsid=39218&typeid=2,247,1189209600000.0, ,"Lower Shajouba village near Tadubi along NH 39, Manipur","occurred along NH 39, unsure of exact location","Lower Shajouba village near Tadubi along NH 39, Manipur",50km,landslide,rain,medium,unknown,0,0, , , ,GLC,247,25.0604,93.9877,India,IN,Manipur,Kalapahar,7.19,1396310400000.0,1606348800000,93.9877000000001,25.0604000000001,2007-09-08 00:00:00+00:00,False,prox:50:187:4588
8761,greaterkashmir,http://www.greaterkashmir.com/news/2012/Sep/18/highway-closed-due-to-landslide-43.asp,4559,1347840000000.0, ,"Srinagar-Jammu Hwy, between Sheeri and Banihal,  Jammu and Kashmir(midpoint)",The 300-km Srinagar-Jammu highway was today blocked due to landslide triggered by heavy rains in Ramban district.,"Srinagar-Jammu Hwy, between Sheeri and Banihal,  Jammu and Kashmir(midpoint)",unknown,landslide,downpour,medium,unknown,0,0, , , ,GLC,4559,33.9639,74.9597,India,IN,Jammu and Kashmir,Awantipura,7.42,1396310400000.0,1606348800000,74.9597000000001,33.9639,2012-09-17 00:00:00+00:00,False,prox:67:149:5200
8773,Assam Times,http://www.assamtimes.org/node/11181,6110,1403827200000.0, ,"Bhangagarh, Assam","Over 50 people had a narrow escape in Guwahati when 13 houses collapsed in landslide on Saturday. The incident took place in the morning at Kharghuli hilltop where 13 houses were damaged in landslide. The people inside the houses, who were remaining aler","Bhangagarh, Assam",exact,landslide,rain,small,unknown,3,0, , , ,GLC,6110,26.1619,91.7697,India,IN,Assam,Gauhati,3.02,1408838400000.0,1606348800000,91.7697000000001,26.1619000000001,2014-06-27 00:00:00+00:00,False,prox:52:183:5416
8783,www.thehindubusinessline.com,http://www.thehindubusinessline.com/news/rains-trigger-cloudburst-landslides-in-uttarakhand/article4948408.ece,5184,1374624000000.0, ,"Sunali, Uttarakhand","Fresh incidents of cloudburst, landslides and house collapses were reported in Uttarakhand after moderate to heavy rains lashed the State. Cloudburst was reported from Sunali village of UttarakhandÕs Chamoli district this morning. However, there was no","Sunali, Uttarakhand",1km,landslide,downpour,medium,unknown,0,0, , , ,GLC,5184,30.9058,78.0906,India,IN,Uttaranchal,Deoban,27.36,1396310400000.0,1606348800000,78.0906000000001,30.9058,2013-07-24 00:00:00+00:00,False,prox:61:156:5303
8799,morungexpress,http://www.morungexpress.com/regional/1615.html,714,1218672000000.0, ,"Kimin-Ziro road in Papum Pare district, road between Doimukh and Sagalee, Doimukh-Hoj road; Arunachal Pradesh",landslides triggered in various parts of Arunachal Pradesh,"Kimin-Ziro road in Papum Pare district, road between Doimukh and Sagalee, Doimukh-Hoj road; Arunachal Pradesh",50km,landslide,rain,medium,unknown,0,0, , , ,GLC,714,27.163,94.0,India,IN,Assam,North Lakhimpur,13.46,1396310400000.0,1606348800000,94.0,27.1630000000001,2008-08-14 00:00:00+00:00,False,prox:54:188:4701
8801,ibnlive.in,http://ibnlive.in.com/news/crops-worth-rs-185-lakh-destroyed-in-idukki/156739-60-116.html,3567,1306972800000.0, ,"Peermade(Pīrmed), Idukki district, Kerala","Jun 05, 2011 at 12:04pm IST  KATTAPPANA: The heavy rain which has been lashing the district for the last several days has caused heavy damage to crops and property. According to the Agriculture Department sources, crops worth Rs 18.5 lakh in 150 hectares","Peermade(Pīrmed), Idukki district, Kerala",10km,landslide,downpour,medium,unknown,0,0, , , ,GLC,3567,9.5207,77.0198,India,IN,Kerala,Periyar Lake,13.32,1396310400000.0,1606348800000,77.0198,9.52070000000001,2011-06-02 00:00:00+00:00,False,prox:19:154:5042
8803,Tribune India.com,http://www.tribuneindia.com/2007/20070313/j&k.htm#2,35,1173657600000.0, ,Jammu-Srinagar highway,"2 killed, 4000 stranded, hwy remained closed for more than a week; relief and rescue efforts were hampered by the stranded cars on the hwy.",Jammu-Srinagar highway,50km,landslide,rain,medium,unknown,2,0, , , ,GLC,35,34.0935,74.9112,India,IN,Jammu and Kashmir,Pampur,5.73,1396310400000.0,1606348800000,74.9112000000001,34.0935000000001,2007-03-12 00:00:00+00:00,False,prox:68:149:4528
8806,www.asianage.com,http://www.asianage.com/mumbai/3-killed-2-hurt-landslide-272,4947,1371513600000.0,10:00,"Sainath Stone Quarry, Rikunda Village, Turbhe, Navi Mumbai, Maharashtra","Three persons died and two others were injured in a landslide at a stone quarry at Turbhe in Navi Mumbai on Tuesday morning. While the police first registered a case of accidental death, they booked a person in charge of quarry operations for negligence","Sainath Stone Quarry, Rikunda Village, Turbhe, Navi Mumbai, Maharashtra",5km,landslide,continuous_rain,medium,unknown,3,2, , , ,GLC,4947,19.0811,73.0226,India,IN,Maharashtra,Trombay,10.58,1410307200000.0,1606348800000,73.0226000000001,19.0811,2013-06-18 00:00:00+00:00,False,prox:38:146:5291
8809,Telegraph India,http://www.telegraphindia.com/1110620/jsp/frontpage/story_14134589.jsp,3632,1308528000000.0,20:00,"Birik on NH31A, Kalimpong","In Kalimpong town, power was disrupted from around 10.30am this morning. Despite the rains no major landslides were reported from across the hills. “There have been a number of small landslips in various places but no casualties have been reported till","Birik on NH31A, Kalimpong",5km,landslide,rain,medium,unknown,0,0, , , ,GLC,3632,27.0638,88.4659,India,IN,West Bengal,Kalimpong,1.65,1396310400000.0,1606348800000,88.4659,27.0638000000001,2011-06-20 00:00:00+00:00,False,prox:54:176:5048
8833,DY365,http://dy365.in/news_details.php?aID=6427&subC=2,10005,1499299200000.0, ,Landslide crushes house,"Landslide following persistent heavy rainfall crushes house, family escapes unhurt","Beltola, Assam State-Meghalaya State border, India",10km,landslide,continuous_rain,medium,unknown,0,0, ,http://www.dy365.in/images/medium/dy365_1499334111.jpg, ,GLC, ,26.10973183,91.80317334,India,IN,Assam,Pomahi,6.94,1499299200000.0,1606348800000,91.8031733440001,26.10973183,2017-07-06 00:00:00+00:00,False,prox:52:183:5784
8834,himachal.us,http://himachal.us/2010/09/22/heavy-rains-damage-roads-in-himachal-alert-sounded-in-kinnaur/22231/news/ravinder,2462,1284854400000.0, ,"near Solan, Kalka-Shimla hwy, Himachal Pradesh",(posted 9/22 but may cover events from past weeks)A police spokesman said that traffic on the Shimla- Kalka highway was disrupted near Solan. The beaten track of the Theog-Kotkhai-Jubbal road was blocked at several places because of landslides or traffic,"near Solan, Kalka-Shimla hwy, Himachal Pradesh",5km,landslide,downpour,medium,unknown,0,0, , , ,GLC,2462,30.9086,77.1103,India,IN,Himachal Pradesh,Gannja,7.15,1396310400000.0,1606348800000,77.1103000000001,30.9086,2010-09-19 00:00:00+00:00,False,prox:61:154:4957
8837,youtube,http://www.youtube.com/watch?v=jHTtW2WaJGw,2182,1280534400000.0,09:00,Dimapur-Imphal highway (NH 39) near Manipur,Heavy rains triggered a landslide along NH 30 near Imphal. The landslide blocked a 100 ft stretch of road and trucks and cars were stranded on either side. The landslide occurred in the morning. There has been significant deforestation in the area.,Dimapur-Imphal highway (NH 39) near Manipur,25km,landslide,rain,medium,unknown,0,0, , , ,GLC,2182,24.9356,93.8443,India,IN,Manipur,Manipur,13.23,1396310400000.0,1606348800000,93.8443,24.9356000000001,2010-07-31 00:00:00+00:00,False,prox:49:187:4940
8842,articles.timesofindia,http://articles.timesofindia.indiatimes.com/2012-10-23/coimbatore/34679010_1_northeast-monsoon-heavy-damage-heavy-rains,4590,1350777600000.0,09:00,(Rail track between Kallar and Burliar)Tamil Nadu,"A major rain-triggered landslide along the rail track between Kallar and Burliar affected the Nilgiris Mountain Rail service between Mettupalayam and Ooty on Monday morning. According to railway officials, it would take at least three days to clear the d",(Rail track between Kallar and Burliar)Tamil Nadu,10km,landslide,rain,medium,unknown,0,0, , , ,GLC,4590,11.338,76.8806,India,IN,Tamil Nadu,Mettupalaiyam,7.34,1396310400000.0,1606348800000,76.8806000000001,11.338,2012-10-21 00:00:00+00:00,False,prox:22:153:5211
8852,countercurrents,http://www.countercurrents.org/hodge180810.htm,2212,1281052800000.0,00:00,"eastern edge of Leh city, Ladakh, Jammu and Kashmir","The most extensive damage and loss of life occurred in the semi-slum areas on the eastern edge of Leh and in the shanty towns around the neighboring village of Choglamsar, but villages and farms well beyond Leh have also been seriously affected.","eastern edge of Leh city, Ladakh, Jammu and Kashmir",5km,landslide,downpour,large,unknown,0,0, , , ,GLC,2212,34.1482,77.5971,India,IN,Jammu and Kashmir,Leh,3.86,1410393600000.0,1606348800000,77.5971000000001,34.1482,2010-08-06 00:00:00+00:00,False,prox:68:155:4942
8855,kashmirlive,https://web.archive.org/web/20100106184709/http://www.kashmirlive.com/story/Pilgrim-injured-in-landslide-near-Vaishnodevi-shrine/563159.html,1384,1262476800000.0,02:00,Pilgrim killed,"Landslides triggered due to heavy rains en route the cave shrine of Vaishnodevi in Trikuta hills of Reasi district left a pilgrim injured, police said on Monday. Anita Arora of New Delhi was on her to the shrine when the landslide occurred last night. Sh",Vaishnodevi in Trikuta hills of Reasi district,5km,landslide,downpour,medium,unknown,0,1, , , ,GLC,1384,33.0289,74.9489,India,IN,Jammu and Kashmir,Riasi,12.79,1396310400000.0,1606348800000,74.9489,33.0289000000001,2010-01-03 00:00:00+00:00,False,prox:66:149:4870
8859,thaindian,http://www.thaindian.com/newsportal/business/75-tourists-in-himachal-stranded-by-landslides_100247510.html,1153,1252540800000.0, ,"Kaza-Kinnaur highway near Nako, Spiti Valley, Himachal Pradesh","(uncertain of date of landslides) Around 75 tourists, including 50 foreigners, are still stranded in Himachal Pradesh’s Spiti Valley after the closure of roads due to landslides triggered by rains and snowfall last week, police said Tuesday. From the M","Kaza-Kinnaur highway near Nako, Spiti Valley, Himachal Pradesh",5km,landslide,downpour,medium,unknown,0,0, , , ,GLC,1153,31.8833,78.6167,India,IN,Himachal Pradesh,Khab,8.63,1396310400000.0,1606348800000,78.6167,31.8833000000001,2009-09-10 00:00:00+00:00,False,prox:63:157:4832
8867,timesofindia.indiatimes,http://timesofindia.indiatimes.com/city/hyderabad/Landslides-giving-nightmares-to-hill-area-residents-in-Vijayawada/articleshow/6470746.cms,2368,1283212800000.0,09:00,"Brahmananda Reddy Nagar(?), Machavaram, Vijayawada city, Andhra Pradesh","31st Aug, 2010: The incessant rains that lashed Vijayawada for the past few days triggered landslides in the surroundings of Brahmananda Reddy Nagar and Visalandra Road on Tuesday early morning.  According to sources, the sliding down of rocks has partia","Brahmananda Reddy Nagar(?), Machavaram, Vijayawada city, Andhra Pradesh",1km,landslide,downpour,medium,unknown,0,0, , , ,GLC,2368,16.5157,80.6525,India,IN,Andhra Pradesh,Vijayawada,2.35,1396310400000.0,1606348800000,80.6525,16.5157,2010-08-31 00:00:00+00:00,False,prox:33:161:4950
8874,kanglaonline.com,http://www.kanglaonline.com/index.php?template=headline&newsid=39255&typeid=1,258,1189468800000.0, ,"NH-39 at Imphal-Moreh section, Lokchao largest event","multiple landslides (6 locations) along NH 39, blocked traffic","NH-39 at Imphal-Moreh section, Lokchao largest event",50km,landslide,rain,medium,unknown,3,0, , , ,GLC,258,24.4279,94.0564,India,IN,Manipur,Saibom,4.64,1396310400000.0,1606348800000,94.0564000000001,24.4279,2007-09-11 00:00:00+00:00,False,prox:48:188:4589
8877,kanglaonline,http://www.kanglaonline.com/index.php?template=headline&newsid=43189&typeid=1,760,1219968000000.0, ,"Kohima, Nagaland","several colonies have been affected by the landslides, mudslides and sinking due to the incessant rains in the state capital Kohima","Kohima, Nagaland",25km,complex,downpour,medium,unknown,0,0, , , ,GLC,760,25.67,94.1066,India,IN,Nagaland,Naga Hills,19.51,1396310400000.0,1606348800000,94.1066000000001,25.6700000000001,2008-08-29 00:00:00+00:00,False,prox:51:188:4706
8905,ibnlive.in,http://ibnlive.in.com/news/landslides-shake-idukki-district/283297-60-116.html,4489,1345161600000.0, ,"Idukki-Kattappana Rd, kerala (Mid-point of rd)","A minor landslip was also reported on the Idukki-Kattappana Road. This created a minor traffic block, the Fire and Rescue Services sources said","Idukki-Kattappana Rd, kerala (Mid-point of rd)",10km,landslide,downpour,medium,unknown,0,0, , , ,GLC,4489,9.8232,77.1498,India,IN,Kerala,Carda Mom Hills,6.93,1396310400000.0,1606348800000,77.1498000000001,9.82320000000004,2012-08-17 00:00:00+00:00,False,prox:19:154:5189
8907,himvani,http://www.himvani.com/news/2011/07/25/manali-leh-road-closed-after-landslides/16116,3839,1311552000000.0,08:00,"Manali-Leh road, rohtang Pass","Shimla (July 25): Monsoon rains lashed most places in Himachal Pradesh, disrupting normal life in the state. The Manali-Leh road is off for vehicular traffic following fresh landslides near Rohtang Pass early this morning.  Report arriving here from Mana","Manali-Leh road, rohtang Pass",10km,landslide,downpour,medium,unknown,0,0, , , ,GLC,3839,32.1896,77.187,India,IN,Himachal Pradesh,Shirir,14.04,1396310400000.0,1606348800000,77.1870000000001,32.1896,2011-07-25 00:00:00+00:00,False,prox:64:154:5060
8909,zeenews.india,http://zeenews.india.com/news/himachal-pradesh/landslide-leaves-manali-leh-highway-blocked_799957.html,4557,1347753600000.0, ,"Manali-Leh hwy, Kullu","Kullu: A landslide in Kullu has left the Manali- Leh Highway blocked for more than 14 hours, leaving people stranded amidst chaos and traffic bottlenecks. he Border Road Organization (BRO) started road clearance work late on Saturday.","Manali-Leh hwy, Kullu",50km,landslide,downpour,medium,unknown,0,0, , , ,GLC,4557,33.303,77.8876,India,IN,Jammu and Kashmir,Pongnagu,8.94,1396310400000.0,1606348800000,77.8876000000001,33.303,2012-09-16 00:00:00+00:00,False,prox:66:155:5199
8915,Tribune India,http://www.tribuneindia.com/news/uttarakhand/mudslide-at-lodhamandi-track-disrupts-train-traffic/267356.html,9020,1468713600000.0,09:00,"Railway tunnel a few kilometres from the Haridwar railway station, between Haridwar and Dehradun, Uttarakhand, India","A mudslide hit the Lodhamandi railway track on the Haridwar-Dehradun route here today, affecting the movement of several trains. According to information, local residents spotted a huge mound of mudslide at 9.20 am at the entrance of a railway tunnel, a","Railway tunnel a few kilometres from the Haridwar railway station, between Haridwar and Dehradun, Uttarakhand, India",exact,mudslide,downpour,medium,above_road,0,0, ,http://images.tribuneindia.com/cms/gall_content/2016/7/2016_7$largeimg17_Sunday_2016_235857925.jpg, ,GLC,9020,29.9551,78.1677,India,IN,Uttaranchal,Jwalapur,6.66,1468800000000.0,1606348800000,78.1677000000001,29.9551000000001,2016-07-17 00:00:00+00:00,False,prox:59:156:5666
8934,The Hindu,http://www.thehindu.com/news/national/tamil-nadu/ghat-road-leading-to-temple-closed-following-landslip/article7831586.ece,8893,1446249600000.0, ,Arthanareeswarar Temple,"Downpour for about three hours on Saturday evening led to landslip, the second in the last four days, on the ghat road leading to Arthanareeswarar Temple situated atop a hillock in the town in the early hours of Sunday.  Due to sharp showers, landslip wa",Arthanareeswarar Temple,exact,landslide,downpour,small,above_road,0,0, , , ,GLC,8893,11.3742,77.899,India,IN,Tamil Nadu,Tiruchengodu,0.47,1468195200000.0,1606348800000,77.8990000000001,11.3742,2015-10-31 00:00:00+00:00,False,prox:22:155:5579
8941,The New Indian Express,http://www.newindianexpress.com/nation/Woman-Child-Killed-in-Assam-Landslide/2015/09/01/article3005012.ece,7923,1441065600000.0, ,Amingaon,"A mother and her child were killed in a landslide at Amingaon area of Kamrup (Rural) district of Assam this morning, police said.  NDRF personnel from the nearby Changsari camp rushed to the spot and recovered their bodies from under a stone.  The woman",Amingaon,10km,landslide,rain,medium,unknown,2,0, , , ,GLC,7923,26.49349035,91.72137514,India,IN,Assam,Rangia,12.23,1467158400000.0,1606348800000,91.721375138,26.493490353,2015-09-01 00:00:00+00:00,False,prox:52:183:5559
8942,E-PAO,http://e-pao.net/GP.asp?src=21..020815.aug15,7371,1438387200000.0, ,near S Lamphei Lamkhai and Sehlon village,landslide near S Lamphei Lamkhai and Sehlon village had taken place,near S Lamphei Lamkhai and Sehlon village,50km,landslide,continuous_rain,medium,unknown,0,0, , , ,GLC,7371,23.9939,94.0573,India,IN,Manipur,Jun,24.17,1448064000000.0,1606348800000,94.0573000000001,23.9939000000001,2015-08-01 00:00:00+00:00,False,prox:47:188:5549
8968,english.ntdtv,http://english.ntdtv.com/ntdtv_en/ns_asia/2010-08-12/782930229019.html,2234,1281484800000.0,05:00,"Kullu, Himachal Pradesh",Bulldozers cleared what was left of five houses razed by landslides in a remote village in India’s northern state of Himachal Pradesh.  A violent rainstorm in the Kullu valley triggered landslides in the early hours of Wednesday.  Falling stones gave r,"Kullu, Himachal Pradesh",10km,landslide,downpour,medium,unknown,0,0, , , ,GLC,2234,31.958,77.1104,India,IN,Himachal Pradesh,Kulu,0.57,1396310400000.0,1606348800000,77.1104000000001,31.958,2010-08-11 00:00:00+00:00,False,prox:63:154:4944
8972,morungexpress,http://www.morungexpress.com/frontpage/1984.html,731,1219104000000.0, ,"Akuk village, Wokha District, Nagaland",mudslide occurred in afternoon when men were paving a road between Mekokla village and Sanis town,"Akuk village, Wokha District, Nagaland",50km,mudslide,downpour,medium,unknown,4,0, , , ,GLC,731,26.138,94.25,India,IN,Nagaland,Yimpang,16.29,1410480000000.0,1606348800000,94.25,26.138,2008-08-19 00:00:00+00:00,False,prox:52:188:4703
8986,blogs.agu.org,http://blogs.agu.org/landslideblog/2013/06/21/the-kedarnath-debris-flow-disaster-in-uttarakhand/,4924,1371340800000.0,19:00,"Kedarnath (Hindu Shrine), Near Kedarnath Dome (Mountain), Uttarakhand","One of the largest impacts appears to have occurred at Kedarnath, a Hindu shrine high in the mountains, which at this time of year is an important pilgrimage destination. The upslope end of the temple, which has survived the flood intact though damaged,","Kedarnath (Hindu Shrine), Near Kedarnath Dome (Mountain), Uttarakhand",1km,debris_flow,downpour,very_large,unknown,5000,0, , , ,GLC,4924,30.7351,79.0666,India,IN,Uttaranchal,Gaundar,17.23,1396310400000.0,1606348800000,79.0666000000001,30.7351,2013-06-16 00:00:00+00:00,False,prox:61:158:5290
8995,greaterkashmir,http://www.greaterkashmir.com/news/2010/Oct/23/landslide-kills-woman-lightning-hits-girl-36.asp,2648,1287705600000.0, ,"near Himkoti(?), on road to Bhawan(Vaishno Devi temple) at Katra, Jammu and Kashmir","Jammu, Oct 22: Temperature in the winter capital of the state dipped to 2 to 4 degrees below normal as rains lashed the region on Friday.   The rains also triggered landslides at various places, including Katra area where a woman pilgrim died after she w","near Himkoti(?), on road to Bhawan(Vaishno Devi temple) at Katra, Jammu and Kashmir",5km,landslide,downpour,medium,unknown,1,0, , , ,GLC,2648,33.0107,74.9397,India,IN,Jammu and Kashmir,Riasi,13.16,1396310400000.0,1606348800000,74.9397000000001,33.0107,2010-10-22 00:00:00+00:00,False,prox:66:149:4968
8996,mizoramexpress.com,http://mizoramexpress.com/index.php/2010/09/landslide-hits-aizawl-1-house-destroyed/,2437,1284595200000.0, ,"Aizawl-Lengpui rd 3km from Aizawl, Mizoram, Manipur","Sep 19, 2010  Meanwhile, Aizawl-Lengpui road remained blocked for the third day because of massive landslide about 3 km away from Lengpui. According to information received from the Engineer in charge, intermittent rainfall and falling of rocks hampered","Aizawl-Lengpui rd 3km from Aizawl, Mizoram, Manipur",5km,landslide,downpour,medium,unknown,0,0, , , ,GLC,2437,23.7527,92.694,India,IN,Mizoram,Aizwal,11.77,1396310400000.0,1606348800000,92.6940000000001,23.7527000000001,2010-09-16 00:00:00+00:00,False,prox:47:185:4956
9004,articles.timesofindia.indiatimes.com,http://articles.timesofindia.indiatimes.com/2013-07-11/india/40513904_1_kedarnath-gaurikund-vijay-bahuguna,5068,1373414400000.0,04:00,"Bhikona Village, Pokhri Block, Chamoli Village, Uttarakhand","At least seven members of a family were buried alive on Wednesday after a rain-triggered landslide flattened their single-storey house at Bhikona village under Pokhri block in Chamoli district. Along with Rudrapryag and Uttarkashi, Chamoli was among the","Bhikona Village, Pokhri Block, Chamoli Village, Uttarakhand",5km,landslide,rain,medium,unknown,7,0, , , ,GLC,5068,30.3629,79.2143,India,IN,Uttaranchal,Langsu,8.86,1396310400000.0,1606348800000,79.2143,30.3629,2013-07-10 00:00:00+00:00,False,prox:60:158:5298
9012,E-PAO,http://e-pao.net/GP.asp?src=1..020815.aug15,7389,1438387200000.0, ,between Bongyang and Lokchao along the Imphal-Moreh highway,"Meanwhile, landslides also wreaked havoc in between Bongyang and Lokchao along the Imphal-Moreh highway and Tengnoupal-Sangshak road in Chandel district.",between Bongyang and Lokchao along the Imphal-Moreh highway,5km,landslide,continuous_rain,medium,above_road,0,0, , , ,GLC,7389,24.4072,94.0644,India,IN,Manipur,Saibom,4.29,1450051200000.0,1606348800000,94.0644,24.4072,2015-08-01 00:00:00+00:00,False,prox:48:188:5549
9019,ibnlive,http://ibnlive.in.com/generalnewsfeed/news/rains-cause-dip-in-mercury-across-north-india/727201.html,3611,1308009600000.0, ,Road blocked near Rani Nallah,"PTI | 05:06 PM,Jun 15,2011 The Leh-Manali highway remained closed today after heavy rains in several parts of Himachal Pradesh triggered landslides and caused a dip in mercury.The highway was blocked after a large stretch of road which was being repaired",The Leh-Manali hwy near Rani Nallah,5km,landslide,downpour,medium,above_road,0,0, , , ,GLC,3611,32.36079826,77.23083056,India,IN,Himachal Pradesh,Chandra,5.72,1396310400000.0,1606348800000,77.2308305600001,32.3607982550001,2011-06-14 00:00:00+00:00,False,prox:64:154:5046
9041,e-Pao.net,http://www.e-pao.net/GP.asp?src=Snipp7..120907.sep07,255,1189382400000.0, ,Wamkhu village along the Tengnoupal-Joupi road in Chandel district,"50 meter stretch on road, timing is unknown but it blocked traffic",Wamkhu village along the Tengnoupal-Joupi road in Chandel district,25km,landslide,rain,medium,unknown,0,0, , , ,GLC,255,24.2451,94.0691,India,IN,Manipur,Jun,16.8,1396310400000.0,1606348800000,94.0691,24.2451,2007-09-10 00:00:00+00:00,False,prox:48:188:4588
9048,The Times of India,http://timesofindia.indiatimes.com/city/dehradun/Landslides-narrow-down-road-to-Kempty-Falls/articleshow/48257236.cms,7295,1437696000000.0, ,Kempty Road near Sia village,"All three landslides have occurred on a 6-km stretch. To make matters worse, two more landslides occurred since Friday, one quite close to Kempty Falls, a popular tourist spot. The other occurred near Sia village.",Kempty Road near Sia village,25km,landslide,continuous_rain,small,above_road,0,0, , , ,GLC,7295,30.4517,78.1443,India,IN,Uttaranchal,Mussorie,7.13,1438128000000.0,1606348800000,78.1443,30.4517000000001,2015-07-24 00:00:00+00:00,False,prox:60:156:5546
9053,www.hindustantimes.com,http://www.hindustantimes.com/India-news/HimachalPradesh/Landslides-bring-traffic-to-halt-in-Sirmaur/Article1-1077377.aspx,4926,1371340800000.0, ,"Sirmaur District, Himachal Pradesh",Several roads leading to remote areas of Sirmaur district were reportedly blocked due to landslides triggered by heavy rain in the district on Sunday. National Highway-72 B between Paonta Sahib and Shillai remained blocked for many hours; the traffic was,"Sirmaur District, Himachal Pradesh",25km,landslide,rain,medium,unknown,0,0, , , ,GLC,4926,30.6738,77.3544,India,IN,Himachal Pradesh,Nahan,14.19,1396310400000.0,1606348800000,77.3544,30.6738,2013-06-16 00:00:00+00:00,False,prox:61:154:5290
9067,India Today,http://indiatoday.intoday.in/story/srinagar-muzaffarabad-road-laghama-landslide-uri-sector-pok-border-roads-organisation-bro/1/351155.html#http://indiatoday.intoday.in/story/srinagar-muzaffarabad-road-laghama-landslide-uri-sector-pok-border-roads,5943,1394496000000.0, ,Azad Jammu and Kashmir,"A massive landslide hit the road near Laghama in Uri, 101 kms from Srinagar, blocking traffic, a police spokesman said.",Azad Jammu and Kashmir,25km,landslide,continuous_rain,large,above_road,0,0, , , ,GLC,5943,34.0823,74.056,India,IN,Jammu and Kashmir,Uri,0.85,1408838400000.0,1606348800000,74.056,34.0823,2014-03-11 00:00:00+00:00,False,prox:68:148:5380
9070,Kashmir Images,http://www.dailykashmirimages.com/news-fresh-landslide-at-zojila-snaps-srinagar-ladakh-road-link-79989.aspx,7026,1432944000000.0, ,Zojila Pass,"The fresh snap is another breakage ever since the road was reopened early this month after remaining closed for about five winter months due to snowfall. The fresh landslide was triggered by rainfall. With the result, no vehicle was allowed to move from",Zojila Pass,1km,landslide,rain,small,above_road,0,0, , , ,GLC,7026,34.2607,75.4446,India,IN,Jammu and Kashmir,Sonamarg,14.47,1435622400000.0,1606348800000,75.4446,34.2607,2015-05-30 00:00:00+00:00,False,prox:68:150:5528
9073,Times of India,http://timesofindia.indiatimes.com/city/mumbai/Two-landslides-claim-3-lives-in-Haji-Ali-Navi-Mumbai/articleshow/9792246.cms,6569,1314489600000.0, ,Rabale,"The Rabale landslide claimed the lives of a couple, but their son, who was injured, was treated at a nearby hospital. Vikas Mahanto, 6, who was in another room, is unaware of the death of his parents, Tulsiprasad Mahanto, 35, and Malti, 32. Tulsiprasad,",Rabale,5km,landslide,continuous_rain,medium,unknown,2,1, , , ,GLC,6569,19.1355,72.9981,India,IN,Maharashtra,Thana,11.17,1418860800000.0,1606348800000,72.9981000000001,19.1355,2011-08-28 00:00:00+00:00,False,prox:38:145:5071
9075,Two Circles,http://twocircles.net/2014jun27/8_killed_assam_landslides_electrocution.html#.U70ydPldU1L,6107,1403740800000.0,23:00,Bamunimaidam,"At least eight people, including three members of a family, were killed here due to landslides and flash floods triggered by incessant rain since Thursday night, officials said Friday. Four persons were killed due to landslides in two places while anothe",Bamunimaidam,5km,landslide,continuous_rain,small,unknown,1,0, , , ,GLC,6107,26.1844,91.7896,India,IN,Assam,Gauhati,3.76,1408838400000.0,1606348800000,91.7896000000001,26.1844,2014-06-26 00:00:00+00:00,False,prox:52:183:5415
9078,www.business-standard.com,http://www.business-standard.com/article/pti-stories/heavy-rains-trigger-cloudburst-landslides-in-hp-113061200940_1.html,4916,1370995200000.0, ,"Gharao Village, Near Holi Township","Heavy rains continued to lash several parts of Himachal Pradesh for the third day today, triggering landslides in Chamba district and causing sharp fall in mercury. 100 acres of cultivated land and 10 houses were washed away due to soil erosion in a remo","Gharao Village, Near Holi Township",1km,landslide,downpour,medium,unknown,0,0, , , ,GLC,4916,32.2108,76.2833,India,IN,Himachal Pradesh,Dharmsala,3.55,1396310400000.0,1606348800000,76.2833000000001,32.2108000000001,2013-06-12 00:00:00+00:00,False,prox:64:152:5289
9093,Nagaland Post,http://www.nagalandpost.com/channelnews/state/StateNews.aspx?news=TkVXUzEwMDA5ODM4NA%3D%3D,9142,1465862400000.0,08:00,"lower Majakong Ward, Mokokchung, Nagaland, India","A landslide occurred early Tuesday morning due to incessant rain, at lower Majakong Ward, where, a 3 tier retaining wall had collapsed destroying the bathroom and damaging the building walls below. Hearing the news of the calamity, the personnel of the S","lower Majakong Ward, Mokokchung, Nagaland, India",1km,landslide,continuous_rain,medium,retaining_wall,0,0, ,http://www.nagalandpost.com/cms/newsimages/PGFCUAIPXTIQMMEWNGPI_resize.jpg, ,GLC,9142,26.3185,94.5247,India,IN,Nagaland,Nagaland,14.13,1469145600000.0,1606348800000,94.5247000000001,26.3185,2016-06-14 00:00:00+00:00,False,prox:52:189:5655
9112,Times of India,http://timesofindia.indiatimes.com/city/mumbai/Two-landslides-claim-3-lives-in-Haji-Ali-Navi-Mumbai/articleshow/9792246.cms,3951,1314576000000.0,12:00,the 10-storeyed Hill View building the 10-storeyed Hill View building,"""The incident occurred at 12.30 pm and the fire brigade went to the spot with excavators, dumpers and structural engineers. Rescue operations continued for a few hours and at about 4.30 pm, some people were rescued from under the debris,"" said Mahesh Nar",the 10-storeyed Hill View building the 10-storeyed Hill View building,1km,landslide,downpour,medium,retaining_wall,1,3, , , ,GLC,3951,18.9774,72.8102,India,IN,Maharashtra,Bombay,13.67,1418860800000.0,1606348800000,72.8102000000001,18.9774,2011-08-29 00:00:00+00:00,False,prox:37:145:5071
9113,e-pao.net,http://e-pao.net/GP.asp?src=3..100610.jun10,1954,1275868800000.0, ,"Irang(?) and Barak(?) and Makru(?) on highway 53 between Imphal and Jiribam, Manipur","The Ministerial team led by Works Minister K Rajit, along with 450 loaded trucks carrying different commodities, arrived at Imphal after over-coming landslides in different parts of the National Highway 53 .  The team returned after inspecting the condit","Irang(?) and Barak(?) and Makru(?) on highway 53 between Imphal and Jiribam, Manipur",50km,landslide,rain,medium,unknown,0,0, , , ,GLC,1954,24.7543,93.5039,India,IN,Manipur,Sempang,12.82,1396310400000.0,1606348800000,93.5039,24.7543000000001,2010-06-07 00:00:00+00:00,False,prox:49:187:4922
9117,www.business-standard.com,http://www.business-standard.com/article/pti-stories/jammu-srinagar-nh-remains-closed-for-second-day-running-113081500725_1.html,5331,1376438400000.0, ,Jammu-Poonch Highway Near Kalidhar,"The Jammu-Poonch Highway was also closed and traffic was disrupted for four hours due to landslides in Kalidhar, they said, adding, the road was later cleared and traffic was restored.",Jammu-Poonch Highway Near Kalidhar,25km,landslide,downpour,medium,unknown,0,0, , , ,GLC,5331,33.0498,74.6264,India,IN,Jammu and Kashmir,Riasi,19.18,1396310400000.0,1606348800000,74.6264,33.0498,2013-08-14 00:00:00+00:00,False,prox:66:149:5310
9119,zeenews.india.com,http://zeenews.india.com/news/himachal-pradesh/heavy-rains-trigger-landslides-damage-houses-in-hp_859795.html,5013,1372723200000.0,23:00,"Press Colony, Near Taradevi, Himachal Pradesh",Heavy rains lashed several parts of Himachal Pradesh triggering landslides and damaging houses in Taradevi and Krishananagar areas of the state capital. About six houses in Press Colony area were damaged as heavy rains caused a massive landslide near Tar,"Press Colony, Near Taradevi, Himachal Pradesh",5km,landslide,downpour,medium,unknown,0,0, , , ,GLC,5013,31.0722,77.1402,India,IN,Himachal Pradesh,Simla,6.45,1396310400000.0,1606348800000,77.1402,31.0722000000001,2013-07-02 00:00:00+00:00,False,prox:62:154:5296
9121,Times of India,http://timesofindia.indiatimes.com/city/dehradun/Rains-trigger-landslides-on-Yamnotri-and-Gangotri-highways-traffic-disrupted/articleshow/48505014.cms,7311,1439596800000.0, ,Lambagadh,"Landslides also occurred at Pinola, Lambagadh and Benakuli on Badrinath national highway in Chamoli district. Roads were, however, cleared within a few hours.",Lambagadh,5km,landslide,continuous_rain,medium,above_road,0,0, , , ,GLC,7311,30.6494,79.5269,India,IN,Uttaranchal,Joshimath,10.2,1439769600000.0,1606348800000,79.5269000000001,30.6494000000001,2015-08-15 00:00:00+00:00,False,prox:61:159:5554
9132,himvani,http://www.himvani.com/news/2010/07/07/himachal-rivers-in-spate-nh-21-and-manali-keylong-road-blocked/5858/,2048,1278460800000.0, ,"Kala Nalah(?), Keylong-Udaipur rd, Himachal Pradesh","Following inclement weather conditions, a high alert has been sounded in Himachal Pradesh as most rivers and their tributaries are flowing above the danger mark after heavy rains.  A report from Lahaul-Spiti stated that Manali-Keylong road has been block","Kala Nalah(?), Keylong-Udaipur rd, Himachal Pradesh",25km,landslide,downpour,medium,unknown,0,0, , , ,GLC,2048,32.6598,76.853,India,IN,Himachal Pradesh,Gushai,16.22,1396310400000.0,1606348800000,76.8530000000001,32.6598000000001,2010-07-07 00:00:00+00:00,False,prox:65:153:4932
9148,www.hindustantimes.com,http://www.hindustantimes.com/India-news/Mumbai/Mudslide-holds-up-trains-on-Konkan-railway/Article1-1082528.aspx,4979,1372118400000.0,10:00,"Konkan Railway Tracks Close To Adavali Station, Ratnagiri, Maharashtra","A mudslide that caused a large boulder to fall on to the tracks close to Adavali station in Ratnagiri affected traffic on the Konkan Railway (KR) for two hours on Tuesday. Sources in the Konkan railway said the mudslide took place around 10.15am, sometim","Konkan Railway Tracks Close To Adavali Station, Ratnagiri, Maharashtra",5km,mudslide,monsoon,medium,unknown,0,0, , , ,GLC,4979,16.9214,73.593,India,IN,Maharashtra,Lanja,9.24,1396310400000.0,1606348800000,73.5930000000001,16.9214000000001,2013-06-25 00:00:00+00:00,False,prox:33:147:5293
9158,articles.timesofindia,http://articles.timesofindia.indiatimes.com/2012-02-17/india/31071026_1_night-temperature-cold-conditions-three-degree,4202,1329350400000.0, ,"Tawari bridge, Chamba district of Himachal Pradesh","SHIMLA: Two sisters were buried alive in a landslide triggered by heavy rains and snow near Tawari bridge of Chamba district of Himachal Pradesh on Thursday while the intense cold continued to grip the region. Chino, 21, and Devo, 20, of nearby Bairagarh","Tawari bridge, Chamba district of Himachal Pradesh",10km,landslide,downpour,medium,unknown,2,0, , , ,GLC,4202,32.5655,76.1201,India,IN,Himachal Pradesh,Chamba,1.0,1410739200000.0,1606348800000,76.1201,32.5655,2012-02-16 00:00:00+00:00,False,prox:65:152:5128
9163,Deccan Herald,http://www.deccanherald.com/content/432481/landslide-guwahati-shillong-highway.html,6292,1411430400000.0, ,Hatsingimari,"A child was killed in a landslide in Dhubri district’s Hatsingimari, while one person was electrocuted in Guwahati where a body floating on river Bharalu was also recovered, state government officials said.",Hatsingimari,5km,landslide,continuous_rain,small,unknown,1,0, , , ,GLC,6292,25.7238,89.9032,India,IN,Assam,Manikarchar,21.17,1413849600000.0,1606348800000,89.9032000000001,25.7238,2014-09-23 00:00:00+00:00,False,prox:51:179:5445
9177,business-standard,http://www.business-standard.com/generalnews/news/heavy-rains-lash-some-partshp-triggering-landslides/47847/,4515,1345766400000.0, ,"Sirmaur, Himachal Pradesh,","Heavy rains lashed some parts of Himachal Pradesh, triggering landslides at some places and leading to slight drop in maximum temperatures. Several link rooads in the interiors of Kangra, Mandi, Sirmaur and Solan districts were blocked due to landslides.","Sirmaur, Himachal Pradesh,",5km,landslide,downpour,medium,unknown,0,0, , , ,GLC,4515,30.7395,77.2847,India,IN,Himachal Pradesh,Nahan,20.01,1396310400000.0,1606348800000,77.2847000000001,30.7395000000001,2012-08-24 00:00:00+00:00,False,prox:61:154:5192
9179,The Indian Express,http://indianexpress.com/videos/news-video/darjeeling-landslide-takes-three-lives/,9074,1468972800000.0, ,"Rimbik, Darjeeling, West Bengal state, India","At least three people died in a landslide in Rimbik area of Darjeeling on Wednesday. The state has been receiving heavy rains, triggering flash floods and landslides in several areas. The meteorological department has predicted more rainfall in the next","Rimbik, Darjeeling, West Bengal state, India",1km,landslide,downpour,large,natural_slope,3,0, , , ,GLC,9074,27.1176,88.1069,India,IN,West Bengal,Darjeeling,17.31,1468972800000.0,1606348800000,88.1069000000001,27.1176,2016-07-20 00:00:00+00:00,False,prox:54:176:5667
9182,E-PAO,http://www.e-pao.net/GP.asp?src=21..210810.aug10,2243,1281657600000.0, ,"NH-39 near Kohima Municipality Council(KMC) dumping ground, between Zubza(Sechu) and Kohima, Nagaland","Kohima cut off in both directions on NH 39 ... Imphal, August 20 2010: Landslides have occurred near the Kohima Municipality Council (KMC) dumping ground and its vicinity since a week ago.  Fresh landslides occurred again today.  Over 400 Manipur bound t","NH-39 near Kohima Municipality Council(KMC) dumping ground, between Zubza(Sechu) and Kohima, Nagaland",5km,landslide,downpour,medium,mine,0,0, , , ,GLC,2243,25.70223725,94.04619681,India,IN,Nagaland,Naga Hills,21.0,1396310400000.0,1606348800000,94.0461968110001,25.7022372500001,2010-08-13 00:00:00+00:00,False,prox:51:188:4944
9190,Telegraph India,http://www.telegraphindia.com/1100727/jsp/northeast/story_12728199.jsp,2140,1280016000000.0, ,"road between Halfong and Redzol(?) or Silchar, Assam",Landslides coupled with lack of maintenance have cut off road link between Haflong and Silchar.  The situation became worse after a few spells of heavy rainfall during the past week.,"road between Halfong and Redzol(?) or Silchar, Assam",25km,landslide,downpour,medium,unknown,0,0, , , ,GLC,2140,25.0477,92.801,India,IN,Assam,Narainpur,6.34,1396310400000.0,1606348800000,92.801,25.0477000000001,2010-07-25 00:00:00+00:00,False,prox:50:185:4938
9191,indolink,http://www.indolink.com/displayArticleS.php?id=071710064623,2091,1279324800000.0, ,"Lana Mashoor(?) and Lana Polar(?) and Sewn(?) villages, Sirmaur district","Shimla, Jul 17 (PTI) Heavy rains today lashed several parts of Himachal Pradesh, triggering landslides that blocked all major highways and throwing normal life out of gear. In Sirmaur district, three water mills were washed away in Lana Mashoor village,","Lana Mashoor(?) and Lana Polar(?) and Sewn(?) villages, Sirmaur district",50km,landslide,downpour,medium,unknown,0,0, , , ,GLC,2091,30.6358,77.5435,India,IN,Himachal Pradesh,Nahan,25.85,1396310400000.0,1606348800000,77.5435,30.6358000000001,2010-07-17 00:00:00+00:00,False,prox:61:155:4935
9217,IBN,http://ibnlive.in.com/generalnewsfeed/news/five-killed-in-landslides-in-sikkim/801295.html,3943,1314057600000.0,00:00,"Samathang, Sikkim","Five persons including two minors were killed in two separate landslides incident in West Sikkim district, official sources said today. A cloud burst triggered a massive landslide at Samathang village, near Malbasey in West Sikkim in which three members","Samathang, Sikkim",10km,landslide,downpour,medium,unknown,5,0, , , ,GLC,3943,27.13862165,88.22551799,India,IN,Sikkim,Darjeeling,11.31,1396310400000.0,1606348800000,88.2255179930001,27.138621647,2011-08-23 00:00:00+00:00,False,prox:54:176:5069
9219,timesofindia.indiatimes,http://timesofindia.indiatimes.com/india/8000-pilgrims-stranded-in-Uttarakhand/articleshow/6494279.cms,2380,1283472000000.0, ,"Bhatwari, Rishikesh-Gangotri hwy","Sep 5, 2010, 05.13am IST  DEHRADUN: Over 8,000 pilgrims and tourists on the Char Dham Yatra are stranded following heavy downpour and landslides on Rishikesh-Badrinath and Rishikesh-Gangotri national highways in Chamoli district of Uttarakhand since Frid","Bhatwari, Rishikesh-Gangotri hwy",5km,landslide,downpour,medium,unknown,0,0, , , ,GLC,2380,30.4008,79.0278,India,IN,Uttaranchal,Langsu,26.08,1396310400000.0,1606348800000,79.0278000000001,30.4008000000001,2010-09-03 00:00:00+00:00,False,prox:60:158:4951
9228,E-PAO,http://e-pao.net/GP.asp?src=22..020815.aug15,7372,1438300800000.0,23:00,Naga Gate along the Ukhrul-Imphal route,"Reports reaching here have said that massive landslides that occurred last night at several points like New Haven, Finch Corner, Nungshang Kong and Naga Gate along the Ukhrul-Imphal route have brought vehicular movements to a standstill since early morni",Naga Gate along the Ukhrul-Imphal route,10km,mudslide,continuous_rain,medium,above_road,0,0, ,http://www.e-pao.org/galleries/images/News_Related/2015/08/Ukhrul_20150802.jpg, ,GLC,7372,25.0634,94.3415,India,IN,Manipur,Chattrik,30.26,1448064000000.0,1606348800000,94.3415000000001,25.0634000000001,2015-07-31 00:00:00+00:00,False,prox:50:188:5549
9232,timesofindia.indiatimes,http://timesofindia.indiatimes.com/Bangalore/Govt_withdraws_load-shedding/articleshow/3362473.cms,711,1218499200000.0, ,"Jog Falls, Karnataka","The Mahatma Gandhi hydel station at Jog Falls, which had stopped functioning due to mudslide on Tuesday, started functioning on Wednesday. The mudslide had disrupted the flow of water","Jog Falls, Karnataka",5km,mudslide,rain,small,unknown,0,0, , , ,GLC,711,14.229,74.8122,India,IN,Karnataka,Ulanahalli,2.59,1396310400000.0,1606348800000,74.8122000000001,14.229,2008-08-12 00:00:00+00:00,False,prox:28:149:4701
9234,The Times of India,http://timesofindia.indiatimes.com/city/goa/Minor-landslide-rattles-Altinho-neighbourhood/articleshow/35489884.cms,6036,1400716800000.0,09:00,"Altinho, Goa","A minor landslide on Altinho hill slope on Thursday morning has rattled the entire neighbourhood and the vicinity beyond, as the slide occurred after the first few pre-monsoon showers. The side of a steep slope, barely 300m south of Panaji church along t","Altinho, Goa",1km,landslide,downpour,small,above_road,0,0, , , ,GLC,6036,15.4951,73.8288,India,IN,Goa,Marmagao,10.54,1408838400000.0,1606348800000,73.8288000000001,15.4951,2014-05-22 00:00:00+00:00,False,prox:30:147:5404
9243,The Statesman,http://www.thestatesman.com/news/northeast/landslides-snap-siliguri-gangtok-road-link/70121.html,6965,1434499200000.0, ,"National Highway 31A, Darjeeling Hills","Note: one article listed multiple landslides, unspecific. Following heavy rainfall in the Darjeeling hills, there were three landslides at three spots on National Highway 31A, considered the lifeline of Sikkim.","National Highway 31A, Darjeeling Hills",50km,landslide,downpour,small,unknown,0,0, , , ,GLC,6965,27.0257,88.4301,India,IN,West Bengal,Kalimpong,7.16,1435190400000.0,1606348800000,88.4301,27.0257,2015-06-17 00:00:00+00:00,False,prox:54:176:5534
9261,e-pao.net,http://e-pao.net/GP.asp?src=17..250711.jul11,3837,1311465600000.0,12:00,NH 37,"Mudslide blocks Imphal-Jiri Road Source: Hueiyen News Service  Imphal, July 24 2011: Apart from vast land agricultural areas of the state submerged under water, the incessant rain in the past few days has began to take its toll to the people of the state",NH 37,50km,landslide,downpour,medium,unknown,0,0, , , ,GLC,3837,26.5836,93.0038,India,IN,Assam,Simanagaon,16.72,1396310400000.0,1606348800000,93.0038000000001,26.5836000000001,2011-07-24 00:00:00+00:00,False,prox:53:186:5059
9276,english.samaylive,http://english.samaylive.com/regional/uttarakhand/676471855.html,2310,1282435200000.0, ,"Srinagar-Garhwal area of Pauri district, Uttarakhand, Uttranchal","On the other hand, a man was killed in Pauri district on Sunday when a stone fell off from a cliff due to landslide.  According to the information, the incident occurred after a rock fell at a house located on the old road in Srinagar-Garhwal area of Pau","Srinagar-Garhwal area of Pauri district, Uttarakhand, Uttranchal",unknown,complex,downpour,medium,unknown,1,0, , , ,GLC,2310,30.4084,77.0666,India,IN,Haryana,Shahzadpur,5.86,1396310400000.0,1606348800000,77.0666000000001,30.4084,2010-08-22 00:00:00+00:00,False,prox:60:154:4947
9281,Tribune India,http://www.tribuneindia.com/news/uttarakhand/10-killed-in-rain-related-incidents/267353.html,9017,1468713600000.0, ,"Narendranagar bypass on the Rishikesh-Gangotri national highway,Tehri Garhwal district, Uttarakhand, India","Four persons were killed in Tehri Garhwal district today when their car was hit by debris falling from a hillside following a landslide triggered by heavy rains, taking the toll to 10. Landslip debris hit a car near the Narendranagar bypass on the Rishik","Narendranagar bypass on the Rishikesh-Gangotri national highway,Tehri Garhwal district, Uttarakhand, India",1km,landslide,downpour,medium,above_road,4,0, , , ,GLC,9017,30.1642,78.2936,India,IN,Uttaranchal,Rishikesh,10.89,1468800000000.0,1606348800000,78.2936000000001,30.1642,2016-07-17 00:00:00+00:00,False,prox:60:156:5666
9306,Indian Express,http://indianexpress.com/article/india/india-others/several-houses-swept-away-in-mudslide-in-the-mizoram-town-of-phullen/,7778,1440547200000.0, ,Phullen’s main road,"At least three houses have been swept away by a mudslide and several others vacated in a north-eastern Mizoram town, an official said Wednesday, the latest in several weather-related incidents that have damaged property and caused hardship in the remote",Phullen’s main road,10km,mudslide,continuous_rain,medium,above_road,0,0, , , ,GLC,7778,23.8447,93.0514,India,IN,Mizoram,Saichal,14.0,1466380800000.0,1606348800000,93.0514000000001,23.8447,2015-08-26 00:00:00+00:00,False,prox:47:186:5557
9311,The Hindu,http://www.thehindu.com/news/national/other-states/landslip-blocks-road-to-lavasa/article8942040.ece,9415,1470182400000.0,09:00,"Lavasa near Ekaant Hotel Resort in Davse, Pune District, India","With heavy rains lashing Pune district for the last 48 hours, a minor mudslip has temporarily blocked the route leading to the Lavasa Township, a popular tourist destination, trapping more than 400 people within the resort town sited in Mulshi Taluk.  Th","Lavasa near Ekaant Hotel Resort in Davse, Pune District, India",1km,landslide,downpour,medium,above_road,0,0, , , ,GLC,9415,18.3978,73.5086,India,IN,Maharashtra,Divada,25.83,1470355200000.0,1606348800000,73.5086000000001,18.3978000000001,2016-08-03 00:00:00+00:00,False,prox:36:147:5672
9313,asianetindia,http://www.asianetindia.com/news/landslide-reported-malappuram-houses-isolated_80321.html,1172,1253318400000.0, ,"Nilambur, Malappuram, Kerala State",Heavy rain in parts of Malappuaram has caused landslide near Nilambur. An Anganvadi building collapsed and several tribal colonies are reported to be isolated. Four houses were destroyed and there was extensive damage to agriculture.,"Nilambur, Malappuram, Kerala State",1km,landslide,downpour,medium,unknown,0,0, , , ,GLC,1172,11.2695,76.2227,India,IN,Kerala,Nilambur,0.06,1396310400000.0,1606348800000,76.2227,11.2695000000001,2009-09-19 00:00:00+00:00,False,prox:22:152:4835
9326,Bengal Newz,http://bengalnewz.blogspot.com/2009/08/top-bengal-news-of-moment_16.html,1092,1250380800000.0,09:00,near the Rohini-Sirubari road,"Another person died in a remote tea garden, while the 5th death occurred near the Rohini-Sirubari road,” Singh said.",near the Rohini-Sirubari road,5km,landslide,downpour,medium,above_road,1,0, , , ,GLC,1092,26.74452462,88.40011959,India,IN,West Bengal,Siliguri,3.68,1396310400000.0,1606348800000,88.4001195920001,26.7445246180001,2009-08-16 00:00:00+00:00,False,prox:53:176:4824
9328,newstrackindia,http://www.newstrackindia.com/newsdetails/254556,4090,1323475200000.0, ,Uttarakhand,Vehicular movement on a national highway in Uttarakhand has been disrupted due to continuous landslides caused by heavy rainfall. The National Highway 87 has been blocked due to heavy chunks of boulders on the road.Locals have started complaining that th,Uttarakhand,10km,landslide,downpour,medium,unknown,0,0, , , ,GLC,4090,29.913,79.3532,India,IN,Uttaranchal,Chaukhutia,4.21,1396310400000.0,1606348800000,79.3532000000001,29.9130000000001,2011-12-10 00:00:00+00:00,False,prox:59:158:5106
9346,Newspost India.com,http://newspostindia.com/report-12963,212,1188086400000.0, ,National Highway No 44 at Sonarpur in Meghalaya,"blocked road for several days, 2 days continuous rain, event occurred at 3:30pm",National Highway No 44 at Sonarpur in Meghalaya,unknown,complex,rain,medium,unknown,0,0, , , ,GLC,212,25.5576,91.8506,India,IN,Meghalaya,Rangshken,15.12,1396310400000.0,1606348800000,91.8506,25.5576,2007-08-26 00:00:00+00:00,False,prox:51:183:4583
9355,One India News,http://news.oneindia.in/india/flood-landslides-in-arunachal-pradesh-1504142.html,6200,1408233600000.0, ,Arunachal Pradesh/Itanagar,lat/long  27.086901	93.60861,Arunachal Pradesh/Itanagar,10km,landslide,downpour,large,unknown,0,0, , , ,GLC,6200,27.0869,93.6086,India,IN,Arunachal Pradesh,Kaolakhat,50.88,1410134400000.0,1606348800000,93.6086000000001,27.0869000000001,2014-08-17 00:00:00+00:00,False,prox:54:187:5433
9356,dailyindia,http://www.dailyindia.com/show/230211.php/J-and-K-Highway-blocked-due-to-landslides,492,1207353600000.0, ,"Panthial, 170 kilometres from Jammu, Jammu-Srinagar highway",multiple slides along highway,"Panthial, 170 kilometres from Jammu, Jammu-Srinagar highway",50km,landslide,rain,medium,unknown,0,0, , , ,GLC,492,33.9337,74.9985,India,IN,Jammu and Kashmir,Awantipura,2.52,1396310400000.0,1606348800000,74.9985,33.9337,2008-04-05 00:00:00+00:00,False,prox:67:149:4658
9371,ptinews,http://www.ptinews.com/news/693640_BSF-headconstable-injured-in-landslide-in-Kashmir,1946,1275696000000.0, ,"Laghama(?), Uri Sector, Baramulla district,Jammu and Kashmir","Srinagar June, 5 (PTI) A BSF constable was today injured in a landslide in Baramulla district of north Kashmir, police said here.  Head Constable Jaipal Singh of 74 Batallion G-Company posted at Laghama in Uri sector, 100 kilometres from here, has been a","Laghama(?), Uri Sector, Baramulla district,Jammu and Kashmir",25km,landslide,downpour,medium,unknown,0,0, , , ,GLC,1946,34.0901,74.0256,India,IN,Jammu and Kashmir,Uri,2.12,1396310400000.0,1606348800000,74.0256000000001,34.0901,2010-06-05 00:00:00+00:00,False,prox:68:148:4921
9382,Times of India,http://timesofindia.indiatimes.com/city/mumbai/Landslide-near-Khandala-tunnel-on-Mumbai-Pune-expressway-disrupts-traffic/articleshow/48308402.cms?,7305,1438387200000.0,15:00,Khandala tunnel,"A landslide occurred around 3 pm on the Mumbai carriageway of the Expressway. Huge boulders fell on the three lanes of the Mumbai carriageway disrupting the traffic movement. Fortunately, there was no casualty.",Khandala tunnel,1km,rock_fall,continuous_rain,medium,above_road,0,0, ,http://images.indianexpress.com/2015/08/landslide-pune-759.jpg, ,GLC,7305,18.7687,73.3679,India,IN,Maharashtra,Lonoavale,4.41,1450051200000.0,1606348800000,73.3679000000001,18.7687,2015-08-01 00:00:00+00:00,False,prox:37:146:5549
9386,himvani,http://www.himvani.com/news/2010/07/07/himachal-rivers-in-spate-nh-21-and-manali-keylong-road-blocked/5858/,2049,1278460800000.0, ,"NH-22 between Rampur and Recong-Peo(Reckong Peo), Himachal Pradesh","Following inclement weather conditions, a high alert has been sounded in Himachal Pradesh as most rivers and their tributaries are flowing above the danger mark after heavy rains.  A report from Lahaul-Spiti stated that Manali-Keylong road has been block","NH-22 between Rampur and Recong-Peo(Reckong Peo), Himachal Pradesh",50km,landslide,downpour,medium,unknown,0,0, , , ,GLC,2049,31.5041,77.9521,India,IN,Himachal Pradesh,Sarahan,14.51,1396310400000.0,1606348800000,77.9521,31.5041,2010-07-07 00:00:00+00:00,False,prox:63:155:4932
9392,The Tribune,http://www.tribuneindia.com/news/nation/heavy-rain-lashes-north-india-farmers-happy/105318.html,7160,1436572800000.0, ,Badrinath Highway near Mulygoan in Tihri,"A major landslide has taken place near Mulygaon in Tihri, disrupting the Badrinath highway. The Kedarnath yatra was also halted briefly.",Badrinath Highway near Mulygoan in Tihri,5km,landslide,continuous_rain,medium,above_road,0,0, , , ,GLC,7160,30.3799,78.4862,India,IN,Uttaranchal,Chham,20.47,1436745600000.0,1606348800000,78.4862000000001,30.3799000000001,2015-07-11 00:00:00+00:00,False,prox:60:156:5542
9397,E-PAO,http://e-pao.net/GP.asp?src=11..220815.aug15,7727,1440028800000.0,18:00,between Phesama and Kuima in Nagaland,The situation has been worsened as another huge landslide occurred at the same place on Thursday at around 6 pm.,between Phesama and Kuima in Nagaland,5km,landslide,continuous_rain,medium,below_road,0,0, ,http://www.nagalandpost.com/cms/newsimages/LCUAQPGXOFWSSAQYOWYK_resize.jpg, ,GLC,7727,25.6263,94.1057,India,IN,Nagaland,Sochumei,21.07,1464307200000.0,1606348800000,94.1057000000001,25.6263000000001,2015-08-20 00:00:00+00:00,False,prox:51:188:5555
9403,mizoramexpress.com,http://mizoramexpress.com/index.php/2010/09/landslide-hits-taithu-village-22-people-escape-death/,2436,1284595200000.0,03:00,"Taithu village, Churanchandpur district, Mizoram, Manipur","Sep 16, 2010  Rengkai: Landslide struck Taithu village in Churachandpur district of Manipur at around 3.00 AM on Thursday morning and sources said at least 22 people were inside the two houses that were completely destroyed. The village lies in a landsli","Taithu village, Churanchandpur district, Mizoram, Manipur",5km,landslide,downpour,medium,unknown,0,0, , , ,GLC,2436,24.3069,93.125,India,IN,Manipur,Parbung,7.1,1396310400000.0,1606348800000,93.1250000000001,24.3069,2010-09-16 00:00:00+00:00,False,prox:48:186:4956
9407,Greater Kashmir Srinagar,http://www.greaterkashmir.com/news/2014/Mar/19/incessant-rains-inundate-kashmir-67.asp#http://www.greaterkashmir.com/news/2014/Mar/19/incessant-rains-inundate-kashmir-67.asp,5964,1395100800000.0, ,"Kupwara, Keran",Landslides triggered by rains damaged three houses in north Kashmir’s district Kupwara. Three houses were damaged due to landslides in Keran area of district Kupwara,"Kupwara, Keran",25km,landslide,downpour,medium,unknown,0,0, , , ,GLC,5964,34.6651,73.961,India,IN,Jammu and Kashmir,Bakwali,30.83,1408838400000.0,1606348800000,73.9610000000001,34.6651000000001,2014-03-18 00:00:00+00:00,False,prox:69:147:5382
9431,The Times of India,http://timesofindia.indiatimes.com/City/Kozhikode/Houses-damaged-in-landslide-at-Kedavoor/articleshow/37063833.cms,6084,1403395200000.0,03:00,"Kadavoor, Kerala",A landslide at Kelanmoola in Kedavoor village damaged a house totally and two houses partially. It also damaged crops in 2.5 acres in the area. The landslide occurred around 3am on Sunday following heavy rains. Nearly 3 acres caved in following the lands,"Kadavoor, Kerala",5km,landslide,rain,medium,unknown,0,0, , , ,GLC,6084,9.9983,76.7329,India,IN,Kerala,Muvattupula,17.54,1408838400000.0,1606348800000,76.7329,9.99830000000003,2014-06-22 00:00:00+00:00,False,prox:19:153:5414
9441,thehimalayantimes,http://www.thehimalayantimes.com/fullNews.php?headline=Landslide+kills+7+Nepali-speaking+people+in+Sikkim&NewsID=335265,4393,1339027200000.0, ,"Nathang Maong, Sikkim","As many as seven Nepali-speaking people have been killed in the landslide induced by downpour at Nathang Maong region in Sikkim on Thursday night. The deceased have been identified as Tika Rai, Dil Man Rai, Madi Maya Rai, Mahendra Rai, Neha Rai, Chandra","Nathang Maong, Sikkim",25km,landslide,downpour,large,unknown,7,0, , , ,GLC,4393,27.7565,88.632,India,IN,Sikkim,Lachung,12.56,1396310400000.0,1606348800000,88.6320000000001,27.7565000000001,2012-06-07 00:00:00+00:00,False,prox:55:177:5166
9453,www.deccanchronicle.com,http://www.deccanchronicle.com/130806/news-current-affairs/article/special-landslides-rain-havoc-kerala,5277,1375660800000.0,05:00,"Cheeyapara Near Neriyamangalam, Kerala","At Cheeyapara near Neriyamangalam, a minor landslide at 5.30 am saw mud spilling onto the Aluva-Munnar highway. Local residents and fire-force personnel who arrived on the scene began clearing the road. A few vehicles from Munnar got stranded and people","Cheeyapara Near Neriyamangalam, Kerala",1km,mudslide,monsoon,small,unknown,0,0, , , ,GLC,5277,10.0539,76.8294,India,IN,Kerala,Muvattupula,29.17,1396310400000.0,1606348800000,76.8294000000001,10.0539000000001,2013-08-05 00:00:00+00:00,False,prox:20:153:5307
9454,Kathmandu Post,http://kathmandupost.ekantipur.com/news/2016-05-24/10-nepalis-killed-in-dehradun-landslip.html,9314,1463875200000.0,15:00,"Chetra Village, Dehradun, India","Estimated location within Dehradun. Ten Nepali workers were killed in Chetra Village in Dehradun, India, after they were buried under boulders after a landslide hit the region on Sunday afternoon. They were construction workers at a road project. Surya B","Chetra Village, Dehradun, India",25km,rock_fall,rain,small,mine,10,6, , , ,GLC,9314,30.306,78.0648,India,IN,Uttaranchal,Dehra Dun,3.5,1470096000000.0,1606348800000,78.0648,30.306,2016-05-22 00:00:00+00:00,False,prox:60:156:5647
9458,Times of India,http://timesofindia.indiatimes.com/city/dehradun/Three-more-killed-in-landslides-toll-now-5/articleshow/38981735.cms,6167,1405814400000.0, ,"Sonprayag, Uttarakhand","In less than a week, the toll in landslide-related incidents rose to five in the Uttarakhand hill districts with two fresh casualties reported late Wednesday in Chamoli district. Executive director Puish Rautela of the Uttarakhand Disaster Management Res","Sonprayag, Uttarakhand",1km,landslide,continuous_rain,small,above_road,3,0, , , ,GLC,6167,30.6326,78.9953,India,IN,Uttaranchal,Gaundar,16.97,1408838400000.0,1606348800000,78.9953,30.6326,2014-07-20 00:00:00+00:00,False,prox:61:157:5423
9463,greaterkashmir,http://www.greaterkashmir.com/news/2012/Jan/14/chaos-on-highway-as-traffic-resumes-31.asp,4140,1326412800000.0,08:00,"Banihal, Srinagar-Jammu highway","Banihal, Jan 13: After remaining closed for over thirteen hours, due to fresh landslides, Srinagar-Jammu highway was partially opened for traffic on Friday afternoon. However, complete chaos prevailed on the highway as traffic moved on snails pace leavin","Banihal, Srinagar-Jammu highway",10km,landslide,downpour,medium,unknown,0,0, , , ,GLC,4140,33.4209,75.2045,India,IN,Jammu and Kashmir,Gund,1.51,1396310400000.0,1606348800000,75.2045000000001,33.4209000000001,2012-01-13 00:00:00+00:00,False,prox:66:150:5117
9467,beforeitsnews.com,http://beforeitsnews.com/weather/2013/04/mudslide-in-zojila-along-srinagar-kargil-road-claims-1-2440466.html,4823,1366934400000.0, ,"Zojila, India (Srinagar-Kargil Road)","Mudslide in Zojila along Srinagar-Kargil Road has claimed life of one person. The mudslide swept a Tata-Mobile vehicle carrying three people, Kashmir Observer mentions.Two person including a driver are having treatment in the hospital in critical conditi","Zojila, India (Srinagar-Kargil Road)",5km,mudslide,rain,medium,unknown,1,0, , , ,GLC,4823,34.2946,75.4832,India,IN,Jammu and Kashmir,Matayan,13.75,1396310400000.0,1606348800000,75.4832000000001,34.2946000000001,2013-04-26 00:00:00+00:00,False,prox:68:150:5273
9468,The Tribune,http://www.tribuneindia.com/news/himachal/woman-kids-die-in-theog-house-collapse/111662.html,7288,1437868800000.0, ,Kullu,"Heavy rain caused landslides blocking roads in interiors of Shimla, Chamba, Mandi and Kullu districts and over 100 roads in interior areas were blocked.",Kullu,5km,landslide,continuous_rain,small,above_road,0,0, , , ,GLC,7288,31.9563,77.1135,India,IN,Himachal Pradesh,Kulu,0.86,1437955200000.0,1606348800000,77.1135000000001,31.9563,2015-07-26 00:00:00+00:00,False,prox:63:154:5547
9471,Times of India,http://timesofindia.indiatimes.com/city/goa/Two-boulders-crash-into-Vasco-house-in-landslide/articleshow/52891876.cms,8163,1466640000000.0,09:00,"Vollant, Vasco, behind the KTC bus stand, Goa, India","Two boulders came down on the rear portion of a house at Vollant, Vasco, behind the KTC bus stand on Thursday, leaving the place susceptible to more landslides. Praveena Rodrigues, a resident of the house, had a miraculous escape. She was in the other ro","Vollant, Vasco, behind the KTC bus stand, Goa, India",5km,rock_fall,downpour,medium,natural_slope,0,0, , , ,GLC,8163,15.3739,73.8911,India,IN,Goa,Goa Dabolim,6.19,1467331200000.0,1606348800000,73.8911000000001,15.3739,2016-06-23 00:00:00+00:00,False,prox:30:147:5658
9478,www.thehindubusinessline.com,http://www.thehindubusinessline.com/news/rains-trigger-cloudburst-landslides-in-uttarakhand/article4948408.ece,5181,1374624000000.0, ,"Rishikesh-Badrinath Highway, Uttarakhand","Due to landslide, the Rishikesh-Badrinath and Rishikesh-Kedarnath highways have been blocked at several places. A team has been rushed to the spot to have a detailed account of the situation there. The affected families are being shifted to safer places,","Rishikesh-Badrinath Highway, Uttarakhand",unknown,landslide,downpour,medium,unknown,0,0, , , ,GLC,5181,30.2733,79.233,India,IN,Uttaranchal,Langsu,5.07,1396310400000.0,1606348800000,79.2330000000001,30.2733000000001,2013-07-24 00:00:00+00:00,False,prox:60:158:5303
9494,sify.com,http://sify.com/news/landslide-claims-four-lives-in-maharashtra-news-national-kgtl4chgdcc.html,2003,1276905600000.0,08:00,"Harne(?) village, near Dapoli, Ratnagiri district, Maharashtra","Four people were killed and as many buried in debris early Saturday as the land caved in while they were sleeping in their houses at Harne village near Dapoli, police said. A landslide occurred in the wee hours at Harne village,' an official from Dapoli","Harne(?) village, near Dapoli, Ratnagiri district, Maharashtra",50km,landslide,downpour,medium,unknown,8,0, , , ,GLC,2003,17.8975,73.2961,India,IN,Maharashtra,Jambu Wari,5.94,1396310400000.0,1606348800000,73.2961000000001,17.8975,2010-06-19 00:00:00+00:00,False,prox:35:146:4926
9502,dnaindia,http://www.dnaindia.com/india/report_three-killed-as-heavy-rains-continue-to-lash-uttarakhand_1412378,2111,1279670400000.0, ,"Peruvai-Kadengodlu rd(?) between Vittal and Manila(Mani?), Bantwal tuluk, Karnataka","Mangalore, Jul 21: The copious rains since over a week are bringing about wide spread damage in the Dakshina Kannada district and also disrupting the normal lives.  Meanwhile, the Peruvai – Kadengodlu road connecting Vittal to Manila in Bantwal taluk h","Peruvai-Kadengodlu rd(?) between Vittal and Manila(Mani?), Bantwal tuluk, Karnataka",10km,landslide,downpour,medium,unknown,0,0, , , ,GLC,2111,12.8277,75.0772,India,IN,Karnataka,Netravati,7.08,1396310400000.0,1606348800000,75.0772000000001,12.8277000000001,2010-07-21 00:00:00+00:00,False,prox:25:150:4937
9504,www.dnaindia.com,http://www.dnaindia.com/india/1864669/report-fresh-incidents-of-landslides-as-heavy-rains-lash-uttarakhand,5177,1374537600000.0, ,"Gauchar, Chamoli District, Uttarakhand","Moderate to heavy rains in most places in Uttarakhand on Tuesday triggered fresh incidents of landslides, cloudbursts and house collapses across the state. Incessant overnight rains in Chamoli district caused fresh landslides at a number of placesÉ Seve","Gauchar, Chamoli District, Uttarakhand",5km,landslide,downpour,medium,unknown,0,0, , , ,GLC,5177,30.2902,79.151,India,IN,Uttaranchal,Langsu,11.9,1396310400000.0,1606348800000,79.1510000000001,30.2902,2013-07-23 00:00:00+00:00,False,prox:60:158:5303
9505,Morung Express,https://web.archive.org/web/20110627132314/http://www.morungexpress.com/regional/67365.html,3637,1308614400000.0, ,"Lasumi village in Phek district, Kohima","June 24 : A major landslide damaged a residential building including paddy fields at Lasumi village in Phek district on June 21 last, destroying properties and crops worth nearly Rs. 16 lakhs. The landslide carried away the whole residential building of","Lasumi village in Phek district, Kohima",1km,landslide,rain,medium,deforested_slope,0,0, , , ,GLC,3637,25.51614662,94.2341227,India,IN,Nagaland,Sochumei,4.24,1396310400000.0,1606348800000,94.234122702,25.51614662,2011-06-21 00:00:00+00:00,False,prox:51:188:5048
9506,Assam Times,http://www.assamtimes.org/node/14780,7933,1441065600000.0, ,Maligaon,"The incessant rains that lashed Guwahati and its adjoining areas are likely to result in landslide soon. Local residents in Amingaon, Thirteenth Mile, Nineth Mile, Maligaon areas fear the tragic rerun of landslide incidents in near future. The district a",Maligaon,1km,rock_fall,rain,medium,unknown,2,0, , , ,GLC,7933,26.1868,91.6739,India,IN,Assam,North Gauhati,6.17,1467244800000.0,1606348800000,91.6739000000001,26.1868000000001,2015-09-01 00:00:00+00:00,False,prox:52:183:5559
9508,Pune Mirror,http://www.punemirror.in/pune/others/Techie-dies-in-Raigad-landslide/articleshow/52929669.cms,7913,1466899200000.0, ,"Raigad Fort, Raigad Fort Natural Reserve, Maharashtra, India","While coming down from the fort, a stone fell on his back, causing him to fall. He sustained serious injuries. Passersby took him to Mahad government hospital, where he was declared dead on arrival.According to Mahad police, during the rains, the fort ar","Raigad Fort, Raigad Fort Natural Reserve, Maharashtra, India",1km,rock_fall,rain,small,above_road,1,0, , , ,GLC,7913,18.241,73.4469,India,IN,Maharashtra,Mahad,19.61,1467158400000.0,1606348800000,73.4469000000001,18.241,2016-06-26 00:00:00+00:00,False,prox:36:146:5659
9511,ibnlive.in.com,http://ibnlive.in.com/news/massive-landslide-in-arunachal-due-to-rainfall-2-districts-remain-cut-off/420409-3-229.html,5442,1378080000000.0, ,Arunachal Pradesh,"With improvement in the weather, the water level of major rivers in Eastern Arunachal showed a receding trend even as West and Upper Siang districts in the state remained cut off due to massive landslides triggered by torrential rain. Chief Minister Naba",Arunachal Pradesh,unknown,landslide,downpour,large,unknown,0,0, , , ,GLC,5442,27.1614,93.7525,India,IN,Arunachal Pradesh,North Lakhimpur,36.06,1396310400000.0,1606348800000,93.7525,27.1614000000001,2013-09-02 00:00:00+00:00,False,prox:54:187:5316
9522,morungexpress,http://www.morungexpress.com/local/51540.html,2042,1278374400000.0, ,"Zunheboto, Nagaland",Dimapur| July 12  : Yet another monsoon season in Nagaland and one has to batter bad roads.    This year’s monsoon has been the worse by far.  The scenario is no different inside the towns. A glimpse is all you need to notice the neglected state of roa,"Zunheboto, Nagaland",5km,mudslide,monsoon,medium,unknown,0,0, , , ,GLC,2042,26.0093,94.5238,India,IN,Nagaland,Yezami,7.35,1396310400000.0,1606348800000,94.5238000000001,26.0093000000001,2010-07-06 00:00:00+00:00,False,prox:52:189:4932
9523,articles.timesofindia.indiatimes.com,http://articles.timesofindia.indiatimes.com/2013-07-08/india/40442321_1_landslides-heavy-rainfall-isolated-places,5050,1373155200000.0, ,"Mandi-Shimla Highway In Mandi, Himachal Pradesh","Heavy rainfall continued to lash several parts of Himachal Pradesh on Sunday, causing rise in water level in rivers, besides triggering landslides at some places. In Mandi town flooding of a nullah near the government hospital choked the hospital premise","Mandi-Shimla Highway In Mandi, Himachal Pradesh",unknown,mudslide,rain,medium,unknown,0,0, , , ,GLC,5050,31.703,76.936,India,IN,Himachal Pradesh,Mandi,0.86,1396310400000.0,1606348800000,76.936,31.703,2013-07-07 00:00:00+00:00,False,prox:63:153:5297
9525,indiLeak,http://www.indileak.com/landslide-halts-amarnath-yatra-on-baltal-route/,7251,1437436800000.0, ,Kullan,"A senior police official said, “owing to landslide debris at Razin and Kulan on the Srinagar-Leh highway that leads to the Baltal base camp, the onward movement of yatra has been stopped.”",Kullan,5km,landslide,continuous_rain,medium,above_road,0,0, , , ,GLC,7251,34.2689,75.1495,India,IN,Jammu and Kashmir,Kulan,2.26,1437436800000.0,1606348800000,75.1495,34.2689,2015-07-21 00:00:00+00:00,False,prox:68:150:5545
9531,www.indiatvnews.com,http://www.indiatvnews.com/news/india/people-in-manipur-evacuate-due-to-landslides-volcanic-eruption-fear-baseless-29544.html,5603,1381622400000.0,19:00,"Tusom, Manipur",Heavy rains have been lashing Tusom village of Ukhrul in Manipur for the past three days which resulted in a massive landslide here. Ukhrul district of Manipur lies close to the Indo-Myanmar border. Villagers immediately evacuated the area fearing volcan,"Tusom, Manipur",5km,mudslide,downpour,medium,unknown,0,0, , , ,GLC,5603,25.426,94.6024,India,IN,Manipur,Somra,17.62,1396310400000.0,1606348800000,94.6024,25.426,2013-10-13 00:00:00+00:00,False,prox:50:189:5330
9535,IBN,http://ibnlive.in.com/generalnewsfeed/news/yatra-to-kedarnath-gangotri-yamunotri-resumes/745000.html,3671,1309305600000.0, ,National Highway leading to Yamunotri from Dehradun,"Jul 1 (PTI) National highways leading to Kedarnath, Gangotri and Yamunotri, which were blocked due to landslides following heavy rains, were reopened today for traffic to resume the yatra, official sources said.The national highways leading to Kedarnath,",National Highway leading to Yamunotri from Dehradun,unknown,landslide,downpour,medium,above_road,0,0, , , ,GLC,3671,30.81507336,78.2242533,India,IN,Uttaranchal,Uttarkashi,22.57,1396310400000.0,1606348800000,78.224253301,30.8150733590001,2011-06-29 00:00:00+00:00,False,prox:61:156:5051
9536,Mumbai Mirror,http://www.mumbaimirror.com/article/2/2010060920100609025510668c413fedb/Landslides-kill-2-girls-injure-3.html,1959,1275955200000.0, ,2 children injured,"In another incident, a wall collapsed at Khindipada area, near the BMC pipeline at Bhandup-west.  Two children Tushar Shirshat, 12, and Gautam Tekle, 8, playing near the wall were crushed under the debris but were rescued by fire brigade officials. Both","Khindipada area, near the BMC pipeline at Bhandup-west",1km,landslide,monsoon,medium,retaining_wall,0,0, , , ,GLC,1959,19.1646,72.9325,India,IN,Maharashtra,Thana,8.3,1410307200000.0,1606348800000,72.9325000000001,19.1646000000001,2010-06-08 00:00:00+00:00,False,prox:38:145:4922
9545,New Indian Express,http://www.newindianexpress.com/nation/Three-of-Family-Buried-Alive-in-Himachal-Landslide/2015/08/08/article2964115.ece,7614,1438992000000.0, ,"Dharampur, Mandi district","Three members of a family were buried alive on Saturday when boulders fell on their house in a village in Himachal Pradesh's Mandi district, police said.","Dharampur, Mandi district",5km,landslide,downpour,medium,deforested_slope,3,0, , , ,GLC,7614,31.8028,76.757,India,IN,Himachal Pradesh,Mandi,20.16,1459900800000.0,1606348800000,76.757,31.8028,2015-08-08 00:00:00+00:00,False,prox:63:153:5551
9560,Asianet India,http://www.asianetindia.com/news/mudslide-konkan-route-disrupts-train-movement_175976.html,2132,1279929600000.0,09:00,"Konkan railway near Adavli Station, Maharashtra",Due to mud slide the movement of train via Konkan route was disrupted on Saturday morning. The mudslide occurred on the railway tracks near Ratnagiri in Maharashtra.  The Railways informed that the train movements were stopped temporarily. The mud is bei,"Konkan railway near Adavli Station, Maharashtra",25km,mudslide,downpour,medium,above_road,0,0, , , ,GLC,2132,16.93911427,73.4745894,India,IN,Maharashtra,Lanja,12.59,1396310400000.0,1606348800000,73.474589402,16.939114267,2010-07-24 00:00:00+00:00,False,prox:33:146:4938
9561,dailynews365,http://www.dailynews365.com/national-news/landslides-killed-14-in-uttarakhand/,653,1216339200000.0, ,Sukhidhang area of Champawat district in Uttarakhand,At least 14 people have been killed & 12 others injured after a passenger bus was hit by landslides,Sukhidhang area of Champawat district in Uttarakhand,5km,landslide,rain,medium,unknown,14,0, , , ,GLC,653,29.33,80.1,India,IN,Uttaranchal,Tanakpur,28.51,1396310400000.0,1606348800000,80.1000000000001,29.33,2008-07-18 00:00:00+00:00,False,prox:58:160:4692
9563,www.hindustantimes.com,http://www.hindustantimes.com/India-news/HimachalPradesh/Landslides-bring-traffic-to-halt-in-Sirmaur/Article1-1077377.aspx,4927,1371340800000.0, ,"National Highway 72-B, Between Paonta Sahib And Sillai, Sirmaur District, Himachal Pradesh",Several roads leading to remote areas of Sirmaur district were reportedly blocked due to landslides triggered by heavy rain in the district on Sunday. National Highway-72 B between Paonta Sahib and Shillai remained blocked for many hours; the traffic was,"National Highway 72-B, Between Paonta Sahib And Sillai, Sirmaur District, Himachal Pradesh",25km,landslide,rain,medium,unknown,0,0, , , ,GLC,4927,30.5728,77.6521,India,IN,Himachal Pradesh,Chuharpur,16.39,1396310400000.0,1606348800000,77.6521000000001,30.5728,2013-06-16 00:00:00+00:00,False,prox:61:155:5290
9571,indiavision,http://www.indiavision.com/news/article/national/88496/,2201,1280966400000.0, ,"Darjeeling district, West Bengal, Toy Train route","Landslide in West Bengal's Darjeeling district caused the roads to cave in, which in turn severely damaged the narrow gauge track on which the famous Toy train runs. Massive landslide occurred due to heavy downpour on Thursday. The landslide has upset al","Darjeeling district, West Bengal, Toy Train route",5km,landslide,downpour,medium,unknown,0,0, , , ,GLC,2201,27.0366,88.263,India,IN,West Bengal,Darjeeling,0.63,1396310400000.0,1606348800000,88.263,27.0366000000001,2010-08-05 00:00:00+00:00,False,prox:54:176:4942
9582,himalnews.wordpress,http://himalnews.wordpress.com/2010/07/22/natural-disasters-landslides-destroy-houses/,2112,1279670400000.0,08:00,"Zang(?), east Sikkim","Gangtok, July 21: Five houses were destroyed by landslides triggered by incessant rain at Zang in East Sikkim early this morning. Nobody was hurt as families living in these houses could escape just before the slides struck.","Zang(?), east Sikkim",unknown,landslide,downpour,medium,unknown,0,0, , , ,GLC,2112,27.5509,88.6475,India,IN,Sikkim,Mangan,13.46,1396310400000.0,1606348800000,88.6475,27.5509000000001,2010-07-21 00:00:00+00:00,False,prox:55:177:4937
9589,timesofindia.indiatimes.com,http://timesofindia.indiatimes.com/city/coimbatore/Landslide-damages-3-houses-in-Gudalur/articleshow/20769970.cms,4984,1372118400000.0, ,"Gudalur Town, Nilgiris, Tamil Nadu","Three tile-roofed houses were damaged in Gudalur town in the Nilgiris owing to heavy rain in the area on Tuesday. According to Adhimoolam, revenue divisional officer (Gudalur), minor landslides resulted in the houses being damaged. ""The three families ha","Gudalur Town, Nilgiris, Tamil Nadu",1km,landslide,downpour,small,unknown,0,0, , , ,GLC,4984,11.4991,76.4949,India,IN,Tamil Nadu,Gudalur,4.11,1396310400000.0,1606348800000,76.4949,11.4991,2013-06-25 00:00:00+00:00,False,prox:22:152:5293
9597,www.business-standard.com,http://www.business-standard.com/article/pti-stories/heavy-rains-trigger-cloudburst-landslides-in-hp-113061200940_1.html,4917,1370995200000.0, ,"Village In Pangi Valley, Chamba District","Heavy rains continued to lash several parts of Himachal Pradesh for the third day today, triggering landslides in Chamba district and causing sharp fall in mercury. 100 acres of cultivated land and 10 houses were washed away due to soil erosion in a remo","Village In Pangi Valley, Chamba District",10km,landslide,downpour,medium,unknown,0,0, , , ,GLC,4917,32.5552,76.1249,India,IN,Himachal Pradesh,Chamba,0.33,1396310400000.0,1606348800000,76.1249000000001,32.5552000000001,2013-06-12 00:00:00+00:00,False,prox:65:152:5289
9600,ExpressIndia,http://cities.expressindia.com/fullstory.php?newsid=254038,221,1188518400000.0, ,between Bally Halt and Rajchandrapur stations in Kolkata,"blocked railway, 8 feet deep and occurred at 4:40am",between Bally Halt and Rajchandrapur stations in Kolkata,10km,landslide,rain,medium,unknown,0,0, , , ,GLC,221,22.6461,88.3403,India,IN,West Bengal,Chanditla,8.04,1396310400000.0,1606348800000,88.3403000000001,22.6461,2007-08-31 00:00:00+00:00,False,prox:45:176:4585
9603,prokerala,http://www.prokerala.com/news/articles/a75292.html,1127,1251331200000.0, ,between Mahur and Phaiding railway stations on Barail hills (Mahur and Barail hills located),"The landslides, triggered by torrential rains, took place between Mahur and Phaiding railway stations. The landslides and rock slips damaged the tracks extensively. A 100-metre stretch of track between Mahur and Phaiding had gone under the mud and soil t",between Mahur and Phaiding railway stations on Barail hills (Mahur and Barail hills located),10km,landslide,downpour,medium,unknown,0,0, , , ,GLC,1127,25.1718,93.123,India,IN,Assam,Mahur,0.02,1396310400000.0,1606348800000,93.123,25.1718000000001,2009-08-27 00:00:00+00:00,False,prox:50:186:4827
9604,articles.timesofindia,http://articles.timesofindia.indiatimes.com/2011-07-24/mumbai/29809593_1_konkan-railway-kr-disruption,3829,1311292800000.0, ,"Konkan Railway, between Sindhudurg and Kudal","Konkan Railway services back on track TNN Jul 24, 2011, 06.54am IST  MUMBAI: Services on the Konkan Railway were restored after yet another disruption due to heavy rain on Friday.  Services were affected after a boulder fell on the tracks between Sindhud","Konkan Railway, between Sindhudurg and Kudal",50km,landslide,downpour,small,unknown,0,0, , , ,GLC,3829,16.1078,73.7167,India,IN,Maharashtra,Kudal,11.68,1396310400000.0,1606348800000,73.7167000000001,16.1078,2011-07-22 00:00:00+00:00,False,prox:32:147:5059
9644,beacononline.wordpress,http://beacononline.wordpress.com/2008/08/31/landslide-victims-being-compensated/,755,1219881600000.0, ,"Ranka, Sikkim and Louing road","most affected villages of block level are Pabing, Changram, Doksing and Thami Dara","Ranka, Sikkim and Louing road",25km,landslide,downpour,medium,unknown,0,0, , , ,GLC,755,27.337,88.609,India,IN,Sikkim,Tista,16.73,1396310400000.0,1606348800000,88.609,27.337,2008-08-28 00:00:00+00:00,False,prox:54:177:4706
9661,articles.timesofindia.indiatimes.com,http://articles.timesofindia.indiatimes.com/2013-07-08/india/40442321_1_landslides-heavy-rainfall-isolated-places,5054,1373155200000.0, ,"Mandi Gurdwara, Himachal Pradesh","Heavy rainfall continued to lash several parts of Himachal Pradesh on Sunday, causing rise in water level in rivers, besides triggering landslides at some places. In Mandi town flooding of a nullah near the government hospital choked the hospital premise","Mandi Gurdwara, Himachal Pradesh",1km,landslide,downpour,small,unknown,0,0, , , ,GLC,5054,31.7018,76.9424,India,IN,Himachal Pradesh,Mandi,0.94,1396310400000.0,1606348800000,76.9424000000001,31.7018,2013-07-07 00:00:00+00:00,False,prox:63:153:5297
9663,hindu,http://www.hindu.com/thehindu/holnus/004200806251866.htm,609,1214352000000.0, ,Udhagamandalam,"Traffic was totally stopped on the Gudalur-Kerala National Highway on Wednesday, following landslides at three places, due to heavy rains for the last couple of days",Udhagamandalam,25km,landslide,downpour,medium,unknown,0,0, , , ,GLC,609,11.41,76.69,India,IN,Tamil Nadu,Ootacamund,0.59,1396310400000.0,1606348800000,76.6900000000001,11.41,2008-06-25 00:00:00+00:00,False,prox:22:153:4685
9675,articles.timesofindia.indiatimes.com,http://articles.timesofindia.indiatimes.com/2013-07-26/mumbai/40813862_1_kalyan-debris-kasara,5189,1374710400000.0,05:00,"Malshej Ghat, Maharashtra","A landslide at MalshejGhat caused due to Thursday's downpour disrupted traffic on National Highway 222. Officials said the key motorway, which connects Kalyan to Nashik, will be cleared in two days. ""Given the terrain, our workers may be able to remove d","Malshej Ghat, Maharashtra",5km,rock_fall,downpour,medium,unknown,0,0, , , ,GLC,5189,19.3379,73.7767,India,IN,Maharashtra,Harischandra Range,13.93,1396310400000.0,1606348800000,73.7767000000001,19.3379,2013-07-25 00:00:00+00:00,True,prox:38:147:5303
9680,sahilonline,http://www.sahilonline.org/english/news.php?catID=coastalnews&nid=6513&viewed=0,1209,1254441600000.0, ,National Highway 17 between Karwar and Ankola (,"The National Highway 17 between Karwar and Ankola has been blocked completely due to the many landslides that occurred on the stetch. Till the previous evening the water had deluged upto 8 to 10 feet, which has further disrupted the traffic movement on t",National Highway 17 between Karwar and Ankola (,25km,landslide,downpour,medium,unknown,0,0, , , ,GLC,1209,14.7395,74.2566,India,IN,Karnataka,Ankola,9.73,1396310400000.0,1606348800000,74.2566,14.7395000000001,2009-10-02 00:00:00+00:00,False,prox:29:148:4839
9682,Business Standard,http://www.business-standard.com/article/news-ani/landslide-stalls-planned-pilgrimage-on-yamunotri-route-114081800515_1.html,6525,1408320000000.0, ,Yamunotri route,Fresh landslides triggered by heavy rains have stalled pilgrims from undertaking their pilgrimage on the Yamunotri route.,Yamunotri route,50km,landslide,downpour,medium,above_road,0,0, , , ,GLC,6525,30.9936,78.4594,India,IN,Uttaranchal,Purali,23.45,1418688000000.0,1606348800000,78.4594000000001,30.9936000000001,2014-08-18 00:00:00+00:00,False,prox:61:156:5433
9693,Times of India,http://articles.timesofindia.indiatimes.com/2011-08-08/india/29863818_1_chandigarh-manali-manali-highway-landslides,3889,1312675200000.0,07:00,On the Manali highway near Mandi,Landslides triggered by incessant rains in Mandi district of Himachal Pradesh blocked Pathankot-Mandi and Chandigarh-Manali national highways for many hours on Sunday.  A massive landslide in Gumma on Pathankot-Mandi national highway No 20 blocked the ro,On the Manali highway near Mandi,50km,landslide,downpour,medium,unknown,0,0, , , ,GLC,3889,31.7083,76.9316,India,IN,Himachal Pradesh,Mandi,0.82,1396310400000.0,1606348800000,76.9316000000001,31.7083000000001,2011-08-07 00:00:00+00:00,False,prox:63:153:5064
9694,Rising Kashmir,http://www.risingkashmir.com/landslide-earth-sinking-in-bla/,6889,1426377600000.0, ,Bandibala,"As a result of continuous rains and snowfall during the past few days several areas in Baramulla district including Larridora, Bandibala, Dodhbugh, Nilsar, Hajibal, Shirpora and others have witnessed landslides and earth sinking.",Bandibala,5km,landslide,continuous_rain,medium,unknown,0,0, ,http://www.risingkashmir.com/landslide-earth-sinking-in-bla/, ,GLC,6889,34.0786,74.3836,India,IN,Jammu and Kashmir,Gulmarg,1.91,1436745600000.0,1606348800000,74.3836000000001,34.0786,2015-03-15 00:00:00+00:00,False,prox:68:148:5503
9701,news.oneindia.in,http://news.oneindia.in/2013/08/03/almora-sdm-drowned-mandakini-river-in-kedarnath-1275017.html,5240,1375228800000.0,08:00,"Dehradun, Uttarakhand","The sub-divisional magistrate of Almora, Ajay Arora, along with eight others, was killed as rains and landslides lashed Uttarakhand on Wednesday. He was on a mission for reconstruction and relief in Kedarnath valley when the incident happened in river Ma","Dehradun, Uttarakhand",10km,landslide,downpour,medium,unknown,4,0, , , ,GLC,5240,30.3822,78.0949,India,IN,Uttaranchal,Dehra Dun,6.99,1396310400000.0,1606348800000,78.0949000000001,30.3822000000001,2013-07-31 00:00:00+00:00,False,prox:60:156:5305
9706,The hindu.com,http://www.hindu.com/thehindu/holnus/001200709072070.htm,242,1189123200000.0, ,"Darjeeling Hills, multiple villages in area (Kurseong, Kalimpong, Bhalukopa, Kukhleinkhani)",multiple landslides in different villages,"Darjeeling Hills, multiple villages in area (Kurseong, Kalimpong, Bhalukopa, Kukhleinkhani)",25km,landslide,rain,medium,unknown,0,0, , , ,GLC,242,26.8833,88.2833,India,IN,West Bengal,Kurseong,0.43,1396310400000.0,1606348800000,88.2833000000001,26.8833000000001,2007-09-07 00:00:00+00:00,False,prox:53:176:4587
9709,Kashmir Life,http://www.kashmirlife.net/landslide-damages-residential-house-in-handwara-101144/,9380,1459728000000.0, ,Hanjishat village in Handwara area of Kupwara district,due to rainfall in the area water level increased in Pohru stream caused landslide along the near the stream banks,Hanjishat village in Handwara area of Kupwara district,5km,landslide,continuous_rain,small,above_river,0,0, , , ,GLC,9380,34.4002,74.2798,India,IN,Jammu and Kashmir,Nutnus,7.12,1470182400000.0,1606348800000,74.2798000000001,34.4002,2016-04-04 00:00:00+00:00,False,prox:68:148:5631
9714,timesofindia.indiatimes,http://timesofindia.indiatimes.com/city/chandigarh/Morni-landslides-leave-150-stuck/articleshow/6539067.cms,2414,1284163200000.0,16:00,"Mandana(Madana) village(?), Panchkula-Morni rd, 20 km from Panchkula, Haryana","Morni landslides leave 150 stuck  TNN, Sep 12, 2010, 06.03am IST  PANCHKULA: Landslides on the Panchkula-Morni route  following heavy rains and uprooting of trees, left around 150 people on way to Haryana's only hill station stranded since Saturday eveni","Mandana(Madana) village(?), Panchkula-Morni rd, 20 km from Panchkula, Haryana",5km,landslide,downpour,medium,unknown,0,0, , , ,GLC,2414,30.7059,76.9844,India,IN,Haryana,Pinjaur,11.54,1396310400000.0,1606348800000,76.9844000000001,30.7059,2010-09-11 00:00:00+00:00,False,prox:61:153:4954
9730,thehindu,http://www.thehindu.com/news/states/kerala/article792720.ece,2495,1285286400000.0,01:00,"rail line between Mulanthuruthy and Piravom near Mulanthruth, Kerala",Train services in the Kottayam-Ernakulam route have been cancelled after mud caved in on the Thiruvananthapuram-Mangalore Express early on Friday morning in between Mulanthuruthy and Piravom.  Around a dozen passengers were injured after they panicked an,"rail line between Mulanthuruthy and Piravom near Mulanthruth, Kerala",5km,landslide,downpour,medium,unknown,0,0, , , ,GLC,2495,9.8988,76.3902,India,IN,Kerala,Tripunittura,6.03,1396310400000.0,1606348800000,76.3902,9.89880000000005,2010-09-24 00:00:00+00:00,False,prox:19:152:4958
9731,The Northeast Today,http://thenortheasttoday.com/landslides-damage-houses-graves-in-aizawl/,8224,1442188800000.0,01:00,"Aizawl, Mizoram, India","Earlier around 1:30am, landslide damaged 39 graves at Republic Veng locality in the heart of the city. The landslide also blocked internal road of the locality. With this, landslides have damaged a total of 311 graves in four localities in Aizawl.","Aizawl, Mizoram, India",5km,landslide,downpour,medium,above_road,0,0, ,http://thenortheasttoday.com/wp-content/uploads/2015/09/12033852_1012700228774617_1216798541_n.gif, ,GLC,8224,23.7313,92.7187,India,IN,Mizoram,Aizwal,9.12,1467676800000.0,1606348800000,92.7187000000001,23.7313,2015-09-14 00:00:00+00:00,False,prox:47:185:5564
9734,my-telugu,http://www.my-telugu.com/?p=2060,2338,1282780800000.0,09:00,"ghat road leading to Sri Kanakadurga(Kanaka Durga) temple, Indrakeeladri hill, Vijayawada city, Andhra Pradesh","Vijayawada, Aug 26 (INN): Devotees on their way to the Sri Kanakadurga temple on the Indrakeeladri had a providential escape after a landslide resulted in a rain of debris on the Ghat Road leading to the temple.  Authorities heaved a sigh of relief as no","ghat road leading to Sri Kanakadurga(Kanaka Durga) temple, Indrakeeladri hill, Vijayawada city, Andhra Pradesh",1km,complex,downpour,medium,unknown,0,0, , , ,GLC,2338,16.5141,80.6053,India,IN,Andhra Pradesh,Vijayawada,2.77,1396310400000.0,1606348800000,80.6053000000001,16.5141,2010-08-26 00:00:00+00:00,False,prox:33:161:4949
9742,The Northlines,http://thenorthlines.com/readMore.aspx?nid=38956,7168,1428364800000.0, ,Khanpora,"Locals informed CNS that following the sinking of karewa, three houses collapsed and damaged completely due to mudslide.",Khanpora,1km,landslide,continuous_rain,medium,urban,0,1, , , ,GLC,7168,34.2088,74.3279,India,IN,Jammu and Kashmir,Baramula,2.09,1436745600000.0,1606348800000,74.3279000000001,34.2088000000001,2015-04-07 00:00:00+00:00,False,prox:68:148:5510
9746,www.hindustantimes.com,http://www.hindustantimes.com/News-Feed/Jammu Sec/Srinagar-Leh-national-highway-closed-due-to-landslide/Article1-1102398.aspx,5244,1375315200000.0,20:00,"Pushkum In Kargil, Kashmir","The Srinagar-Leh national highway in Jammu and Kashmir remained closed for the second consecutive day on Friday due to a landslide in the Kargil area triggered by cloudburst. ""The traffic on the Srinagar-Leh road has been suspended due to the landslide o","Pushkum In Kargil, Kashmir",5km,landslide,downpour,medium,unknown,0,0, , , ,GLC,5244,34.4332,76.2851,India,IN,Jammu and Kashmir,Goma,1.11,1435622400000.0,1606348800000,76.2851000000001,34.4332000000001,2013-08-01 00:00:00+00:00,False,prox:68:152:5306
9768,www.thehindu.com,http://www.thehindu.com/news/national/other-states/landslide-damages-kedarnath-highway-yatra-still-on/article5248031.ece?homepage=true,5611,1382054400000.0,09:00,"National Highway 109, Uttarakhand","A fresh landslide on Friday morning damaged 350 metre of National Highway 109 to Kedarnath. A 200 metre stretch had already been washed away in a landslide that occurred on Wednesday evening, Rudraprayag District Magistrate Raghav Lavangar told The Hindu","National Highway 109, Uttarakhand",25km,landslide,rain,medium,unknown,0,0, , , ,GLC,5611,30.5345,79.0853,India,IN,Uttaranchal,Gaundar,11.51,1396310400000.0,1606348800000,79.0853000000001,30.5345,2013-10-18 00:00:00+00:00,False,prox:61:158:5332
9771,NDTV,http://www.ndtv.com/india-news/cloudburst-kills-3-at-amarnath-camp-rescue-operation-on-1200523,7275,1437696000000.0, ,Baltal,"""The army has launched a massive relief and rescue operation to save the pilgrims trapped in landslide at Baltal,"" defence ministry spokesman Lt Col NN Joshi said in Srinagar.  ""There were cloudburst-triggered landslides at three places between Baltal ga",Baltal,1km,landslide,continuous_rain,medium,unknown,0,0, , , ,GLC,7275,34.258,75.4189,India,IN,Jammu and Kashmir,Sonamarg,12.3,1437955200000.0,1606348800000,75.4189000000001,34.258,2015-07-24 00:00:00+00:00,False,prox:68:150:5546
9772,The Hindu,http://www.thehindu.com/news/national/tamil-nadu/landslide-on-nmr-track/article5975555.ece,6011,1399161600000.0, ,Adderlie near Coonoor,A landslide partially hit train services on the Nilgiri Mountain Railway (NMR) on Sunday. Railway sources told The Hindu that due to a downpour on Saturday evening in Coonoor and some places below a landslip had occurred on the track at Adderlie.,Adderlie near Coonoor,10km,landslide,rain,small,above_road,0,0, , , ,GLC,6011,11.3403,76.8267,India,IN,Tamil Nadu,Coonoor,3.67,1408838400000.0,1606348800000,76.8267000000001,11.3403000000001,2014-05-04 00:00:00+00:00,False,prox:22:153:5398
9776,dnaindia,http://www.dnaindia.com/india/report_landslide-leaves-tourists-stranded-in-leh_1700022,4396,1339113600000.0, ,450 civilians stranded,rain and snow triggered landslides that stranded about 450 tourists in 150 vehicles. Altitude sickness necessitated the use of medical oxygen.,"Khardung la Pass, Leh district",10km,landslide,downpour,medium,unknown,0,0, , ,Additional details from NDTV,GLC,4396,34.27950832,77.59998914,India,IN,Jammu and Kashmir,Leh,11.19,1396310400000.0,1606348800000,77.59998914,34.27950832,2012-06-08 00:00:00+00:00,False,prox:68:155:5166
9777,ABP News,http://www.abplive.in/india-news/himachal-pradesh-massive-rockslide-blocks-nh-5-407177,9490,1472428800000.0,23:00,NH-05 near Chaura village,Incessant rains have caused massive rockslides blocking the National Highway-5 that connects the state with Punjab.,NH-05 near Chaura village,5km,rock_fall,continuous_rain,medium,above_road,0,0, ,http://static.abplive.in/wp-content/uploads/2016/08/30100545/ROCKSLIDE-compressed-580x395.jpg, ,GLC,9490,31.5728,77.8561,India,IN,Himachal Pradesh,Sarahan,8.25,1472688000000.0,1606348800000,77.8561000000001,31.5728,2016-08-29 00:00:00+00:00,False,prox:63:155:5680
9784,ibnlive.in,http://ibnlive.in.com/generalnewsfeed/news/landslide-kills-five-showers-soak-parts-of-north/652420.html,3376,1302998400000.0, ,"Kundial village(?) or Bopa Pull(?) of Kashtigarh(Kastigarh )(?) or Bhogal village(?), Doda district, Jammu","Apr 18,2011  New Delhi, Apr 18 (PTI) Five of a family perished in a landslide in Jammu and Kashmir as rains drenched parts of North India for the second day today pouring cool comfort on its residents. A landslide, triggered by torrential rains, struck K","Kundial village(?) or Bopa Pull(?) of Kashtigarh(Kastigarh )(?) or Bhogal village(?), Doda district, Jammu",unknown,landslide,downpour,medium,unknown,5,0, , , ,GLC,3376,33.1488,75.5526,India,IN,Jammu and Kashmir,Doda,0.71,1396310400000.0,1606348800000,75.5526,33.1488000000001,2011-04-17 00:00:00+00:00,False,prox:66:151:5027
9786,india.nydailynews,http://india.nydailynews.com/newsarticle/50533f44c110c01e42000000/india-landslides-kill-28,4550,1347580800000.0,08:00,"Rudraprayag, Uttarakhand","At least 28 people in northern India died on Friday in landslides and flashfloods triggered by heavy overnight monsoon rains and about a dozen others are missing, a rescue official told AFP. The deaths occurred in the early hours after particularly heavy","Rudraprayag, Uttarakhand",5km,landslide,downpour,very_large,unknown,19,0, , , ,GLC,4550,30.2853,78.9829,India,IN,Uttaranchal,Srinagar,15.73,1396310400000.0,1606348800000,78.9829,30.2853000000001,2012-09-14 00:00:00+00:00,False,prox:60:157:5199
9790,The Times of India,http://timesofindia.indiatimes.com/city/ranchi/Holy-streams-emeHoly-streams-emerge-after-Palamu-rain/articleshow/48136411.cms?,7248,1437177600000.0,17:00,Kharganjuwa hill near Barki Lami pahar 30km from Daltonganj,"Nitish Priyadarshi, a former professor of Geology at Ranchi University, said the hills in Jharkhand are more than a million years old and most of them have become 'dead' comprising soil.  ""This particular hillock in Chainpur consists of granite, gneiss a",Kharganjuwa hill near Barki Lami pahar 30km from Daltonganj,50km,mudslide,continuous_rain,medium,natural_slope,0,0, , , ,GLC,7248,24.0406,84.0696,India,IN,Jharkhand,Daltonganj,0.47,1437436800000.0,1606348800000,84.0696,24.0406,2015-07-18 00:00:00+00:00,False,prox:48:168:5544
9793,Hindu,http://www.thehindu.com/news/national/other-states/life-remains-hit-in-darjeeling-hills/article9222389.ece,9620,1476489600000.0, ,Rangpo,"The road on way to Peiling in Sikkim remained cut off due to landslides at Namchi and Rangpo but the Lava-Lolegaon route in Darjeeling was still working, though only for cars and the small vehicles took long detour through the second route, the officials",Rangpo,5km,landslide,downpour,medium,above_road,0,0, , , ,GLC,9620,27.172,88.5292,India,IN,West Bengal,Kalimpong,11.99,1476835200000.0,1606348800000,88.5292000000001,27.172,2016-10-15 00:00:00+00:00,False,prox:54:177:5696
9818,Business Standard,http://www.business-standard.com/article/pti-stories/couple-killed-in-landslide-in-ramban-114051401366_1.html,6024,1400025600000.0, ,Ramban,"A couple died in a landslide that hit their house in Ramban district of Jammu and Kashmir today. Rescuers, however, managed to save their three-year-old daughter from under the debris, a defence spokesman said. The house of Abdul Gani Khandey was hit by",Ramban,1km,landslide,rain,small,unknown,2,0, , , ,GLC,6024,33.2394,75.2405,India,IN,Jammu and Kashmir,Chaunkri,20.57,1408838400000.0,1606348800000,75.2405000000001,33.2394,2014-05-14 00:00:00+00:00,False,prox:66:150:5401
9819,sify.com,http://sify.com/news/two-killed-in-himachal-landslides-news-national-kiotEcdjgci.html,2246,1281744000000.0, ,"Solan : Zhang Cheng felt lucky he did not take a nap as usual when the landslide destroyed his home in Nanyue village in Dujiangyan, Sichuan province*","Zhang Cheng felt lucky he did not take a nap as usual when the landslide destroyed his home in Nanyue village in Dujiangyan, Sichuan province, on Friday.  ""Because of the downpour, I became sleepless and fled in good time when a large mass of the landsli", ,5km,landslide,downpour,medium,unknown,2,0, , , ,GLC,2246,30.9012,77.0958,India,IN,Himachal Pradesh,Gannja,8.75,1410739200000.0,1606348800000,77.0958000000001,30.9012000000001,2010-08-14 00:00:00+00:00,False,prox:61:154:4945
9823,articles.timesofindia,http://articles.timesofindia.indiatimes.com/2012-09-02/goa/33548493_1_nh-17-b-traffic-police-s-v-parni,4528,1346457600000.0,04:00,"Toyota Showroom, Goa, India",A landslide in the wee hours of Saturday at Santrant-Cortalim brought traffic to a grinding halt for several hours on the busy NH 17. Traffic police diverted vehicles onto byways to ensure the Margao-Panaji route was still accessible. No casualties were,"Toyota Showroom, Goa, India",1km,landslide,downpour,medium,unknown,0,0, , , ,GLC,4528,15.3826,73.9239,India,IN,Goa,Goa Dabolim,9.65,1396310400000.0,1606348800000,73.9239000000001,15.3826,2012-09-01 00:00:00+00:00,False,prox:30:147:5194
9831,Kashmir Times,http://www.kashmirtimes.in/newsdet.aspx?q=42967,7195,1436659200000.0, ,Seri in Ramban along Jammu-Srinagar National Highway,"One-year old child Sunday died when a car, in which he was travelling along with his family, was struck by a landslide at Seri in Ramban along Jammu-Srinagar National Highway, while continued to remain closed and traffic remained suspended in the wake of",Seri in Ramban along Jammu-Srinagar National Highway,1km,landslide,continuous_rain,small,above_road,1,0, , , ,GLC,7195,33.2504,75.2102,India,IN,Jammu and Kashmir,Chaunkri,18.62,1436832000000.0,1606348800000,75.2102,33.2504000000001,2015-07-12 00:00:00+00:00,False,prox:66:150:5542
9833,ibnlive.in,http://ibnlive.in.com/generalnewsfeed/news/rains-drench-north-india-7-die-in-rainlinked-incidents/753764.html,3756,1310256000000.0, ,Mandi district,"In Uttarakhand, light to moderate rains continued to lash most parts of the hill state with the Met office predicting more rains during the next 24 hours. Incessant rains triggered landslides at Nalupani area in Uttarkashi district blocking vehicular tra",Mandi district,5km,landslide,downpour,medium,unknown,0,0, , , ,GLC,3756,31.7099,76.933,India,IN,Himachal Pradesh,Mandi,0.66,1396310400000.0,1606348800000,76.933,31.7099000000001,2011-07-10 00:00:00+00:00,False,prox:63:153:5055
9836,Red Cross - Field reports,https://www-secure.ifrc.org/dmis/prepare/view_report.asp?ReportID=2987,150,1185753600000.0, ,Chamoli,"Lambagarh and Makhari areas, Chamoli-Joshimuth Marg",Chamoli,50km,landslide,downpour,medium,unknown,0,0, , , ,GLC,150,30.4,79.349,India,IN,Uttaranchal,Langsu,13.04,1396310400000.0,1606348800000,79.349,30.4,2007-07-30 00:00:00+00:00,False,prox:60:158:4574
9842,The Times of India,http://timesofindia.indiatimes.com/india/Darjeeling-landslides-kill-20/articleshow/47891729.cms,7034,1435622400000.0, ,"Lava, Kalimpong","In Lava, Kalimpong one student of Class 9 was killed, and all roads to and from Lava are shut down","Lava, Kalimpong",1km,landslide,downpour,medium,unknown,1,0, , , ,GLC,7034,27.0875,88.6556,India,IN,West Bengal,Kalimpong,17.68,1435708800000.0,1606348800000,88.6556,27.0875,2015-06-30 00:00:00+00:00,False,prox:54:177:5538
9845,morungexpress,http://www.morungexpress.com/frontpage/69382.html,3916,1313193600000.0,08:00,"Chumukedima, Dimapur","22 mudslides, 4 major slides. Road closed","Chumukedima, Dimapur",10km,mudslide,downpour,medium,unknown,0,0, , , ,GLC,3916,25.7713,93.8067,India,IN,Nagaland,Dimapur,12.91,1396310400000.0,1606348800000,93.8067,25.7713,2011-08-13 00:00:00+00:00,False,prox:51:187:5066
9846,Arunchal Times,http://www.arunachaltimes.in/two-killed-in-lumla-landslide-four-injured/,9428,1461283200000.0,21:00,"Thongleng village, Lumla, Tawang, Arunachal Pradesh, India","A Septuagenarian couple was killed and four others injured seriously in a landlside in Thongleng village under Lumla sub-division in Tawang on Friday night. The landslide, which occurred at around 9.30 pm, also washed away three houses, Lumla ADC informe","Thongleng village, Lumla, Tawang, Arunachal Pradesh, India",10km,landslide,continuous_rain,medium,unknown,2,4, , , ,GLC, ,27.5523,91.752,India,IN,Arunachal Pradesh,Twang Shyo,12.91,1470355200000.0,1606348800000,91.7520000000001,27.5523000000001,2016-04-22 00:00:00+00:00,False,prox:55:183:5637
9848,articles.timesofindia,http://articles.timesofindia.indiatimes.com/2012-07-04/guwahati/32536229_1_massive-landslides-landslide-hit-road-blockade,4436,1340582400000.0, ,"Khonsa, Arunachal Pradesh","Road communication between Khonsa, the district headquarters, and Lazu, an administrative post situated on the Myanmar border, about 40km from Khonsa, has remained cut off for the past three days following massive landslides triggered by rain at Pongkong","Khonsa, Arunachal Pradesh",50km,landslide,downpour,medium,unknown,0,0, , , ,GLC,4436,26.9986,95.4993,India,IN,Arunachal Pradesh,Laju,13.65,1396310400000.0,1606348800000,95.4993000000001,26.9986000000001,2012-06-25 00:00:00+00:00,False,prox:53:190:5172
9859,NDTV,http://www.ndtv.com/india-news/jammu-srinagar-national-highway-blocked-due-to-landslide-amarnath-yatra-suspended-1205141,7613,1438992000000.0, ,Jammu-Srinagar National Highway at Kheri in Udhampur district,The Amarnath yatra has been suspended today due to closure of the Jammu-Srinagar National Highway in the wake of a landslide triggered by heavy rains in Udhampur district of the state.,Jammu-Srinagar National Highway at Kheri in Udhampur district,10km,landslide,downpour,medium,above_road,0,0, ,http://media2.intoday.in/indiatoday/images/stories/jammu_647_080815124015.jpg, ,GLC,7613,32.9961,75.1994,India,IN,Jammu and Kashmir,Udhampur,10.68,1459900800000.0,1606348800000,75.1994000000001,32.9961000000001,2015-08-08 00:00:00+00:00,False,prox:65:150:5551
9862,Assam Times,http://www.assamtimes.org/node/14622,7706,1439942400000.0, ,National Highway at Kuliang,"More landslide has complicated the surface communication in Ratachora, Tansen and Kuliang keeping a major portion of the National Highway blocked.",National Highway at Kuliang,5km,landslide,rain,medium,above_road,0,0, , , ,GLC,7706,25.0728,92.3636,India,IN,Meghalaya,Chargram,11.0,1463097600000.0,1606348800000,92.3636000000001,25.0728,2015-08-19 00:00:00+00:00,False,prox:50:184:5555
9871,NYOOOZ,http://www.nyoooz.com/guwahati/515423/woman-killed-in-wall-collapse-after-landslide-in-guwahati,8222,1466553600000.0,12:00,"Piyali Phukan Nagar, Guwahati, India","A woman was buried alive in Piyali Phukan Nagar in the city when the guard wall of her house collapsed after a landslide. No one else from her family was injured.The rescue official said Rukia's house was located just on the edge of a hill. ""After almost","Piyali Phukan Nagar, Guwahati, India",5km,mudslide,downpour,medium,natural_slope,1,0, ,http://timesofindia.indiatimes.com/photo/52879646.cms, ,GLC,8222,26.1961,91.7825,India,IN,Assam,Gauhati,3.33,1467676800000.0,1606348800000,91.7825000000001,26.1961000000001,2016-06-22 00:00:00+00:00,False,prox:52:183:5658
9875,ptinews,http://www.ptinews.com/news/316483_Three-killed--ten-injured-in-Mizoram-landslide,1222,1254700800000.0, ,"Chhinga Veng, Aizawl","Three persons, including a five-year-old girl, were killed and ten others injured when a massive landslide triggered by rains swept away a building at Chhinga Veng locality here, police said. Besides a five-year-old girl, her grandmother and a 23-year-ol","Chhinga Veng, Aizawl",5km,landslide,downpour,medium,urban,3,0, , , ,GLC,1222,23.73478778,92.72124394,India,IN,Mizoram,Aizwal,8.85,1396310400000.0,1606348800000,92.7212439400001,23.73478778,2009-10-05 00:00:00+00:00,False,prox:47:185:4840
9885,webindia123,http://news.webindia123.com/news/Articles/India/20150719/2644934.html,7227,1437264000000.0,15:00,Sandrathi village of Munsiyari block of Pithoragarh district,"A woman died after being hit with a stone falling from hills above in Munsiyari block of Pithoragarh district, the eighth victim of landslide in the border district this rainy season.",Sandrathi village of Munsiyari block of Pithoragarh district,1km,rock_fall,monsoon,small,natural_slope,1,0, , , ,GLC,7227,30.0705,80.2364,India,IN,Uttaranchal,Mathkot,7.29,1437350400000.0,1606348800000,80.2364000000001,30.0705,2015-07-19 00:00:00+00:00,False,prox:60:160:5545
9889,Z News,http://zeenews.india.com/news/uttarakhand/landslide-leaves-500-stranded-in-uttarakhand_1640391.html,7391,1438387200000.0, ,Gangotri highway,At least 500 people were left stranded after a landslide blocked a highway in Uttarakhand on Saturday.,Gangotri highway,50km,rock_fall,continuous_rain,medium,above_road,0,1, , , ,GLC,7391,31.0358,78.8578,India,IN,Uttaranchal,Dhumku,13.42,1454025600000.0,1606348800000,78.8578000000001,31.0358,2015-08-01 00:00:00+00:00,False,prox:62:157:5549
9898,International Business Times,http://www.ibtimes.co.in/meghalaya-massive-landslide-east-jaintia-hills-flash-floods-shillong-hit-normal-life-643439,7590,1439942400000.0, ,Tongseng,"Minor landslides were also reported in Tongseng, Ratacherra and Dona areas.",Tongseng,5km,landslide,rain,small,unknown,0,0, , , ,GLC,7590,25.1416,92.3807,India,IN,Meghalaya,Chargram,18.19,1458777600000.0,1606348800000,92.3807,25.1416,2015-08-19 00:00:00+00:00,False,prox:50:184:5555
9904,The Tribune,http://www.tribuneindia.com/news/himachal/woman-kids-die-in-theog-house-collapse/111662.html,7286,1437868800000.0, ,Shimla,"Heavy rain caused landslides blocking roads in interiors of Shimla, Chamba, Mandi and Kullu districts and over 100 roads in interior areas were blocked.",Shimla,10km,landslide,continuous_rain,small,above_road,0,0, , , ,GLC,7286,31.1003,77.1751,India,IN,Himachal Pradesh,Simla,10.05,1437955200000.0,1606348800000,77.1751,31.1003,2015-07-26 00:00:00+00:00,False,prox:62:154:5547
9905,Times of India,http://timesofindia.indiatimes.com/india/Landslide-hits-rail-traffic-on-Konkan-route/articleshow/6329866.cms,2267,1282089600000.0,04:00,"Pomendi Hill(?), Goa-Mumbai Konkan railway, both sides of Ratnagiri, Maharashtra","Rail traffic on Konkan railway route was severely affected on Wednesday as several trains were halted at various stations after a landslide near Ratnagiri, officials said.  The incident has occurred last night.","Pomendi Hill(?), Goa-Mumbai Konkan railway, both sides of Ratnagiri, Maharashtra",25km,landslide,downpour,medium,unknown,0,0, , , ,GLC,2267,17.0661,73.5027,India,IN,Maharashtra,Sangameshwar,13.82,1396310400000.0,1606348800000,73.5027000000001,17.0661000000001,2010-08-18 00:00:00+00:00,False,prox:34:147:4946
9907,hindustantimes,http://www.hindustantimes.com/Landslides-floods-kill-2-in-Konkan-roads-tracks-blocked/Article1-576331.aspx,2119,1279756800000.0, ,Rajapur-Vaibhavwadi section of the Konkan railway,"Heavy rain over Wednesday and Thursday caused severe disruptions in the Konkan. Two deaths were reported from Ratngiri district and traffic on stretches of the Konkan Railway, the Mumbai-Goa Highway and other arterial roads was blocked due to landslides.",Rajapur-Vaibhavwadi section of the Konkan railway,25km,landslide,downpour,medium,unknown,0,0, , , ,GLC,2119,16.5676,73.6608,India,IN,Maharashtra,Rajapur,18.11,1396310400000.0,1606348800000,73.6608000000001,16.5676,2010-07-22 00:00:00+00:00,False,prox:33:147:4937
9910,articles.timesofindia.indiatimes.com,http://articles.timesofindia.indiatimes.com/2013-07-08/india/40442779_1_food-grains-villages-pithoragarh-district-headquarters,5024,1372896000000.0, ,"Gunji, Uttarakhand","A 52-member batch of Kailash Mansarovar pilgrims has been stuck in Gunji town, 120 km from Pithoragarh, since July 4 due to landslides triggered by incessant rainfall over the past five days. The pilgrims are on their way back to Pithoragarh. ""Gunji has","Gunji, Uttarakhand",50km,landslide,continuous_rain,medium,unknown,0,0, , , ,GLC,5024,30.1719,80.8576,India,IN,Uttaranchal,Sobala,28.2,1396310400000.0,1606348800000,80.8576,30.1719000000001,2013-07-04 00:00:00+00:00,False,prox:60:161:5296
9943,www.morungexpress.com,http://www.morungexpress.com/local/103875.html,5336,1376611200000.0, ,"Tobu, Nagaland","Besides massive mudslide near Yakshu field, multiple landslide/ mudslides along the Tobu road between 71 BRTF camp to Kimang river have occurred affecting the roads by washing away culverts and blocking the roads. All minor landslides/mudslides have been","Tobu, Nagaland",10km,landslide,rain,medium,unknown,0,0, , , ,GLC,5336,26.3897,94.9439,India,IN,Nagaland,Noklak,22.14,1396310400000.0,1606348800000,94.9439000000001,26.3897000000001,2013-08-16 00:00:00+00:00,False,prox:52:189:5311
9946,reuters,http://www.reuters.com/article/homepageCrisis/idUS122202461418._CH_.2400,797,1221782400000.0, ,"Rohru,Theog and Chopal sub-divisions, Shimla, Himachal Pradesh","monsoon rains caused extensive flooding and landslides in Northern area, hillslope collapsed and crushed many houses and people in the local market in Shimla","Rohru,Theog and Chopal sub-divisions, Shimla, Himachal Pradesh",10km,landslide,downpour,large,unknown,38,0, , , ,GLC,797,31.1,77.1645,India,IN,Himachal Pradesh,Simla,9.07,1396310400000.0,1606348800000,77.1645,31.1000000000001,2008-09-19 00:00:00+00:00,False,prox:62:154:4713
9963,The Statesmen,http://www.thestatesman.com/news/northeast/27-graves-damaged-in-mizoram-landslide/70263.html,6963,1434672000000.0, ,"Muanna locality, Mizoram",At least 27 graves of a cemetery were damaged in rain-triggered landslide,"Muanna locality, Mizoram",50km,landslide,rain,medium,natural_slope,0,0, , , ,GLC,6963,23.7131,92.7362,India,IN,Mizoram,Aizwal,7.75,1435190400000.0,1606348800000,92.7362000000001,23.7131000000001,2015-06-19 00:00:00+00:00,False,prox:47:185:5535
9978,Tribune,http://www.tribuneindia.com/news/jammu-kashmir/rain-in-rajouri-cuts-off-khwas-tehsil/117786.html,7636,1439078400000.0,01:00,Houses damaged,Torrential rain since 1 am on Sunday followed by landslides and flash floods wreaked havoc in Khwas tehsil of Rajouri district. All roads leading to the area were closed due to landslides.,Khwas tehsil of Rajouri district,5km,landslide,downpour,medium,above_road,0,0, ,http://images.tribuneindia.com/cms/gall_content/2015/8/2015_8$largeimg09_Aug_2015_235015517gallery.jpg, ,GLC,7636,33.29475374,74.56644559,India,IN,Jammu and Kashmir,Kot Bainka,9.35,1461024000000.0,1606348800000,74.566445587,33.294753744,2015-08-09 00:00:00+00:00,False,prox:66:149:5552
9985,gsi.gov,"http://www.portal.gsi.gov.in/portal/page?_pageid=127,875814&_dad=portal&_schema=PORTAL",2198,1280880000000.0, ,"Baralacha La and Rahni Nallah, Himachal Pradesh along Manali – Leh highway","As per media report landslides triggered by incessant rains on 4th August 2010 at Baralacha La and Rahni Nallah in Himachal Pradesh have blocked the Manali – Leh highway. Landslides have obstructed several stretches of the highway, leaving thousands of","Baralacha La and Rahni Nallah, Himachal Pradesh along Manali – Leh highway",10km,landslide,downpour,medium,unknown,0,0, , , ,GLC,2198,32.7571,77.4138,India,IN,Himachal Pradesh,Malung,36.22,1396310400000.0,1606348800000,77.4138,32.7571,2010-08-04 00:00:00+00:00,False,prox:65:154:4941
10020,print.dailymirror,http://print.dailymirror.lk/news/provincial-news/28115.html,2745,1290470400000.0,08:00,"Kodaikanal-Thandigudi(Thandikudi)-Batlagundu hill road, Tamil Nadu province",CHENNAI: All roads to Kodaikanal were completely blocked following landslides at 13 places on the Kodaikanal-Batlagundu ghat road and Kodaikanal-Thandigudi-Batlagundu hill road on Tuesday.  Torrential showers battered the hill station in the last 24 hour,"Kodaikanal-Thandigudi(Thandikudi)-Batlagundu hill road, Tamil Nadu province",10km,landslide,downpour,medium,unknown,0,0, , , ,GLC,2745,10.2462,77.582,India,IN,Tamil Nadu,Kadaikan,10.84,1396310400000.0,1606348800000,77.5820000000001,10.2462,2010-11-23 00:00:00+00:00,False,prox:20:155:4978
10023,samaylive,http://www.samaylive.com/news/15-dead-in-uttarakhand-landslide/644753.html,1072,1249689600000.0,02:00,"Bala, Pithoragarh, Uttarakhand (450Km from Deheradun)","At least 15 people were killed and 50 missing Saturday in a landslide triggered by heavy rains in Uttarakhand, an official said. The landslide occurred in Pithoragarh district, about 450 km from here. ""So far we have taken out 15 bodies from Bala village","Bala, Pithoragarh, Uttarakhand (450Km from Deheradun)",10km,landslide,downpour,large,unknown,15,0, , , ,GLC,1072,29.5885,80.2098,India,IN,Uttaranchal,Pithoragarh,0.06,1396310400000.0,1606348800000,80.2098,29.5885000000001,2009-08-08 00:00:00+00:00,False,prox:59:160:4821
10034,zeenews.india.com,http://zeenews.india.com/news/uttarakhand/rains-continue-to-lash-u-khand-8-houses-damaged-i_869923.html,5360,1376784000000.0, ,"Chamoli District, Uttarakhand","DMMC said the Rishikesh-Badrinath national highway is blocked at two places in Chamoli district due to landslides, whereas efforts are on in full swing to reopen Rishikesh-Gangotri and Rishkesh-Yamunotri highways, which are also blocked at various locati","Chamoli District, Uttarakhand",5km,landslide,rain,medium,unknown,0,0, , , ,GLC,5360,30.3642,79.3158,India,IN,Uttaranchal,Langsu,7.98,1396310400000.0,1606348800000,79.3158000000001,30.3642,2013-08-18 00:00:00+00:00,False,prox:60:158:5311
10046,Assam Times,http://www.assamtimes.org/node/15150,8339,1442966400000.0, ,Kamakhya Temple,Surface communication remains heavily disrupted atop the Nilachal Hill when a huge rock collapsed on the road leading to the historic Kamakhya temple on Wednesday.It took several hours for PWD and forest officials to clear the road after the rock along w,Kamakhya Temple,1km,landslide,continuous_rain,medium,above_road,0,0, , , ,GLC,8339,26.1666,91.7042,India,IN,Assam,North Gauhati,4.96,1467763200000.0,1606348800000,91.7042000000001,26.1666000000001,2015-09-23 00:00:00+00:00,False,prox:52:183:5567
10047,Infralive,http://infralive.com/web/national-highway-suffers-landslip-near-addahole/,10016,1498521600000.0, ,Landslide on National Highway 75,"Landslide on National Highway 75 between Gundiya and Addahole, traffic movement affected","Addahole, Karnataka State, India",10km,landslide,rain,small,above_road,0,0, , , ,GLC, ,12.82402778,75.21163889,India,IN,Karnataka,Puttur,7.78,1498694400000.0,1606348800000,75.2116388890001,12.8240277780001,2017-06-27 00:00:00+00:00,False,prox:25:150:5781
10058,tribuneindia,http://www.tribuneindia.com/2010/20100923/main1.htm,2458,1284854400000.0, ,"roads to Gangotri, Uttarakhand",Incessant rains and resultant floods and landslides have badly affected adventure tourism with tourists cancelling bookings. Some tourists were still stranded in upper reaches of Himalayas like Gangotri and Manali as landslides have blocked national high,"roads to Gangotri, Uttarakhand",25km,landslide,downpour,medium,unknown,0,0, , , ,GLC,2458,30.9015,78.7756,India,IN,Uttaranchal,Purali,16.57,1396310400000.0,1606348800000,78.7756000000001,30.9015000000001,2010-09-19 00:00:00+00:00,False,prox:61:157:4957
10061,e-pao.net,http://e-pao.net/GP.asp?src=Snipp8..230813.aug13,5427,1376524800000.0, ,"Koide Government High School, Senapati, Manipur","The heavy downpour in Senapati during the past weeks has caused landslides and flood like situation in low land areas in many parts of the district. Besides the National Highway, State highway and Inter Village Roads were badly affected by the downpour.","Koide Government High School, Senapati, Manipur",5km,landslide,downpour,medium,unknown,0,0, , , ,GLC,5427,25.3833,94.1884,India,IN,Manipur,Sochumei,11.57,1396310400000.0,1606348800000,94.1884000000001,25.3833000000001,2013-08-15 00:00:00+00:00,False,prox:50:188:5310
10071,The Times of India,http://timesofindia.indiatimes.com/city/mysuru/Temple-priest-53-others-rescued-from-Uttarakhand/articleshow/47850848.cms,7012,1435190400000.0, ,5 km from Kedarnath Temple,They were stranded in the middle as landslides had taken place at several places en route to Kedarnath.,5 km from Kedarnath Temple,5km,landslide,downpour,medium,above_road,0,0, , , ,GLC,7012,30.6838,79.0479,India,IN,Uttaranchal,Gaundar,14.41,1435536000000.0,1606348800000,79.0479000000001,30.6838000000001,2015-06-25 00:00:00+00:00,False,prox:61:158:5537
10085,sciencythoughts.blogspot.com,http://sciencythoughts.blogspot.com/2013/09/man-killed-in-darjeeling-landslide.html,5533,1379289600000.0,15:00,"Kalimpong, West Bengal","A construction worker has been killed in a landslide at Kalimpong in the Darjeeling District of West Bengal State, India. Witnesses report the landslip was quite small, and buried two men, one of whom was able to dig himself out. However the second man w","Kalimpong, West Bengal",5km,landslide,downpour,small,unknown,1,0, , , ,GLC,5533,27.0599,88.4674,India,IN,West Bengal,Kalimpong,1.88,1396310400000.0,1606348800000,88.4674000000001,27.0599,2013-09-16 00:00:00+00:00,False,prox:54:176:5321
10087,morungexpress,http://www.morungexpress.com/local/50546.html,1996,1276732800000.0,19:00,"Shayoung Ward(?), Longleng, Nagaland","Longleng, June 18 (MExN): Property worth lakh of rupees was destroyed when a thatched house belonging to one Hemshi Phiom was washed away by landslide at Longleng district. The incident occurred at Shayoung Ward around 7.30 pm last night due to monsoon r","Shayoung Ward(?), Longleng, Nagaland",25km,landslide,downpour,medium,unknown,0,0, , , ,GLC,1996,26.4333,94.8833,India,IN,Nagaland,Chinglong,20.88,1396310400000.0,1606348800000,94.8833000000001,26.4333,2010-06-17 00:00:00+00:00,False,prox:52:189:4925
10091,E-PAO,http://www.indiablooms.com/EnvironmentDetailsPage/environmentDetails190810a.php,2281,1282176000000.0,18:00,"Kisima, Nagaland","At the same time, another landslide had occurred yesterday near Kisima between Mao Gate and Kohima which virtually cut off the Nagaland capital from the rest of the country.","Kisima, Nagaland",5km,landslide,downpour,medium,above_road,0,0, , , ,GLC,2281,25.61560252,94.11603493,India,IN,Nagaland,Sochumei,19.5,1396310400000.0,1606348800000,94.116034932,25.615602516,2010-08-19 00:00:00+00:00,False,prox:51:188:4946
10100,Indian Express,http://indianexpress.com/article/india/india-others/several-houses-swept-away-in-mudslide-in-the-mizoram-town-of-phullen/,7780,1440547200000.0, ,Sailam village,"A few casualties have been reported, including a driver in his 20s who later died in a hospital after the vehicle he was driving was buried by a landslide near Sailam village, about 75 kms south of Aizawl, this past weekend.",Sailam village,5km,landslide,continuous_rain,medium,above_road,1,0, , , ,GLC,7780,23.3572,92.7878,India,IN,Mizoram,Mizoram,9.7,1466380800000.0,1606348800000,92.7878000000001,23.3572,2015-08-26 00:00:00+00:00,False,prox:46:185:5557
10105,Times of India,http://articles.timesofindia.indiatimes.com/2011-02-26/india/28636559_1_tree-fall-landslides-manali,3146,1298592000000.0,09:00,near miss,"Feb 26, 2011, 07.48am IST  MANALI: The incessant snowfall and rain in Kullu district is resulting in landslides and falling of trees. Water absorption capacity of land has reached its peak level and soil is flowing downwards, making transportation danger","road near Manali, Kullu",25km,rock_fall,continuous_rain,medium,unknown,0,0, , ,"Time is ""morning""",GLC,3146,32.18685848,77.17659767,India,IN,Himachal Pradesh,Shirir,13.34,1410393600000.0,1606348800000,77.176597669,32.186858482,2011-02-25 00:00:00+00:00,False,prox:64:154:5010
10106,Gulfnews.com,http://archive.gulfnews.com/articles/07/03/23/10113087.html,43,1174608000000.0, ,"Doba Sayedan, Kashmir","28 feared dead- 10 confirmed, 15 injured - several area incidents","Doba Sayedan, Kashmir",50km,landslide,downpour,medium,unknown,10,0, , , ,GLC,43,33.9659,74.3313,India,IN,Jammu and Kashmir,Gulmarg,11.92,1410480000000.0,1606348800000,74.3313000000001,33.9659,2007-03-23 00:00:00+00:00,False,prox:67:148:4531
10126,india.nydailynews,http://india.nydailynews.com/newsarticle/50533f44c110c01e42000000/india-landslides-kill-28,4551,1347580800000.0, ,"Bageshwar, Uttarakhand","At least 28 people in northern India died on Friday in landslides and flashfloods triggered by heavy overnight monsoon rains and about a dozen others are missing, a rescue official told AFP. The deaths occurred in the early hours after particularly heavy","Bageshwar, Uttarakhand",5km,landslide,downpour,large,unknown,9,0, , , ,GLC,4551,29.841,79.7758,India,IN,Uttaranchal,Bageshwar,2.15,1396310400000.0,1606348800000,79.7758000000001,29.8410000000001,2012-09-14 00:00:00+00:00,False,prox:59:159:5199
10135,Sciency Thoughts,http://sciencythoughts.blogspot.com/2014/05/seven-members-of-one-family-killed-by.html,6016,1399593600000.0,23:00,"Satgarakul Village, Karimganj, Assam State","Seven members of a single family have been killed by a landslide that struck their home in the village of Satkoragool in the Karimganj District of Assam State, India, overnight between Friday 9 May and Saturday 10 May/2014. Nobody witnessed the incident,","Satgarakul Village, Karimganj, Assam State",1km,landslide,rain,small,unknown,7,0, , , ,GLC,6016,24.8669,92.3576,India,IN,Assam,Karimganj,0.33,1408838400000.0,1606348800000,92.3576,24.8669,2014-05-09 00:00:00+00:00,False,prox:49:184:5399
10146,ibnlive.in,http://ibnlive.in.com/generalnewsfeed/news/chardham-yatra-suspended-due-to-rains/752982.html,3746,1310083200000.0, ,Lambagad,"Dehra Dun, Jul 8 (PTI) National highways leading to Himalayan shrines of Badrinath and Gangotri were today hit by fresh landslides following rains, stranding hundreds of pilgrims. Rishikesh-Badrinath national highway was blocked at Sayapul and Lambagad i",Lambagad,10km,landslide,downpour,medium,unknown,0,0, , , ,GLC,3746,30.6509,79.5192,India,IN,Uttaranchal,Saraswati,10.2,1396310400000.0,1606348800000,79.5192000000001,30.6509,2011-07-08 00:00:00+00:00,False,prox:61:159:5054
10150,Times of India,http://articles.timesofindia.indiatimes.com/2011-08-08/india/29863818_1_chandigarh-manali-manali-highway-landslides,3888,1312675200000.0,01:00,Gumma on Pathankot-Mandi national highway,Landslides triggered by incessant rains in Mandi district of Himachal Pradesh blocked Pathankot-Mandi and Chandigarh-Manali national highways for many hours on Sunday.  A massive landslide in Gumma on Pathankot-Mandi national highway No 20 blocked the ro,Gumma on Pathankot-Mandi national highway,5km,landslide,downpour,medium,unknown,0,0, , , ,GLC,3888,31.2403,77.9258,India,IN,Himachal Pradesh,Saura,21.08,1396310400000.0,1606348800000,77.9258,31.2403,2011-08-07 00:00:00+00:00,False,prox:62:155:5064
10164,netindian.in,http://netindian.in/news/2011/02/13/00010944/minor-among-3-injured-landslides-en-route-vaishno-devi,3117,1297555200000.0,22:00,"trail between Adh Kuwari(Adhkuwari) temple and Shri Mata Vaishno Devi Cave Shrine, Trikuta Hills(?), near Katra, Reasi, Jammu and Kashmir","Jammu, February 13,2011  Three people, including a minor girl, were injured in a landslide en route Shri Mata Vaishno Devi Cave Shrine in Trikuta Hills of mountainous Reasi district of Jammu and Kashmir, police sources said here today.  ""The new track fr","trail between Adh Kuwari(Adhkuwari) temple and Shri Mata Vaishno Devi Cave Shrine, Trikuta Hills(?), near Katra, Reasi, Jammu and Kashmir",5km,landslide,downpour,medium,unknown,0,0, , , ,GLC,3117,33.0165,74.9437,India,IN,Jammu and Kashmir,Riasi,13.08,1396310400000.0,1606348800000,74.9437,33.0165000000001,2011-02-13 00:00:00+00:00,False,prox:66:149:5006
10179,Telegraph India,http://www.telegraphindia.com/1120915/jsp/siliguri/story_15979380.jsp#.UQ8y7h2x-3I,4552,1347580800000.0, ,"Takdah, West Bengal",Landslides triggered by heavy overnight rain in the hills caused extensive damage in six tea gardens but planters said the digging being done under the 100-day rural job scheme was making the soil come loose.While work had to be stopped for the day in Ta,"Takdah, West Bengal",5km,landslide,downpour,medium,unknown,0,0, , , ,GLC,4552,27.0377,88.3603,India,IN,West Bengal,Darjeeling,10.06,1396310400000.0,1606348800000,88.3603,27.0377,2012-09-14 00:00:00+00:00,False,prox:54:176:5199
10185,e-pao.net,http://e-pao.net/GP.asp?src=21..210810.aug10,2283,1282176000000.0, ,"2 km from Khongsang village(?), road between Tamenglong and Imphal or Nungba, Manipur","Imphal, August 20 2010:   At the same time, another landslide had occurred yesterday near Kisima between Mao Gate and Kohima which virtually cut off the Nagaland capital from the rest of the country.  Meanwhile, our Tamenglong correspondent, Daniel Kamei","2 km from Khongsang village(?), road between Tamenglong and Imphal or Nungba, Manipur",5km,mudslide,downpour,medium,unknown,0,0, , , ,GLC,2283,24.8961,93.4957,India,IN,Manipur,Sempang,8.36,1396310400000.0,1606348800000,93.4957,24.8961,2010-08-19 00:00:00+00:00,False,prox:49:186:4946
10199,Business Standard,http://www.business-standard.com/article/news-ians/landslide-blocks-nh2-disrupting-traffic-to-and-from-manipur-116071000262_1.html,8901,1468108800000.0, ,"National Highway 2, near Kohima, Nagaland, India","Manipur's road-link with the rest of the country was severely disrupted on Sunday as a landslide blocked National Highway 2 near the Nagaland capital Kohima. ""All available personnel and machinery are being used to remove the debris from the road,"" an of","National Highway 2, near Kohima, Nagaland, India",25km,landslide,downpour,medium,above_road,0,0, , , ,GLC,8901,25.7902,94.1318,India,IN,Nagaland,Naga Hills,8.61,1468195200000.0,1606348800000,94.1318000000001,25.7902,2016-07-10 00:00:00+00:00,False,prox:51:188:5664
10211,morungexpress,http://www.morungexpress.com/frontpage/53726.html,2249,1281744000000.0, ,"Kiphire-Tuensang rd, Nagaland","People cross a portion of the landslide area, along the National Highway 39, below Kohima, on Saturday, August 21, 2010. The calamities which affect the National Highway 39 started from August 7 after continuous heavy rainfall in the hilly state of Nagal","Kiphire-Tuensang rd, Nagaland",25km,landslide,downpour,medium,unknown,0,0, , , ,GLC,2249,26.0814,94.803,India,IN,Nagaland,Shipungrr,3.89,1396310400000.0,1606348800000,94.8030000000001,26.0814,2010-08-14 00:00:00+00:00,False,prox:52:189:4945
10213,timesofindia.indiatimes,http://timesofindia.indiatimes.com/city/goa/1-dies-15-hurt-as-landslide-damages-two-train-coaches/articleshow/6891292.cms,2709,1289174400000.0,19:00,rails between Amdalli(?) and near Thodor(Todur) stations bordering Ankola and Karwar talukas in Uttar Kanara district of neighbouring Karnataka,"PANAJI: One person died, another was seriously injured and 14 more were hurt as boulders crashed into two coaches of the Mangalore-Mumbai Matsyagandha Express near Karwar on Monday evening.  The landslide occurred between Amdalli and Thodor stations bord",rails between Amdalli(?) and near Thodor(Todur) stations bordering Ankola and Karwar talukas in Uttar Kanara district of neighbouring Karnataka,10km,rock_fall,downpour,medium,unknown,1,0, , , ,GLC,2709,14.7822,74.2279,India,IN,Karnataka,Karwar,10.97,1396310400000.0,1606348800000,74.2279,14.7822000000001,2010-11-08 00:00:00+00:00,False,prox:29:148:4973
10214,dailyexcelsior,http://www.dailyexcelsior.com/web1/11june10/news.htm#2,3581,1307577600000.0, ,"Baglihar Dam, on river Chenab, Chanderkote in Banihal, Ramban , Jammu and Kashmir","JAMMU, June 9: The first ray of sunlight unfolded the exact destruction caused by the cloudburst in Doda and Ramban districts with authorities noticing massive damages to the civil and electrical infrastructure of 450 Mega Watt Baglihar Hydroelectric Pro","Baglihar Dam, on river Chenab, Chanderkote in Banihal, Ramban , Jammu and Kashmir",5km,landslide,downpour,medium,unknown,1,0, , , ,GLC,3581,33.1617,75.3278,India,IN,Jammu and Kashmir,Doda,20.38,1396310400000.0,1606348800000,75.3278000000001,33.1617000000001,2011-06-09 00:00:00+00:00,False,prox:66:150:5044
10232,Mizoram Express,http://mizoramexpress.com/index.php/2010/09/mizoram-landslides-kill-one-woman/,2421,1284336000000.0,09:00,"road to Muanna Godown, Zuangtui, Mizoram",The heavy rain also caused landslides in several places blocking the road. The approach road to Muanna Godown in Zuangtui was blocked by a landslide since this morning.  It is expected to be restored this evening.,"road to Muanna Godown, Zuangtui, Mizoram",1km,landslide,downpour,medium,above_road,0,0, , , ,GLC,2421,23.75406693,92.74128531,India,IN,Mizoram,Aizwal,7.09,1396310400000.0,1606348800000,92.7412853120001,23.7540669300001,2010-09-13 00:00:00+00:00,False,prox:47:185:4955
10241,ptinews,http://www.ptinews.com/news/310629_Konkan-railway-services-disrupt-due-to-land-slide,1210,1254441600000.0, ,Konkan railway route in southern village Canacona in Goa,The services on Konkan railway route were severely affected today due to landslide in the southern village of Canacona in Goa. Ghatge said that a landslide in Canacona in south Goa at 5.30 am had initially affected the rail traffic. Three Goa-bound train,Konkan railway route in southern village Canacona in Goa,5km,landslide,rain,medium,unknown,0,0, , , ,GLC,1210,14.9935,74.0478,India,IN,Goa,Majali,6.45,1396310400000.0,1606348800000,74.0478000000001,14.9935,2009-10-02 00:00:00+00:00,False,prox:29:148:4839
10281,e-pao.net,http://e-pao.net/GP.asp?src=24..050913.sep13,5430,1377993600000.0, ,"Tamenglong- Khongsang Road, Manipur",Mudslides also occurred along Tamenglong- Khongsang road at many spots.,"Tamenglong- Khongsang Road, Manipur",25km,mudslide,continuous_rain,medium,unknown,0,0, , , ,GLC,5430,24.9037,93.487,India,IN,Manipur,Sempang,8.29,1396310400000.0,1606348800000,93.4870000000001,24.9037000000001,2013-09-01 00:00:00+00:00,False,prox:49:186:5316
10295,ibnlive.in,http://ibnlive.in.com/generalnewsfeed/news/barrak-valley-cut-off-due-to-heavy-landslides/1007155.html,4377,1338595200000.0, ,"Guwahati, Assam","South Assam's Barrak valley has been cut off from the rest of the country due to heavy landslides. Northeast Frontier Railway sources said heavy rain have caused landslide in five places between Haranjao and Mailongdifa railway stations. A ""small"" track","Guwahati, Assam",5km,landslide,downpour,large,unknown,0,0, , , ,GLC,4377,26.1475,91.7356,India,IN,Assam,Gauhati,4.36,1396310400000.0,1606348800000,91.7356,26.1475,2012-06-02 00:00:00+00:00,False,prox:52:183:5164
10303,Daiji Worldwide,http://www.daijiworld.com/news/news_disp.asp?n_id=401085,8086,1466726400000.0,23:00,"Maya Bar, Thokkottu, India","As a result of sudden landslide that took place at Thokkottu, three vehicles ended up in a crater created by the landslide.  The incident took place at 11 pm near Maya Bar on Friday night of June 24. People gathered were surprised to see three vehicles i","Maya Bar, Thokkottu, India",exact,landslide,downpour,medium,unknown,0,0, ,http://www.tvdaijiworld.com/images6/rjp_250616_mayabar4.JPG, ,GLC,8086,12.8157,74.8586,India,IN,Karnataka,Mangalore,6.13,1467244800000.0,1606348800000,74.8586000000001,12.8157,2016-06-24 00:00:00+00:00,False,prox:25:149:5658
10310,prokerala,http://www.prokerala.com/news/articles/a172607.html,2546,1286150400000.0, ,"Roads between Sunnu Pal and Chail, Himachal Pradesh","Incessant rainfall leading to landslides has affected the annual Raid-de-Himalaya motor rally in Himachal Pradesh starting Oct 10, as some routes may have to be abandoned due to the closure of roads. Besides, a few high mountain passes like Tanglang La a","Roads between Sunnu Pal and Chail, Himachal Pradesh",25km,landslide,downpour,medium,unknown,0,0, , , ,GLC,2546,30.9546,77.1792,India,IN,Himachal Pradesh,Gannja,1.27,1396310400000.0,1606348800000,77.1792,30.9546,2010-10-04 00:00:00+00:00,False,prox:61:154:4962
10314,twocircles.net,http://twocircles.net/2012jun22/landslide_kills_three_assam.html,4424,1340150400000.0, ,"Lalunggaon, Guwahati,  Assam","A man and his two minor sons were killed after their house here collapsed following a landslide Friday, police said. The accident took place in Lalunggaon area.Police said that incessant rains in the area since Thursday evening led to the landslide.","Lalunggaon, Guwahati,  Assam",1km,landslide,downpour,medium,unknown,0,0, , , ,GLC,4424,26.149,91.7351,India,IN,Assam,Gauhati,4.23,1396310400000.0,1606348800000,91.7351,26.149,2012-06-20 00:00:00+00:00,False,prox:52:183:5170
10321,articles.timesofindia.indiatimes.com,http://articles.timesofindia.indiatimes.com/2013-07-28/guwahati/40848148_1_daporijo-upper-subansiri-landslides,4892,1370044800000.0, ,Upper Subansiri,"The Daporijo district headquarters is cut off from other circle headquarters of UpperSubansiri for the last two months due to landslides. Massive landslides triggered by heavy rainfall have blocked roads at numerous points, cutting off more than 60 villa",Upper Subansiri,50km,landslide,downpour,large,unknown,0,0, , , ,GLC,4892,27.8776,94.25,India,IN,Arunachal Pradesh,Daparijo,12.61,1396310400000.0,1606348800000,94.25,27.8776,2013-06-01 00:00:00+00:00,False,prox:55:188:5285
10341,articles.timesofindia.indiatimes.com,http://articles.timesofindia.indiatimes.com/2013-11-13/thiruvananthapuram/44028783_1_train-traffic-mangalore-central-parasuram-express-heavy-rain,5637,1384300800000.0, ,"Thampanoor, Thiruvananthapuram, Kerala",The train traffic at Thiruvananthapuram has been disrupted due to heavy incessant rain which has caused waterlogging on railway tracks and landslides at several places including the yard at Thiruvananthapuram Central station and Nagarcoil on Wednesday.,"Thampanoor, Thiruvananthapuram, Kerala",1km,landslide,downpour,medium,unknown,0,0, , , ,GLC,5637,8.4863,76.9517,India,IN,Kerala,Trivandrum,3.69,1396310400000.0,1606348800000,76.9517000000001,8.48630000000003,2013-11-13 00:00:00+00:00,False,prox:16:153:5340
10353,www.newindianexpress.com,http://www.newindianexpress.com/states/tamil_nadu/Landslides-after-rain-in-Nilgiris/2013/07/26/article1702573.ece,5200,1374710400000.0, ,"Avalanche, Nilgiris, Tamil Nadu","Rain and gusty winds continued to lash areas in Gudalur and Pandalur taluks and tribal settlements in the regions were the worst affected. Heavy rain caused havoc in some parts of the hill district with water entering seven houses of Thenvayal, a tribal","Avalanche, Nilgiris, Tamil Nadu",5km,landslide,downpour,medium,unknown,0,0, , , ,GLC,5200,11.3192,76.5959,India,IN,Tamil Nadu,Ootacamund,14.91,1396310400000.0,1606348800000,76.5959,11.3192,2013-07-25 00:00:00+00:00,False,prox:22:153:5303
10367,ibnlive.in.com,http://ibnlive.in.com/videos/400037/ground-report-massive-landslides-in-tipri-block-roads.html,4949,1371513600000.0,15:00,Road Near Tipri To Kedarnath,(video) It is becoming difficult to reach people stranded in Uttarakhand by roads with massive landslides leading to roadblocks. CNN-IBN found one such landslide in Tipri on its way to Kedarnath.,Road Near Tipri To Kedarnath,5km,landslide,rain,medium,unknown,0,0, , , ,GLC,4949,30.3797,78.5017,India,IN,Uttaranchal,Chham,21.44,1396310400000.0,1606348800000,78.5017000000001,30.3797000000001,2013-06-18 00:00:00+00:00,False,prox:60:157:5291
10389,www.thehindu.com,http://www.thehindu.com/news/national/other-states/mumbra-bypass-develops-crater-closed-for-traffic/article4948062.ece,5180,1374624000000.0, ,"National Highway 4, Navi Mumbai, Maharashtra","A nearly one km-long stretch of the Mumbra bypass on the outskirts of the city caved in on Wednesday morning due to incessant rains and has been closed for vehicular traffic, police said. ÒDue to heavy rains, around one km-long stretch of the Mumbra byp","National Highway 4, Navi Mumbai, Maharashtra",5km,landslide,downpour,medium,unknown,0,0, , , ,GLC,5180,19.1711,73.0207,India,IN,Maharashtra,Dombivli,7.9,1396310400000.0,1606348800000,73.0207,19.1711,2013-07-24 00:00:00+00:00,False,prox:38:146:5303
10392,indianexpress,http://www.indianexpress.com/news/landslides-avalanches-hit-kashmir;-three-dead/912870,4198,1329264000000.0, ,Surjan village in Bani mountainous belt in Kathua district (,"In other incidents yesterday in Ramban district, 3 houses were damaged due to an avalanche in Krapur and Asran remote mountainous villages, while six houses suffered damage when a landslide triggered by heavy rains hit Surjan village in Bani mountainous",Surjan village in Bani mountainous belt in Kathua district (,25km,landslide,downpour,medium,unknown,0,0, , , ,GLC,4198,32.3682,75.5227,India,IN,Jammu and Kashmir,Kathua,0.15,1396310400000.0,1606348800000,75.5227,32.3682000000001,2012-02-15 00:00:00+00:00,False,prox:64:151:5128
10395,Business Standard,http://www.business-standard.com/article/pti-stories/express-train-stuck-for-hours-due-to-mudslide-114090700007_1.html,6356,1415318400000.0, ,Ramnagar railway station,Katra-bound Shri Shakti express train was stuck for hours today on Udhampur-Katra route due to mudslide triggered by heavy rain in Udhampur district today.,Ramnagar railway station,25km,mudslide,downpour,medium,other,0,0, , , ,GLC,6356,32.9411,75.0922,India,IN,Jammu and Kashmir,Udhampur,4.38,1415232000000.0,1606348800000,75.0922,32.9411000000001,2014-11-07 00:00:00+00:00,False,prox:65:150:5460
10396,Nagaland Post,http://www.nagalandpost.com/channelnews/state/StateNews.aspx?news=TkVXUzEwMDA5ODM0Mg%3D%3D,9169,1465689600000.0, ,"on road between Mon and Tobu near Telangsao Hydro project , Nagaland, India","Location estimated. Due to incessant rain for the last two days multiple landslide and mudslides near Telangsao Hydro project has once again caused blockage to vehicular movement from Mon to Tobu area. According to sources, Hongpi, DPRO Mon, two culverts","on road between Mon and Tobu near Telangsao Hydro project , Nagaland, India",100km,landslide,continuous_rain,unknown,above_road,0,0, ,http://www.nagalandpost.com/cms/newsimages/MWGYGXNTVMJXULIEUCSP_resize.jpg, ,GLC,9169,26.1677,94.2442,India,IN,Nagaland,Yimpang,13.0,1469404800000.0,1606348800000,94.2442,26.1677,2016-06-12 00:00:00+00:00,False,prox:52:188:5654
10425,english.samaylive.com,http://www.indianexpress.com/news/50-major-landslides-hit-four-road-stretches-in-uttarakhand-govt/1131703/,4933,1371340800000.0, ,"Kinnaur District, Himachal Pradesh",Rains lashed large parts of the hill states of Uttarakhand and Himachal Pradesh and flooded parts of Haryana where the water level in the Yamuna rose alarmingly. The tribal Kinnaur district in Himachal Pradesh was the worst hit with nine persons dead in,"Kinnaur District, Himachal Pradesh",50km,landslide,downpour,medium,unknown,4,0, , , ,GLC,4933,31.5986,78.4384,India,IN,Himachal Pradesh,Burati Thatang,24.05,1396310400000.0,1606348800000,78.4384000000001,31.5986,2013-06-16 00:00:00+00:00,False,prox:63:156:5290
10452,The Assam Tribune,http://www.assamtribune.com/scripts/detailsnew.asp?id=jul1117/city050,10007,1499644800000.0, ,Landslide in Chandmari,"Landslide after rains and flooding throughout Assam State damages a few houses in Chandmari, Guwahati city","Chandmari, Guwahati, Kamrup Metropolitan, Assam, 781003",1km,landslide,continuous_rain,small,urban,0,0, , , ,GLC, ,26.19037705,91.77306002,India,IN,Assam,Gauhati,2.22,1499731200000.0,1606348800000,91.7730600200001,26.1903770530001,2017-07-10 00:00:00+00:00,False,prox:52:183:5785
10455,himachal.us,http://himachal.us/2010/09/22/heavy-rains-damage-roads-in-himachal-alert-sounded-in-kinnaur/22231/news/ravinder,2466,1284854400000.0, ,"Kasauli-Parwanoo rd, Himachal Pradesh",(posted 9/22 but may cover events from past weeks)A police spokesman said that traffic on the Shimla- Kalka highway was disrupted near Solan. The beaten track of the Theog-Kotkhai-Jubbal road was blocked at several places because of landslides or traffic,"Kasauli-Parwanoo rd, Himachal Pradesh",5km,landslide,downpour,medium,unknown,0,0, , , ,GLC,2466,30.8741,76.9576,India,IN,Himachal Pradesh,Kalka,4.55,1396310400000.0,1606348800000,76.9576000000001,30.8741000000001,2010-09-19 00:00:00+00:00,False,prox:61:153:4957
10474,thehimalayanbeacon.com,http://thehimalayanbeacon.com/magazine/2010/08/21/sikkim-landslides-heavy-toll-2-gpus-completely-cut/,2296,1282262400000.0, ,"many locations around Namchi, Sikkim","Posted by Barun Roy on August 21st, 2010  Namchi: The heavy down pour last two days resulted in much damages at two Gram Panchayat units Lingee-Sokpay and Payoung-Kaw under Yangyany Block Administrative Centre. Kubernath Timshina, Panchayat President of","many locations around Namchi, Sikkim",10km,complex,downpour,medium,unknown,0,0, , , ,GLC,2296,27.167,88.3652,India,IN,Sikkim,Kalimpong,15.21,1396310400000.0,1606348800000,88.3652000000001,27.167,2010-08-20 00:00:00+00:00,False,prox:54:176:4947
10488,Assam Tribune,http://www.assamtribune.com/scripts/detailsnew.asp?id=sep2414/at051,6287,1411344000000.0, ,Dhirenpara,"On the other hand, several incidents of landslides were reported from Dhirenpara, Koinadhara, Gorhchuk, Noonmati and Pamohi.",Dhirenpara,5km,landslide,rain,small,unknown,0,0, , , ,GLC,6287,26.1295,91.7056,India,IN,Assam,Gauhati,7.61,1413849600000.0,1606348800000,91.7056000000001,26.1295000000001,2014-09-22 00:00:00+00:00,False,prox:52:183:5445
10497,asianetindia,http://www.asianetindia.com/news/tribal-man-dies-landslide-idukki_98514.html,1289,1257638400000.0, ,"Marayoor in Idukki district, Kerala","Idukki, Sunday, November 08, 2009: A tribal man has died following a landslide near Marayoor in Idukki today. The deceased has been identified as Ganeshan (45), native of Olikkudy. Idukki, Sunday, November 08, 2009: Heavy rains lashing Idukki district fo","Marayoor in Idukki district, Kerala",5km,landslide,downpour,medium,unknown,1,0, , , ,GLC,1289,10.3018,77.1711,India,IN,Kerala,Manjampatti,11.88,1396310400000.0,1606348800000,77.1711000000001,10.3018000000001,2009-11-08 00:00:00+00:00,False,prox:20:154:4852
10501,Business Standard,http://www.business-standard.com/article/pti-stories/landslides-in-arunachal-district-no-loss-of-life-116050200846_1.html,9404,1462060800000.0, ,"Hayuliang, Anjaw district,Arunachal Pradesh, India",Landslide triggered by heavy rains have cut off road communication to Hayuliang in remote Anjaw district of Arunachal Pradesh but there was no report of any loss of life.   Heavy rains have lashed Anjaw for the past 26 days and official sources said Hayu,"Hayuliang, Anjaw district,Arunachal Pradesh, India",1km,landslide,downpour,medium,above_road,0,0, , , ,GLC,9404,28.0822,96.5316,India,IN,Arunachal Pradesh,Hayuliang,0.57,1470182400000.0,1606348800000,96.5316000000001,28.0822000000001,2016-05-01 00:00:00+00:00,False,prox:56:193:5640
10509,Hindustantimes,http://www.hindustantimes.com/himachalpradesh/landslide-threat-looms-large-in-kangra-after-heavy-rain/article1-1370985.aspx,7226,1437177600000.0, ,Jheol village in Dharamsala subdivision,"Torrential showers over the past two days continued to inflict destruction on private and public property besides disrupting normal life in the region. Dev Raj, a local, said a small hillock above the village started caving in on Friday night and a huge",Jheol village in Dharamsala subdivision,5km,landslide,monsoon,medium,above_road,0,0, , , ,GLC,7226,32.2239,76.3226,India,IN,Himachal Pradesh,Dharmsala,0.47,1437350400000.0,1606348800000,76.3226000000001,32.2239000000001,2015-07-18 00:00:00+00:00,False,prox:64:152:5544
10517,The Times of India,http://timesofindia.indiatimes.com/city/guwahati/Landslide-cuts-off-Anjaw-district-food-prices-rise/articleshow/48715682.cms,7887,1439683200000.0, ,Hawai,"The state's Anjaw district remains cut off from the rest of the state after a heavy landslide at Tiding Point, 88 km away from the district headquarters, blocked the road on August 16.",Hawai,50km,landslide,continuous_rain,medium,above_road,0,0, , , ,GLC,7887,27.8835,96.9262,India,IN,Arunachal Pradesh,Minzong,1.49,1467072000000.0,1606348800000,96.9262000000001,27.8835,2015-08-16 00:00:00+00:00,False,prox:55:193:5554
10525,The Northlines,http://thenorthlines.com/readMore.aspx?nid=53913,7027,1435190400000.0, ,Srinigar-Ladakh highway,"Series of unspecified landslides that caused entire 434-km highway to close since the morning, reopen in the afternoon",Srinigar-Ladakh highway,250km,landslide,downpour,medium,unknown,0,0, , , ,GLC,7027,34.6056,76.0539,India,IN,Jammu and Kashmir,Dalunang,9.85,1435622400000.0,1606348800000,76.0539000000001,34.6056,2015-06-25 00:00:00+00:00,False,prox:69:152:5537
10526,Odisha Sun-Times,http://odishasuntimes.com/94020/landslide-ruins-tribal-farmers-livelihood-south-odisha-village/,6264,1413072000000.0, ,Panikikata hill,"According to reports, a massive landslide occurred at the Panikikata hill near the village on the day the cyclonic storm Hudhud hit south Odisha on October 12, following which thousands of boulders rolled down the hill slope, damaging about 20 acres of c",Panikikata hill,5km,landslide,tropical_cyclone,large,natural_slope,0,0,Hudhud,http://i2.wp.com/odishasuntimes.com/wp-content/uploads/2014/10/image178-e1413708528525.jpg?resize=295%2C221, ,GLC,6264,19.2046,84.1917,India,IN,Orissa,Chheligada,5.8,1413763200000.0,1606348800000,84.1917000000001,19.2046,2014-10-12 00:00:00+00:00,False,named:hudhud
10527,International Business Times,http://www.ibtimes.co.in/meghalaya-massive-landslide-east-jaintia-hills-flash-floods-shillong-hit-normal-life-643439,7589,1439942400000.0, ,National Highway 44,"The landslide disrupted traffic on National Highway 44, which connects Assam, Mizoram and Tripura.",National Highway 44,25km,landslide,rain,medium,above_road,0,0, , , ,GLC,7589,25.2568,92.3825,India,IN,Meghalaya,Pdengshakap,24.01,1458777600000.0,1606348800000,92.3825,25.2568,2015-08-19 00:00:00+00:00,False,prox:50:184:5555
10530,dna,http://www.dnaindia.com/india/report-landslide-on-mumbai-pune-expressway-2097780,6948,1434931200000.0, ,Mumbai-Pune Expressway near Khandala Tunnel,Mumbai bound traffic has been diverted via old Mumbai-Pune Road. Heavy rains lashed Pune and Western Maharashtra with a revival of the monsoon that marked a wet Sunday and disrupted long distance Mumbai bound trains.,Mumbai-Pune Expressway near Khandala Tunnel,exact,rock_fall,monsoon,small,above_road,0,0, ,http://static.dnaindia.com/sites/default/files/2015/06/22/348728-landslide.jpg, ,GLC,6948,18.7686,73.3678,India,IN,Maharashtra,Lonoavale,4.42,1439337600000.0,1606348800000,73.3678,18.7686,2015-06-22 00:00:00+00:00,False,prox:37:146:5536
10540,NDTV,http://www.ndtv.com/jammu-news/jammu-srinagar-highway-closed-due-to-landslide-1236267,8866,1445731200000.0, ,highway blocked,"The Jammu-Srinagar National highway was closed on Sunday for vehicular traffic following massive landslides trigger by ongoing rainfall blocked the road at several places.  ""The Jammu-Srinagar National Highway has been closed for vehicular traffic follow",Ramsoo area of Ramban district,5km,landslide,downpour,medium,above_road,0,0, , , ,GLC,8866,33.33827658,75.19548806,India,IN,Jammu and Kashmir,Gund,10.62,1468195200000.0,1606348800000,75.1954880580001,33.338276584,2015-10-25 00:00:00+00:00,False,prox:66:150:5577
10543,hamaraphotos.com,http://hamaraphotos.com/news/national/massive-landslide-kills-at-least-five-people-in-siliguri.html,1088,1250380800000.0,02:00,"Kerseong, Sub-division, Siliguri district, West Bengal","At least five people were killed in West Bengal’s Siliguri district in a massive landslide, which was triggered by incessant overnight rains, officials said on Sunday.","Kerseong, Sub-division, Siliguri district, West Bengal",5km,landslide,downpour,medium,unknown,5,0, , , ,GLC,1088,26.8867642,88.28044714,India,IN,West Bengal,Kurseong,0.34,1396310400000.0,1606348800000,88.280447135,26.8867642000001,2009-08-16 00:00:00+00:00,False,prox:53:176:4824
10566,Telegraph India,http://www.telegraphindia.com/1120608/jsp/siliguri/story_15584321.jsp#.UN_I7eSx_K0com,4394,1339027200000.0,04:00,"Rolep, South Sikkim( Mapping to Rhenock 12 miles from Rolep)","Seven persons, three of them children, were killed when landslides struck a village in East Sikkim after a spate of rain lashed the area last night. Four members of a family were also among those wiped out in the early morning strikes.","Rolep, South Sikkim( Mapping to Rhenock 12 miles from Rolep)",25km,landslide,rain,large,unknown,7,0, , , ,GLC,4394,27.1748,88.6458,India,IN,Sikkim,Kalimpong,20.04,1396310400000.0,1606348800000,88.6458000000001,27.1748000000001,2012-06-07 00:00:00+00:00,False,prox:54:177:5166
10568,Business Standard,http://www.business-standard.com/article/news-ians/sikkim-s-nh31-a-lifeline-closed-for-repairs-114071501335_1.html,6146,1405382400000.0, ,"Kalimpong, West Bengal","With a landslide badly disrupting traffic, National Highway 31-A connecting Gangtok with Siliguri in West Bengal and considered Sikkim's ""lifeline"" will be closed for a day from Wednesday for repairs. With a major chunk of the highway caving in near Kali","Kalimpong, West Bengal",1km,landslide,rain,small,above_road,0,0, , , ,GLC,6146,27.059,88.4694,India,IN,West Bengal,Kalimpong,1.87,1408838400000.0,1606348800000,88.4694000000001,27.059,2014-07-15 00:00:00+00:00,False,prox:54:176:5422
10594,Indian Express,http://indianexpress.com/article/india/regional-india/landslide-hits-vaishnodevi-route-3-injured-yatra-suspended/,6369,1409788800000.0, ,Adhkuwari,"Yatra to Mata Vaishnodevi cave shrine was suspended on Thursday in view heavy rains in Jammu and Kashmir as three pilgrims, including two women, were injured in landslides triggered by heavy rains in Trikuta hills.",Adhkuwari,5km,rock_fall,downpour,small,above_road,0,3, , , ,GLC,6369,33.0086,74.9426,India,IN,Jammu and Kashmir,Riasi,13.52,1415318400000.0,1606348800000,74.9426000000001,33.0086000000001,2014-09-04 00:00:00+00:00,False,prox:66:149:5439
10595,hindustantimes,http://www.hindustantimes.com/Five-killed-in-landslides-in-Uttarakhand/Article1-582669.aspx,2202,1280966400000.0,08:00,"Basantpur or Gouchar village (two conflicting sources), Chamoli district","Five members of a family,including three children, from Uttar Pradesh were buried alive when a house collapsed in landslides triggered by heavy rains in Uttarakhand's Chamoli district early on Thursday. The incident occured in Basantpur village when torr","Basantpur or Gouchar village (two conflicting sources), Chamoli district",25km,landslide,downpour,medium,unknown,5,0, , , ,GLC,2202,30.4068,79.3351,India,IN,Uttaranchal,Langsu,13.02,1396310400000.0,1606348800000,79.3351000000001,30.4068,2010-08-05 00:00:00+00:00,False,prox:60:158:4942
10605,netindian.in,http://netindian.in/news/2010/12/10/0009102/landslide-affects-rail-traffic-between-thiruvananthapuram-nagercoil,2798,1291852800000.0,23:00,Kuzhithura-Erannial(Erani)(?) section of Nagercoil-Thiruvananthapuram railway,"December 10, 2010  Rail traffic on the Nagercoil-Thiruvananthapuram section of Southern Railway has been affected since last night due to a fresh landslide caused by heavy rains, official sources said here today. A Southern Railway press release said tha",Kuzhithura-Erannial(Erani)(?) section of Nagercoil-Thiruvananthapuram railway,10km,landslide,downpour,medium,unknown,0,0, , , ,GLC,2798,8.3295,77.1963,India,IN,Tamil Nadu,Kuzhittura,2.28,1396310400000.0,1606348800000,77.1963000000001,8.32950000000005,2010-12-09 00:00:00+00:00,False,prox:16:154:4984
10615,himachal.us,http://himachal.us/2010/09/22/heavy-rains-damage-roads-in-himachal-alert-sounded-in-kinnaur/22231/news/ravinder,2465,1284854400000.0, ,"Karsog-Rampur rd, Himachal Pradesh",(posted 9/22 but may cover events from past weeks)A police spokesman said that traffic on the Shimla- Kalka highway was disrupted near Solan. The beaten track of the Theog-Kotkhai-Jubbal road was blocked at several places because of landslides or traffic,"Karsog-Rampur rd, Himachal Pradesh",25km,landslide,downpour,medium,unknown,0,0, , , ,GLC,2465,31.4161,77.4153,India,IN,Himachal Pradesh,Rampur,22.14,1396310400000.0,1606348800000,77.4153,31.4161,2010-09-19 00:00:00+00:00,False,prox:62:154:4957
10616,Kashmir Observer.com,http://www.kashmirobserver.com/index.php?id=2992,157,1186358400000.0, ,"Srinagar-Jammu Highway, Rāmban District",blocked highway near Nandni Bridge,"Srinagar-Jammu Highway, Rāmban District",25km,landslide,rain,medium,unknown,0,0, , , ,GLC,157,33.2451,75.2257,India,IN,Jammu and Kashmir,Chaunkri,19.59,1396310400000.0,1606348800000,75.2257000000001,33.2451,2007-08-06 00:00:00+00:00,False,prox:66:150:4577
10619,Assam Tribune,http://www.assamtribune.com/scripts/detailsnew.asp?id=sep2414/at051,6284,1411344000000.0, ,Batahghuli,"Flash flood and landslides continued to cause devastation in Guwahati for the second day today with the death toll due to landslip rising to four. Two persons died in two separate incidents of landslides in Lalmati and Dakhingaon, whereas a woman was inj",Batahghuli,5km,landslide,rain,small,unknown,0,1, , , ,GLC,6284,26.1324,91.8342,India,IN,Assam,Pomahi,5.65,1413849600000.0,1606348800000,91.8342000000001,26.1324000000001,2014-09-22 00:00:00+00:00,False,prox:52:183:5445
10623,indiatoday.intoday,http://indiatoday.intoday.in/site/Story/113220/India/19-perish-as-rains-pound-uttarakhand.html,2444,1284768000000.0, ,"Nainital district, Uttarakhand","Eight people were killed in landslides and cloudbursts in Nainital district prompting authorities to evacuate people from several villages to safer places.  Ramola was the worst-hit in the scenic district where four were washed away by surging waters, an","Nainital district, Uttarakhand",50km,landslide,downpour,medium,unknown,4,0, , , ,GLC,2444,29.29558605,79.54043078,India,IN,Uttaranchal,Haldwani,8.37,1396310400000.0,1606348800000,79.5404307800001,29.2955860530001,2010-09-18 00:00:00+00:00,False,prox:58:159:4956
10628,Times of India,http://timesofindia.indiatimes.com/city/patna/Landslide-disrupts-tourist-flow-to-Kakolat-waterfall/articleshow/53066972.cms,8682,1465084800000.0,23:00,"Kakolat Falls, Rajauli Sub-division, India","Heavy rains since Sunday night have triggered a landslide disrupting tourists inflow at the Kakolat's natural waterfall under Govindpur police station of Rajauli sub-division, the one and the only tourist destination of the district. Rocks and boulders c","Kakolat Falls, Rajauli Sub-division, India",1km,rock_fall,downpour,medium,natural_slope,0,0, , , ,GLC,8682,24.6997,85.6285,India,IN,Bihar,Rajauli,14.95,1467849600000.0,1606348800000,85.6285,24.6997000000001,2016-06-05 00:00:00+00:00,False,prox:49:171:5652
10633,www.nagalandpost.com,http://www.nagalandpost.com/ChannelNews/State/StateNews.aspx?news=TkVXUzEwMDA0MjY4Nw%3D%3D-bSp8jh3okxw%3D,5270,1375574400000.0, ,"Phizo, Nagaland","Incessant torrential rain, which began Sunday at around 11.30 p.m. has completely cut off Suruhuto town from the rest of the state. In a press release, NGZPMC joint secretary Hotoshe Sema said all three links connecting Zunheboto, Mokokchung and Tuensang","Phizo, Nagaland",unknown,landslide,continuous_rain,medium,unknown,0,0, , , ,GLC,5270,26.0481,94.4619,India,IN,Nagaland,Yezami,11.73,1396310400000.0,1606348800000,94.4619000000001,26.0481,2013-08-04 00:00:00+00:00,False,prox:52:188:5307
10639,www.nagalandpost.com,http://www.nagalandpost.com/ChannelNews/State/StateNews.aspx?news=TkVXUzEwMDA0MjY4Nw%3D%3D-bSp8jh3okxw%3D,5269,1375574400000.0, ,"Tizu, Nagaland","Incessant torrential rain, which began Sunday at around 11.30 p.m. has completely cut off Suruhuto town from the rest of the state. In a press release, NGZPMC joint secretary Hotoshe Sema said all three links connecting Zunheboto, Mokokchung and Tuensang","Tizu, Nagaland",unknown,landslide,continuous_rain,medium,unknown,0,0, , , ,GLC,5269,25.8376,94.5234,India,IN,Nagaland,Tsutuho,10.15,1396310400000.0,1606348800000,94.5234,25.8376000000001,2013-08-04 00:00:00+00:00,False,prox:51:189:5307
10640,timesofindia.indiatimes,http://timesofindia.indiatimes.com/city/goa/Rains-cause-landslide-on-Narvem-Pilgao-road/articleshow/8856981.cms,3610,1308009600000.0,08:00,"Narvem-Pilgao Road, Bicholim","TNN Jun 15, 2011, 06.19am ISTBICHOLIM: Torrential rains in Bicholim caused landslides on the Narvem-Pilgao road early Tuesday morning.  While traffic was paralysed for four hours due to the road blockade, there were no persons injured as the road was des","Narvem-Pilgao Road, Bicholim",5km,landslide,downpour,medium,unknown,0,0, , , ,GLC,3610,15.5935,73.9434,India,IN,Goa,Mapuca,14.41,1396310400000.0,1606348800000,73.9434000000001,15.5935000000001,2011-06-14 00:00:00+00:00,False,prox:31:147:5046
10659,Hindu,https://web.archive.org/web/20110722180056/http://www.thehindu.com/news/states/other-states/article2276615.ece,3794,1310860800000.0, ,West Bengal-Sikkim at highway Rambi,"The ongoing monsoons have once again started to take its toll along NH-31A, with various places along the West Bengal-Sikkim highway being blocked because of landslides, police said.  After closing down the highway for over 12 hours at Rambi in the West",West Bengal-Sikkim at highway Rambi,5km,landslide,rain,medium,above_road,0,0, , , ,GLC,3794,26.99195749,88.42280921,India,IN,West Bengal,Kalimpong,10.61,1396310400000.0,1606348800000,88.4228092050001,26.991957487,2011-07-17 00:00:00+00:00,False,prox:53:176:5057
10668,www.newsworms.com,http://www.newsworms.com/news_detail.php?ncatId=40&pcatid=36&news_id=7286,5088,1373587200000.0, ,"Lohardobha Billage, Dhari, Nainital","Six people were killed in a landslide in Uttarakhand's Nainital district, officials said on Friday. The landslide came after a heavy spell of rains in Bheemal area late on Thursday. Five people of a family and one other person were buried following the l","Lohardobha Billage, Dhari, Nainital",5km,mudslide,downpour,medium,unknown,6,0, , , ,GLC,5088,29.3802,79.4633,India,IN,Uttaranchal,Nainital,2.66,1396310400000.0,1606348800000,79.4633,29.3802000000001,2013-07-12 00:00:00+00:00,True,prox:58:158:5299
10682,Outlook News,http://www.outlookindia.com/news/article/5-Houses-Damaged-Due-to-Landslide-in-Kashmir/855886,6530,1408233600000.0,18:00,Rengpeth village,Five houses were damaged due to landslides triggered by heavy rains in Kupwara district of north Kashmir.,Rengpeth village,50km,landslide,downpour,medium,unknown,0,0, , , ,GLC,6530,34.5382,74.2493,India,IN,Jammu and Kashmir,Nutnus,9.38,1418688000000.0,1606348800000,74.2493000000001,34.5382000000001,2014-08-17 00:00:00+00:00,False,prox:69:148:5433
10683,allafrica.com,http://allafrica.com/stories/201206051178.html,4392,1338940800000.0, ,"Dibang, Arunachal Pradesh","Landslides triggered by torrential rain over the last couple of days have disrupted the road link between Dibang and Lower Dibang Valley districts in Arunachal Pradesh. Anini and Roing, the headquarters of both the districts, have been cut off for the la","Dibang, Arunachal Pradesh",10km,landslide,downpour,medium,unknown,0,0, , , ,GLC,4392,29.2409,95.9761,India,IN,Arunachal Pradesh,Andzamkho,24.05,1396310400000.0,1606348800000,95.9761,29.2409000000001,2012-06-06 00:00:00+00:00,False,prox:58:191:5165
10702,ibnlive.in,http://ibnlive.in.com/news/heavy-rain-landslide-wreak-havoc-on-central-travancore/283183-60-116.html,4485,1345161600000.0, ,"Palomala, Thaland","Around seven persons were injured in a landslide that occurred at Pullupara, near Peruvanthanam in Idukki. Another landside wreaked havoc at Chonamala, Periyamala, Vellampatta and Palomala in Thalanad, and Karikad in Theekkoy panchayat.","Palomala, Thaland",5km,landslide,downpour,medium,unknown,0,0, , , ,GLC,4485,9.7268,76.8081,India,IN,Kerala,Ramaouram,18.41,1396310400000.0,1606348800000,76.8081000000001,9.72680000000002,2012-08-17 00:00:00+00:00,False,prox:19:153:5189
10713,greaterkashmir,http://www.greaterkashmir.com/news/2011/Feb/17/highway-closed-again-66.asp,3127,1297814400000.0,18:00,"near Digdol, Jammu-Srinagar hwy, Jammu and Kashmir",Feb 16: The 300-km Srinagar-Jammu highway which was partially reopened for one-way traffic this morning from Jammu to Srinagar was closed again in the evening following incessant rains and snowfall which triggered fresh landslides at many places.  …  d,"near Digdol, Jammu-Srinagar hwy, Jammu and Kashmir",5km,landslide,downpour,medium,unknown,0,0, , , ,GLC,3127,33.3308,75.1774,India,IN,Jammu and Kashmir,Gund,11.64,1396310400000.0,1606348800000,75.1774,33.3308000000001,2011-02-16 00:00:00+00:00,False,prox:66:150:5007
10715,news.outlookindia,http://news.outlookindia.com/item.aspx?694274,2432,1284508800000.0, ,"road to Sangla and Bhaba and Sorang(?) valleys, Kinnaur, Himachal Pradesh","About 200 tourists including some foreigners were stranded at various places in tribal Kinnaur district of Himachal Pradesh as landslides triggered by heavy rains damaged roads, leading to halting of traffic movement.  Tourists were trapped in picturesqu","road to Sangla and Bhaba and Sorang(?) valleys, Kinnaur, Himachal Pradesh",50km,landslide,downpour,medium,unknown,0,0, , , ,GLC,2432,31.4135,77.895,India,IN,Himachal Pradesh,Sarahan,14.51,1396310400000.0,1606348800000,77.8950000000001,31.4135000000001,2010-09-15 00:00:00+00:00,False,prox:62:155:4955
10753,DNA India,http://www.dnaindia.com/india/report-uttarakhand-landslide-kills-ten-injures-five-in-chakrata-2215549,9318,1463961600000.0,01:00,"Chakrata, Uttarakhand, India",Ten labourers were killed and five others injured after landslide hit Chakrata area of the district in the wee hours of Monday. The mishap took place around 1 AM when the labourers were sleeping in the Teoni-Hanol area and boulders rolled down after stro,"Chakrata, Uttarakhand, India",1km,rock_fall,rain,small,unknown,10,5, , , ,GLC,9318,30.7007,77.8644,India,IN,Uttaranchal,Deoban,5.8,1470096000000.0,1606348800000,77.8644,30.7007,2016-05-23 00:00:00+00:00,False,prox:61:155:5648
10758,thestatesman.net,http://www.thestatesman.net/page.news.php?clid=10&id=169368&usrsess=1,241,1189123200000.0, ,"National Highway 31A between Rangpo and Tarkhola, in East Sikkim",over 18 places along road disrupted traffic and blocked areas,"National Highway 31A between Rangpo and Tarkhola, in East Sikkim",25km,landslide,rain,large,unknown,0,0, , , ,GLC,241,27.201,88.4883,India,IN,Sikkim,Kalimpong,14.11,1396310400000.0,1606348800000,88.4883,27.2010000000001,2007-09-07 00:00:00+00:00,False,prox:54:176:4587
10761,Deccan Chronicle,http://www.deccanchronicle.com/141015/nation-current-affairs/article/five-die-landslide-araku,6250,1413072000000.0,18:00,Medrasula village of Madula panchayat of Araku mandal,"Araku police SI G. Narayana Rao said, “The village has only five tribal families who live at the foot of the hill. The mudslide caused by the rain engulfed one of the houses. Barring two people who managed to escape, the others  were buried alive.",Medrasula village of Madula panchayat of Araku mandal,50km,debris_flow,tropical_cyclone,medium,unknown,5,0,Hudhud, , ,GLC,6250,18.3297,82.9565,India,IN,Andhra Pradesh,Araku,11.27,1413504000000.0,1606348800000,82.9565000000001,18.3297,2014-10-12 00:00:00+00:00,False,named:hudhud
10768,morungexpress,http://www.morungexpress.com/local/56264.html,2567,1286496000000.0, ,"Phek, Manipur","Also in Phek, due to incessant rains over the last few weeks apart from the paddy fields, landslides/mudslides occurred at different places of the district head quarter town leading to the damage of houses and properties of the denizens. Several parts of","Phek, Manipur",5km,complex,downpour,medium,unknown,0,0, , , ,GLC,2567,25.6633,94.4703,India,IN,Nagaland,Sathazum,14.95,1396310400000.0,1606348800000,94.4703000000001,25.6633000000001,2010-10-08 00:00:00+00:00,False,prox:51:188:4963
10769,Sangai Express,http://www.thesangaiexpress.com/page/items/55203/healing-touch-to-flood-landslide-affected-victims,7313,1438387200000.0,06:00,Joumol of Chandel district,"Joumol is a small hamlet in the remotest corner of Chandel district of Manipur. On Aug 1, the tranquillity of the village was shattered by a thunderous roar. A massive landslide during the early morning hours swept away the entire village resulting in nu",Joumol of Chandel district,25km,landslide,continuous_rain,large,deforested_slope,21,0, ,http://www.e-pao.org/galleries/images/News_Related/2015/08/Joumoul_20150803.jpg, ,GLC,7313,24.1077,94.0396,India,IN,Manipur,Jun,13.94,1454544000000.0,1606348800000,94.0396000000001,24.1077,2015-08-01 00:00:00+00:00,False,prox:48:188:5549
10782,articles.timesofindia.indiatimes.com,http://articles.timesofindia.indiatimes.com/2013-05-12/guwahati/39203561_1_artificial-floods-guwahati-municipal-corporation-gs-road,4858,1368230400000.0,09:00,"Nursery, North Guwahati, Guwahati, Assam,","Landslides occurred in the Nursery area and Maligaon in Nilachal Hills, Sarania Hills and Boragaon on Saturday, alarming hill residents, whose number has crossed two lakh in Guwahati, said sources. Junu Chakraborty (50) was injured in the Nursery area af","Nursery, North Guwahati, Guwahati, Assam,",50km,landslide,rain,medium,unknown,0,0, , , ,GLC,4858,26.1662,91.7138,India,IN,Assam,Gauhati,4.3,1396310400000.0,1606348800000,91.7138,26.1662000000001,2013-05-11 00:00:00+00:00,False,prox:52:183:5278
10783,www.thehindubusinessline.com,http://www.thehindubusinessline.com/news/rains-trigger-cloudburst-landslides-in-uttarakhand/article4948408.ece,5183,1374624000000.0, ,"Tefana, Uttarakhand",The rains also triggered landslides in Tefna and Tirfaq villages due to which several houses collapsed.,"Tefana, Uttarakhand",1km,landslide,downpour,medium,unknown,0,0, , , ,GLC,5183,30.3056,79.3286,India,IN,Uttaranchal,Langsu,5.27,1396310400000.0,1606348800000,79.3286000000001,30.3056,2013-07-24 00:00:00+00:00,False,prox:60:158:5303
10791,Times of India,http://timesofindia.indiatimes.com/city/guwahati/Landslide-deluge-kill-7-in-Meghalayas-Garo-Hills/articleshow/43174646.cms,6293,1413763200000.0, ,South West Garo Hills,Deputy commissioner of South West Garo Hills district Ram Singh said six people were killed by a landslide and one was swept away by floodwaters.,South West Garo Hills,50km,landslide,rain,medium,unknown,6,0, , , ,GLC,6293,25.5006,90.0896,India,IN,Meghalaya,Tura,14.36,1413849600000.0,1606348800000,90.0896000000001,25.5006000000001,2014-10-20 00:00:00+00:00,False,prox:51:180:5454
10807,blog.taragana,http://blog.taragana.com/n/darjeeling-toy-train-suspended-118172/,1056,1248220800000.0, ,"Darjeeling, West Bengal","The disruption of popular toy train services in Darjeeling disappointed the tourists as the rail track was damaged by the landslides in the region. The track has been washed away at Gayabari, Kerseong and Darjeeling due to heavy incessant rainfall and la","Darjeeling, West Bengal",10km,landslide,downpour,medium,below_road,0,0, , , ,GLC,1056,27.04,88.264,India,IN,West Bengal,Darjeeling,0.51,1396310400000.0,1606348800000,88.2640000000001,27.0400000000001,2009-07-22 00:00:00+00:00,False,prox:54:176:4815
10833,beacononline.wordpress,http://beacononline.wordpress.com/2009/08/21/sikkim-landslides-disturb-power-lines-link-roads/,1102,1250640000000.0,20:00,"Sombaria, West Sikkim","Two persons were killed and 10 others were injured following a series of landslides and flashfloods triggered by incessant rains in Sombaria and Daramdin in west Sikkim since last night. According to the SDO, Soreng, Mr Bhim Thatal, Puspa Mani Pradhan an","Sombaria, West Sikkim",10km,landslide,downpour,medium,unknown,2,0, , , ,GLC,1102,27.2644,88.1365,India,IN,Sikkim,Gonpatang,19.72,1396310400000.0,1606348800000,88.1365000000001,27.2644,2009-08-19 00:00:00+00:00,False,prox:54:176:4825
10836,indianexpress,http://www.indianexpress.com/news/traffic-resumes-on-jk-highway-landslides-cleared/831056/,3907,1313020800000.0, ,Jammu-Srinagar National Highway in Jammu City,"Twin routes of Jammu-Srinagar National Highway, which were blocked due to landslides triggered by heavy rains in Jammu city, were cleared and normal traffic resumed on Friday.  The highway routes via Manda forest and Panjirthi, besides circular road whic",Jammu-Srinagar National Highway in Jammu City,50km,landslide,downpour,medium,unknown,0,0, , , ,GLC,3907,32.7327,74.8556,India,IN,Jammu and Kashmir,Jammu,2.75,1396310400000.0,1606348800000,74.8556,32.7327000000001,2011-08-11 00:00:00+00:00,False,prox:65:149:5065
10854,My Himachal,https://web.archive.org/web/20110903112918/http://himachal.us/2011/07/12/sinking-ridge-threatens-shimla-town-hall-tibetan-market/29120/tourism/baldev,3763,1310428800000.0, ,the Ridge in downtown Shimla,"The monsoon has just begun and a section of the Ridge in down town Shimla has started to sink, if the civic authorities do not act fast it could threaten a century old town hall building and the Tibetan market below.  The Ridge landslide is less than 20",the Ridge in downtown Shimla,1km,landslide,downpour,small,urban,0,0, , , ,GLC,3763,31.10587659,77.17798485,India,IN,Himachal Pradesh,Simla,10.48,1396310400000.0,1606348800000,77.1779848540001,31.105876591,2011-07-12 00:00:00+00:00,False,prox:62:154:5055
10891,e-pao,http://www.e-pao.net/GP.asp?src=5..101010.oct10,2576,1286582400000.0, ,"NH-39 at Tobio village(?), 7 km form Tadubi, Manipur","Owing to landslides, triggered by incessant rainfall, at various points along the National highway vehicular movement on the ImphalDimapur section has come to a grinding halt today.  An informed source said that a massive landslide had washed away substa","NH-39 at Tobio village(?), 7 km form Tadubi, Manipur",10km,landslide,downpour,medium,unknown,0,0, , , ,GLC,2576,25.4788,94.1399,India,IN,Manipur,Sochumei,9.76,1396310400000.0,1606348800000,94.1399000000001,25.4788,2010-10-09 00:00:00+00:00,False,prox:50:188:4963
10894,news.in,http://news.in.msn.com/national/article.aspx?cp-documentid=5187654,3558,1306800000000.0, ,"road to Yamunotri shrine, Uttarakashi","The landslides also blocked traffic on the road stranding pilgrims visiting Yamunotri shrine. However, the road was opened for light vehicles after some time. Rains lashed most parts of Garhwal and Kumaon region. Dehra Dun received 15.8 mm of rains, Paur","road to Yamunotri shrine, Uttarakashi",25km,landslide,rain,medium,unknown,0,0, , , ,GLC,3558,30.9206,78.3276,India,IN,Uttaranchal,Uttarkashi,23.41,1396310400000.0,1606348800000,78.3276000000001,30.9206,2011-05-31 00:00:00+00:00,False,prox:61:156:5041
10901,Indian Express,http://www.indianexpress.com/news/two-dead-as-heavy-rains-cause-landslides-in/651713/,2139,1280016000000.0, ,Ruldu Bhatta locality near Lakkar Bazaar,"In another incident, 20 persons living in Ruldu Bhatta locality near Lakkar Bazaar had a narrow escape when a deodar tree fell due to landslide and damaged seven houses in the vicinity. Three persons were injured in the incident and were admitted to the",Ruldu Bhatta locality near Lakkar Bazaar,5km,landslide,downpour,medium,urban,0,3, , , ,GLC,2139,31.1054,77.1727,India,IN,Himachal Pradesh,Simla,9.99,1396310400000.0,1606348800000,77.1727000000001,31.1054,2010-07-25 00:00:00+00:00,False,prox:62:154:4938
10907,Tribune India,http://www.tribuneindia.com/news/himachal/landslide-buries-truck-under-debris-on-mandi-kullu-national-highway/274374.html,9264,1469923200000.0,23:00,"Hanogi on the Mandi-Kullu National Highway (NH-21), Himachal Pradesh, India",Two persons sustained grievous injuries when the truck they were travelling in got buried under debris following a massive landslide near Hanogi on the Mandi-Kullu National Highway (NH-21) late on Sunday. The truck was moving on the road when a landslide,"Hanogi on the Mandi-Kullu National Highway (NH-21), Himachal Pradesh, India",5km,landslide,rain,medium,above_road,0,2, ,http://images.tribuneindia.com/cms/gall_content/2016/8/2016_8$largeimg01_Monday_2016_110912551.jpg, ,GLC,9264,31.6865,77.1043,India,IN,Himachal Pradesh,Pandoh,4.81,1470009600000.0,1606348800000,77.1043000000001,31.6865,2016-07-31 00:00:00+00:00,False,prox:63:154:5671
10934,Daijiworld,http://www.daijiworld.com/news/news_disp.asp?n_id=80009,2017,1277424000000.0, ,"tracks near Kulshekar, between Padil and Thokur, Mangalore to Mumbai","Heavy rains in the region have affected the movement of trains. Following a landslide in the railway track near Kulshekar, trains running on this sector have been temporarily cancelled on Saturday June 26.  The tracks have been inundated with water and m","tracks near Kulshekar, between Padil and Thokur, Mangalore to Mumbai",5km,landslide,downpour,medium,above_road,0,0, ,http://www.daijiworld.com/img_news1/daya_260610_trainp1.jpg, ,GLC,2017,12.89163444,74.88548779,India,IN,Karnataka,Mangalore,5.25,1396310400000.0,1606348800000,74.8854877900001,12.8916344410001,2010-06-25 00:00:00+00:00,False,prox:25:149:4928
10941,E-PAO,http://e-pao.net/GP.asp?src=22..010815.aug15,7364,1438300800000.0,09:00,Phungyar road,Massive landslide along the Phungyar road under Ukhrul District cut off Phungya Sub-Division from the rest the state on Friday.,Phungyar road,10km,landslide,continuous_rain,medium,below_road,0,0, ,http://www.e-pao.org/galleries/images/News_Related/2015/08/Landslide_20150801.jpg, ,GLC,7364,24.819,94.3551,India,IN,Manipur,Chattrik,30.9,1446508800000.0,1606348800000,94.3551,24.8190000000001,2015-07-31 00:00:00+00:00,False,prox:49:188:5549
10948,economictimes.indiatimes,http://economictimes.indiatimes.com/articleshow/6492259.cms,2390,1283558400000.0, ,"Karmkund(?), on Rishikesh-Gangotri hwy","DEHRA DUN: Fresh triggered by rains today disrupted the pilgrimage to , and in the Garhwal Himalayas of Uttarakhand.  The landslides hit various places in Chamoli and Uttarkashi districts blocking the routes to the shrines of Badrinath, Gangotri and Yamu","Karmkund(?), on Rishikesh-Gangotri hwy",50km,landslide,downpour,medium,unknown,0,0, , , ,GLC,2390,30.796,78.623,India,IN,Uttaranchal,Uttarkashi,18.86,1396310400000.0,1606348800000,78.623,30.796,2010-09-04 00:00:00+00:00,False,prox:61:157:4952
10957,ASSAM Talks,http://www.assamtalks.com/2-killed-in-jorabat-landslide.html,7276,1437782400000.0,09:00,"Dispur : According to report, a huge hillock slipped into the house after heavy rain where Dinesh Bodo along with his wife and daughter lived in. Thi*","According to report, a huge hillock slipped into the house after heavy rain where Dinesh Bodo along with his wife and daughter lived in. This incident occurred at Tamulkuchi village of Jorabat.  Bodo’s wife Bharati Bodo and his daughter were died and o", ,5km,landslide,continuous_rain,medium,natural_slope,2,0, , , ,GLC,7276,26.1062,91.8717,India,IN,Assam,Pomahi,1.47,1437955200000.0,1606348800000,91.8717,26.1062000000001,2015-07-25 00:00:00+00:00,False,prox:52:183:5547
10958,State Times,http://news.statetimes.in/landslides-3-more-bodies-retrieved-toll-rises-to-20/,7172,1428019200000.0, ,Diwalkund in Dessa belt of Doda district,"With the recovery of two more bodies, he said, the total bodies recovered since yesterday has risen to four.  “Two bodies were recovered yesterday. Three people who are also feared dead, continue to be trapped under the debris of the house which has co",Diwalkund in Dessa belt of Doda district,5km,landslide,continuous_rain,medium,unknown,4,0, , , ,GLC,7172,33.1445,75.5469,India,IN,Jammu and Kashmir,Doda,0.84,1436745600000.0,1606348800000,75.5469000000001,33.1445,2015-04-03 00:00:00+00:00,False,prox:66:151:5509
10961,ibnlive.in,http://ibnlive.in.com/generalnewsfeed/news/yatra-to-kedarnath-gangotri-yamunotri-resumes/745000.html,3678,1309392000000.0, ,"Pauri-Safdarkhal road, blocked at Khundadhar","Dehradun, Jul 1 (PTI) National highways leading to Kedarnath, Gangotri and Yamunotri, which were blocked due to landslides following heavy rains, were reopened today for traffic to resume the yatra, official sources said.The national highways leading to","Pauri-Safdarkhal road, blocked at Khundadhar",50km,landslide,downpour,medium,unknown,0,0, , , ,GLC,3678,30.15,78.7753,India,IN,Uttaranchal,Alaknanda,9.99,1396310400000.0,1606348800000,78.7753000000001,30.15,2011-06-30 00:00:00+00:00,False,prox:60:157:5051
10962,The Hindu,http://www.thehindu.com/news/cities/chennai/residents-evacuated-following-mudslide-near-construction-site/article7879275.ece,8944,1447459200000.0, ,Padmavathy Nagar in West Velachery,Residents of Padmavathy Nagar in West Velachery were evacuated by Chennai Corporation on Saturday following an unusual mudslide caused by heavy rain near a multi-storied building. The mudslide damaged roads and other civic infrastructure in the area. Che,Padmavathy Nagar in West Velachery,1km,landslide,rain,medium,urban,0,0, , , ,GLC,8944,12.9746,80.2119,India,IN,Tamil Nadu,Madras,4.11,1468454400000.0,1606348800000,80.2119000000001,12.9746000000001,2015-11-14 00:00:00+00:00,False,prox:25:160:5584
10970,sawfnews,http://www.sawfnews.com/Bollywood/65146.aspx,2397,1283731200000.0, ,"road to Manali, Himachal Pradesh","September 07, 2010, (Sawf News) - Sayali Bhagat sustained minor injuries when her car was hit by a boulder during a landslide near Manali.  The former Miss World, was on her way to Manali from New Delhi for the shooting of her film Naughty at Forty.  The","road to Manali, Himachal Pradesh",25km,landslide,downpour,medium,unknown,0,0, , , ,GLC,2397,32.0987,77.1495,India,IN,Himachal Pradesh,Shirir,3.75,1396310400000.0,1606348800000,77.1495,32.0987000000001,2010-09-06 00:00:00+00:00,False,prox:64:154:4952
10980,ibnlive.in.com,http://ibnlive.in.com/news/bad-weather-continues-in-uttarakhand-three-people-die-in-landslides-wall-collapse/410397-3-243.html,5224,1374969600000.0, ,"Samkot Village Of Pithoragarhi, Uttarakhand","22-year-old police constable Gambhir Singh, on duty in Bhatwari area of Uttarkashi district, was killed yesterday after a boulder rolling down a hill hit him. He died while being flown to Dehradun for treatment.","Samkot Village Of Pithoragarhi, Uttarakhand",10km,mudslide,downpour,small,unknown,1,0, , , ,GLC,5224,29.9964,80.201,India,IN,Uttaranchal,Nachani,10.44,1396310400000.0,1606348800000,80.2010000000001,29.9964,2013-07-28 00:00:00+00:00,False,prox:59:160:5304
10983,daijiworld,http://www.daijiworld.com/news/news_disp.asp?n_id=106627,3660,1309132800000.0, ,"Karnataka coast, Mangalore","Mangalore, Jun 28: Heavy rains continued to batter Karnataka coast on Monday June 27. A number of low-lying areas were inundated, while landslides brought misery to a number of people. Collapsed houses, drowned minor bridges, fallen trees, and threat of","Karnataka coast, Mangalore",5km,landslide,downpour,large,unknown,0,0, , , ,GLC,3660,12.9141,74.856,India,IN,Karnataka,Mangalore,5.19,1396310400000.0,1606348800000,74.8560000000001,12.9141000000001,2011-06-27 00:00:00+00:00,False,prox:25:149:5050
10998,Web India 123,http://news.webindia123.com/news/Articles/India/20150819/2663754.html,7699,1439942400000.0, ,Zunheboto district,"Sources said in Zunheboto district the rainfall had caused several landslides damaging scores of houses, roads, bridges, cultivation areas and paddy/terrace fields.",Zunheboto district,50km,landslide,continuous_rain,medium,unknown,0,0, , , ,GLC,7699,26.0214,94.5224,India,IN,Nagaland,Yezami,6.66,1462838400000.0,1606348800000,94.5224000000001,26.0214,2015-08-19 00:00:00+00:00,False,prox:52:189:5555
10999,Nagaland Post,http://nagalandpost.com/ChannelNews/State/StateNews.aspx?news=TkVXUzEwMDEwMDI0Mw%3D%3D,9251,1469664000000.0,23:00,"Government Middle School (GMS) Kiphire station “B”, Kiphire, Nagaland, India","Owing to heavy downpour in Kiphire, a retaining wall and water tank collapsed and destroyed the classrooms of Government Middle School (GMS) Kiphire station “B” on the night of July 28. According to the head teacher GMS Kiphire station “B” Lisech","Government Middle School (GMS) Kiphire station “B”, Kiphire, Nagaland, India",1km,landslide,downpour,medium,retaining_wall,0,0, ,http://www.nagalandpost.com/cms/newsimages/EJPFZHFCZPOBDIMBOOTY_resize.jpg, ,GLC,9251,25.8702,94.7844,India,IN,Nagaland,Lukami,16.74,1470009600000.0,1606348800000,94.7844000000001,25.8702000000001,2016-07-28 00:00:00+00:00,False,prox:51:189:5670
11003,www.ndtv.com,http://www.ndtv.com/article/cities/landslide-on-goa-karnataka-link-route-traffic-disrupted-387267,5017,1372809600000.0,02:00,"Anmod Ghat Road, Goa-Karnataka Border","Incessant rains triggered a major landslide on the Goa-Karnataka border in the wee hours today, disrupting traffic flow on the crucial Anmod Ghat that links the two states. Officials said that mud and boulders fell on the road in the ghat section, around","Anmod Ghat Road, Goa-Karnataka Border",25km,landslide,downpour,medium,unknown,0,0, , , ,GLC,5017,15.4123,74.2664,India,IN,Goa,Goa,13.32,1396310400000.0,1606348800000,74.2664,15.4123000000001,2013-07-03 00:00:00+00:00,False,prox:30:148:5296
11024,www.business-standard.com,http://www.business-standard.com/article/specials/fresh-landslide-plays-spoil-sport-to-rescue-operations-113062500319_1.html,4975,1372032000000.0,22:00,"Sirobhgarh Bend, Srinagar-Rudraprayag Highway, Uttarakhand, Northern India",Fresh spells of rain followed by a landslide at Sirobhgarh bend on the Srinagar-Rudraprayag highway have come as a body blow to the ongoing rescue-and-relief operations in Uttarakhand. An entire stretch of 200-300 metres of road has been wiped away by th,"Sirobhgarh Bend, Srinagar-Rudraprayag Highway, Uttarakhand, Northern India",10km,landslide,downpour,medium,unknown,0,0, , , ,GLC,4975,30.2524,78.9228,India,IN,Uttaranchal,Srinagar,9.09,1396310400000.0,1606348800000,78.9228,30.2524000000001,2013-06-24 00:00:00+00:00,False,prox:60:157:5293
11038,e-pao,http://www.e-pao.net/GP.asp?src=5..101010.oct10,2577,1286582400000.0, ,"NH-39 near Khongnem(?) village, between Imphal and Dimapur, Manipur",Landslide has also been reported at a spot near Khongnem village while there are at least three landslides at Karong area.,"NH-39 near Khongnem(?) village, between Imphal and Dimapur, Manipur",50km,landslide,downpour,medium,unknown,0,0, , , ,GLC,2577,25.5265,93.8673,India,IN,Manipur,Sochumei,37.55,1396310400000.0,1606348800000,93.8673000000001,25.5265000000001,2010-10-09 00:00:00+00:00,False,prox:51:187:4963
11045,Rising Kashmir,http://www.risingkashmir.com/landslide-disrupts-traffic-on-srinagar-muzaffarabad-road/,6022,1399852800000.0, ,Srinagar Muzafarabad Road,"Traffic on Srinagar Muzafarabad highway was disrupted on Monday after fresh landslide triggered by rains hit the road near NS Bridge in Uri. Reports said, Uri-Garkoot road was also blocked due to landslide. Pertinently Heavy Rains lashed parts of Kashmir",Srinagar Muzafarabad Road,5km,landslide,rain,small,above_road,0,0, , , ,GLC,6022,34.0893,74.0241,India,IN,Jammu and Kashmir,Uri,2.24,1436745600000.0,1606348800000,74.0241,34.0893,2014-05-12 00:00:00+00:00,False,prox:68:148:5400
11046,Indian Express,http://indianexpress.com/article/india/india-news-india/rains-throw-normal-life-out-of-gear-accidents-kill-4-persons-in-jammu-2960170/,9477,1470528000000.0, ,Reasi,"Various link roads in Udhampur, Reasi, Doda and Kathua districts were blocked due to landslides triggered by rains.",Reasi,10km,landslide,continuous_rain,medium,above_road,0,0, , , ,GLC,9477,33.0716,74.839,India,IN,Jammu and Kashmir,Riasi,1.63,1471910400000.0,1606348800000,74.8390000000001,33.0716,2016-08-07 00:00:00+00:00,False,prox:66:149:5673
11051,International Business Times,http://www.ibtimes.co.in/rain-triggers-flood-landslide-jk-11-killed-608288,6371,1409702400000.0, ,Kala Zar in Reasi district,"""Five persons were killed in a landslide following a cloudburst in the wee hours today at Kala Zar area of Chassana village in Reasi district,"" an official said. ""The victims include four children and an elder women who were sleeping at the time of incid",Kala Zar in Reasi district,50km,landslide,downpour,medium,unknown,5,0, , , ,GLC,6371,33.1253,74.8288,India,IN,Jammu and Kashmir,Riasi,4.69,1415318400000.0,1606348800000,74.8288000000001,33.1253,2014-09-03 00:00:00+00:00,False,prox:66:149:5438
11056,thaindian,http://www.thaindian.com/newsportal/enviornment/landslide-blocks-hindustan-tibet-road_10056629.html,568,1212451200000.0, ,Hindustan-Tibet National Highway near Matiana village,"occurred in evening, showers hampered clean up efforts",Hindustan-Tibet National Highway near Matiana village,25km,landslide,rain,medium,unknown,0,0, , , ,GLC,568,31.2077,77.193,India,IN,Himachal Pradesh,Simla,18.38,1410393600000.0,1606348800000,77.193,31.2077,2008-06-03 00:00:00+00:00,False,prox:62:154:4677
11065,himachal.us,http://himachal.us/2010/09/23/efforts-to-evacuate-tourists-trapped-in-sangla-valley-fail/22265/people/ravinder,2480,1284940800000.0, ,"Kullu village(or district?) below agricultural lands, Himachal Pradesh","Late monsoon rains have left a destruction trail behind in the high altitude tribal district of Kinnaur, in Kullu, Sirmaur and Shimla district with one person losing his life in the city here.  BM Nanta, deputy commissioner Kullu said, said that some hou","Kullu village(or district?) below agricultural lands, Himachal Pradesh",5km,landslide,downpour,medium,unknown,0,0, , , ,GLC,2480,31.944,77.1179,India,IN,Himachal Pradesh,Kulu,2.27,1396310400000.0,1606348800000,77.1179000000001,31.9440000000001,2010-09-20 00:00:00+00:00,False,prox:63:154:4957
11068,Telegraph India,http://www.telegraphindia.com/1100605/jsp/northeast/story_12529386.jsp,1935,1275523200000.0, ,"atharamura hills, Highway 44, Tripura","Heavy rainfall across Tripura with the onset of monsoon has created serious transportation problems, intensified by landslides along National Highway 44, and disruption of power supply.  The monsoon hit the state on Wednesday, nearly a week early, and ti","atharamura hills, Highway 44, Tripura",5km,landslide,downpour,medium,unknown,0,0, , , ,GLC,1935,23.8986,91.7599,India,IN,Tripura,Tripura,7.34,1396310400000.0,1606348800000,91.7599000000001,23.8986000000001,2010-06-03 00:00:00+00:00,False,prox:47:183:4921
11080,ndtv,http://www.ndtv.com/article/cities/three-people-feared-trapped-in-landslide-in-mumbai-45155,2260,1282003200000.0,13:00,"Rajeev Nagar(?) or Narayan Nagar, Asalfa village, between Ghatkopar and Saki Naka area, somewhere near Lal Bahadur Shastri, Andheri Suburb. Mumbai urb",Landslide triggered by heavy rain trapped four people under the debris in Mumbai's Saki Naka area on Tuesday. The landslide occurred early afternoon in the area.,"Rajeev Nagar(?) or Narayan Nagar, Asalfa village, between Ghatkopar and Saki Naka area, somewhere near Lal Bahadur Shastri, Andheri Suburb. Mumbai urban center,",5km,landslide,downpour,medium,unknown,1,0, , , ,GLC,2260,19.0997,72.8974,India,IN,Maharashtra,Bombay,3.35,1396310400000.0,1606348800000,72.8974000000001,19.0997,2010-08-17 00:00:00+00:00,False,prox:38:145:4946
11095,The Indian Express,http://archive.indianexpress.com/news/landslide-gridlocks-jammu-srinagar-highway/1069110/,443,1201996800000.0, ,Landslides stop traffic,300 vehicles were stranded between Jawahar Tunnel and Patnitop due to snow and landslides,along Sringar Jammu highway between Panthial and Nachlana,5km,landslide,downpour,medium,above_road,0,0, , , ,GLC,443,33.33280503,75.21320384,India,IN,Jammu and Kashmir,Gund,11.29,1410739200000.0,1606348800000,75.213203837,33.332805034,2008-02-03 00:00:00+00:00,False,prox:66:150:4637
11106,articles.timesofindia,http://articles.timesofindia.indiatimes.com/2012-09-19/guwahati/33951873_1_landslides-road-communication-water-tank,4570,1348012800000.0, , Arunachal Pradesh ,"Landslides blocked the main road culvert (PWD) near the beat office causing soil erosion from lower portion of the compound. Beat officer Bapak Koyu said if such rain continues, government quarters and office buildings may get washed away. He added that", Arunachal Pradesh ,1km,landslide,downpour,medium,unknown,0,0, , , ,GLC,4570,27.8458,95.2253,India,IN,Arunachal Pradesh,Pasighat,26.43,1396310400000.0,1606348800000,95.2253000000001,27.8458000000001,2012-09-19 00:00:00+00:00,False,prox:55:190:5200
11118,ibnlive.in,http://ibnlive.in.com/generalnewsfeed/news/yatra-to-gangotri-suspended/779707.html,3893,1312675200000.0, ,Rishikesh- Gangotri national highway in Maneri area of Uttarkashi district,"Dehradun, Aug 7 (PTI) The yatra to Himalayan shrine of Gangotri was suspended today as landslides blocked Rishikesh- Gangotri national highway in Maneri area of Uttarkashi district.The highway was hit by landslides at Sainj following rains, official sour",Rishikesh- Gangotri national highway in Maneri area of Uttarkashi district,5km,landslide,downpour,medium,unknown,0,0, , , ,GLC,3893,15.7067,73.9551,India,IN,Maharashtra,Banda,15.33,1396310400000.0,1606348800000,73.9551000000001,15.7067000000001,2011-08-07 00:00:00+00:00,False,prox:31:147:5064
11122,E-PAO,http://e-pao.net/GP.asp?src=22..020815.aug15,7373,1438387200000.0, ,between Maku village and Kamjong sub division,"Meanwhile, Kamjong- Ukhrul BRTF road connecting 30 villages under Kamjong block has remained cut off for the past three days following heavy landslides at various locations in between Maku village and Kamjong sub division spanning a stretch of abour 9 ki",between Maku village and Kamjong sub division,10km,landslide,continuous_rain,medium,above_road,0,0, , , ,GLC,7373,24.9111,94.4759,India,IN,Manipur,Chattrik,15.44,1448064000000.0,1606348800000,94.4759000000001,24.9111,2015-08-01 00:00:00+00:00,False,prox:49:188:5549
11132,newKarala,http://www.newkerala.com/news/2015/fullnews-73439.html,6968,1434153600000.0, ,"Ratacherra village along the NH-44 connecting to Barak Valley in Assam and Tripura, Meghalaya, Mizoramon",At least four people including three women were killed and two others injured in landslide following heavy rainfall…when a tea shop was buried,"Ratacherra village along the NH-44 connecting to Barak Valley in Assam and Tripura, Meghalaya, Mizoramon",5km,landslide,continuous_rain,medium,unknown,4,2, , , ,GLC,6968,25.463,92.2121,India,IN,Meghalaya,Muphlang,7.38,1435190400000.0,1606348800000,92.2121000000001,25.4630000000001,2015-06-13 00:00:00+00:00,False,prox:50:184:5533
11149,Two Circles,http://twocircles.net/2014jun27/8_killed_assam_landslides_electrocution.html#.U70ydPldU1L,6106,1403740800000.0,23:00,Narakasur,"At least eight people, including three members of a family, were killed here due to landslides and flash floods triggered by incessant rain since Thursday night, officials said Friday. Four persons were killed due to landslides in two places while anothe",Narakasur,5km,landslide,continuous_rain,small,unknown,3,0, , , ,GLC,6106,26.1407,91.7645,India,IN,Assam,Gauhati,4.96,1408838400000.0,1606348800000,91.7645000000001,26.1407,2014-06-26 00:00:00+00:00,False,prox:52:183:5415
11154,Times of India,http://timesofindia.indiatimes.com/city/jaipur/Thunderstorms-landslide-add-to-misery-in-inundated-Udaipur/articleshow/42217650.cms,6340,1410393600000.0, ,Parsad on NH-8,"While life in the city remained disturbed, highway commutation was badly affected for few hours at Parsad on NH-8 and the Udaipur-Ahmedabad mainway after landslide in the area due to continuous rain. The highway machineries cleared the debris accumulated",Parsad on NH-8,1km,landslide,continuous_rain,medium,above_road,0,0, , , ,GLC,6340,24.1965,73.703,India,IN,Rajasthan,Parsad,1.16,1415059200000.0,1606348800000,73.703,24.1965000000001,2014-09-11 00:00:00+00:00,False,prox:48:147:5441
11158,The Times of India,http://timesofindia.indiatimes.com/city/navi-mumbai/Landslide-on-Mumbai-Pune-expressway-rains-in-Raigad/articleshow/34790703.cms,6014,1399420800000.0,17:00,"Raigad District, Maharashtra","Various parts of Raigad district witnessed unseasonal rains and hail on Wednesday afternoon, which also partially affected the Mumbai-Pune expressway due to a landslide. Raigad police officials informed that at around 5.30pm, an advertising hoarding fixe","Raigad District, Maharashtra",25km,landslide,rain,small,above_road,0,0, , , ,GLC,6014,18.5158,73.1822,India,IN,Maharashtra,Pali,4.43,1408838400000.0,1606348800000,73.1822000000001,18.5158000000001,2014-05-07 00:00:00+00:00,False,prox:37:146:5399
11160,www.morungexpress.com,http://www.morungexpress.com/local/101605.html,5268,1375574400000.0, ,"Zunheboto, Nagaland","The Chief Engineer, PHED Er Kevisekho Kruse along with Superintending Engineer, Er Moa Longchar and a host of field officers and staff on August 22 conducted a physical verification of the huge damages of the main pipeline for water supply to Zunheboto t","Zunheboto, Nagaland",25km,landslide,continuous_rain,medium,unknown,0,0, , , ,GLC,5268,26.0137,94.5163,India,IN,Nagaland,Yezami,7.64,1396310400000.0,1606348800000,94.5163000000001,26.0137,2013-08-04 00:00:00+00:00,False,prox:52:189:5307
11164,morungexpress,http://www.morungexpress.com/frontpage/53726.html,2248,1281744000000.0, ,"Noklak-Tuensang road, Nagaland","People cross a portion of the landslide area, along the National Highway 39, below Kohima, on Saturday, August 21, 2010. The calamities which affect the National Highway 39 started from August 7 after continuous heavy rainfall in the hilly state of Nagal","Noklak-Tuensang road, Nagaland",25km,landslide,downpour,medium,unknown,0,0, , , ,GLC,2248,26.222,94.9152,India,IN,Nagaland,Noklak,10.44,1396310400000.0,1606348800000,94.9152000000001,26.222,2010-08-14 00:00:00+00:00,False,prox:52:189:4945
11173,thehindu,http://www.thehindu.com/news/states/kerala/article2333186.ece,3886,1312588800000.0, ,"Pallippady in Koruthode panchayat, Cholathadam in Poonjar Thekkekkara Pallippady in Koruthode panchayat and Cholathadam in Poonjar Thekkekkara panchay",Massive loss to crop and property have been reported from the high ranges areas of the district bordering neighbouring Idukki district in the heavy rains that lashed the area during the past 24 hours.  Major landslides have been reported from Pallippady,"Pallippady in Koruthode panchayat, Cholathadam in Poonjar Thekkekkara Pallippady in Koruthode panchayat and Cholathadam in Poonjar Thekkekkara panchayat",unknown,landslide,downpour,medium,unknown,0,0, , , ,GLC,3886,9.4237,76.9371,India,IN,Kerala,Pambiyar,6.0,1396310400000.0,1606348800000,76.9371000000001,9.42370000000005,2011-08-06 00:00:00+00:00,False,prox:18:153:5064
11188,google,http://www.google.com/hostednews/ap/article/ALeqM5jX0zDvbyG5NSZlU1PvwinvwJE7eA?docId=a41f7ba5737f4f31a3ab4551992cdcb8,4277,1332115200000.0,23:00,"Gurez, Kashmir","SRINAGAR, India (AP) — An avalanche triggered by recent rains killed at least one man in the Himalayan territory of Kashmir, while strong winds ripped trees from their roots and damaged thousands of homes, officials said Tuesday. State disaster managem","Gurez, Kashmir",10km,rock_fall,rain,medium,unknown,1,0, , , ,GLC,4277,34.6507,74.7362,India,IN,Jammu and Kashmir,Wampor,5.12,1410393600000.0,1606348800000,74.7362000000001,34.6507,2012-03-19 00:00:00+00:00,False,prox:69:149:5139
11190,www.indiatvnews.com,http://www.indiatvnews.com/news/india/sikkim-landslide-army-rescues-tourists-stranded-near-nathu-la-24315.html,4990,1372291200000.0,23:00,"Near Changu Lake, 15Km Away From Nathu La, On India-China Border In Eastern Sikkim","The Mountain Black Cat Division of the Indian Army has rescued 230 tourists last night when they were stranded near Changu Lake (13300 ft height) , 15 km away from Nathu La, on India-China border in eastern Sikkim. Heavy rain and landslides in this area","Near Changu Lake, 15Km Away From Nathu La, On India-China Border In Eastern Sikkim",1km,landslide,downpour,medium,unknown,0,0, , , ,GLC,4990,27.3765,88.7628,India,IN,Sikkim,Xarsingma,16.94,1396310400000.0,1606348800000,88.7628000000001,27.3765000000001,2013-06-27 00:00:00+00:00,False,prox:54:177:5294
11206,sakaaltimes,http://www.sakaaltimes.com/2008/12/20133639/JammuSrinagar-highway-blocked.html,940,1229731200000.0, ,"Panthal in Ramban district, National Highway 1; 174 km from Jammu","“Landslides triggered by the moderate rains have blocked the National Highway at some places in Panthal area, stopping the normal commutation on the roads,""; rain and snowfall since last evening caused landslides; occurred around 9:30am","Panthal in Ramban district, National Highway 1; 174 km from Jammu",25km,landslide,rain,medium,unknown,0,0, , , ,GLC,940,33.245,75.247,India,IN,Jammu and Kashmir,Chaunkri,21.37,1410393600000.0,1606348800000,75.2470000000001,33.2450000000001,2008-12-20 00:00:00+00:00,False,prox:66:150:4744
11221,New Indian Express,http://www.newindianexpress.com/nation/Landslide-Kills-Three-in-Tripura/2014/08/15/article2381042.ece,6513,1407974400000.0,23:00,Sabroom,"A woman and her two children were killed when a landslide buried their house in Tripura, police said here Friday.",Sabroom,5km,mudslide,downpour,medium,unknown,3,0, , , ,GLC,6513,23.0137,91.7174,India,IN,Tripura,Chingri Khal,25.51,1418601600000.0,1606348800000,91.7174,23.0137,2014-08-14 00:00:00+00:00,False,prox:46:183:5432
11224,ibnlive.in,http://ibnlive.in.com/generalnewsfeed/news/rains-drench-north-india-7-die-in-rainlinked-incidents/753764.html,3757,1310256000000.0, ,Nalupani area in Uttarkashi district,"In Uttarakhand, light to moderate rains continued to lash most parts of the hill state with the Met office predicting more rains during the next 24 hours. Incessant rains triggered landslides at Nalupani area in Uttarkashi district blocking vehicular tra",Nalupani area in Uttarkashi district,10km,landslide,downpour,medium,unknown,0,0, , , ,GLC,3757,30.7333,78.4399,India,IN,Uttaranchal,Uttarkashi,0.03,1396310400000.0,1606348800000,78.4399000000001,30.7333,2011-07-10 00:00:00+00:00,False,prox:61:156:5055
11229,Newkerala,http://www.newkerala.com/july.php?action=fullnews&id=56364,215,1188259200000.0, ,Phesema area at National Highway 39,multiple landslides in  the area causing road closures,Phesema area at National Highway 39,50km,landslide,rain,medium,unknown,1,0, , , ,GLC,215,25.7428,93.9136,India,IN,Nagaland,Dimapur,20.99,1396310400000.0,1606348800000,93.9136,25.7428,2007-08-28 00:00:00+00:00,False,prox:51:187:4584
11238,sify.com,http://sify.com/news/landslides-flash-floods-damage-roads-in-uttarakhand-news-national-kjxruecgidd.html,2470,1284854400000.0, ,"Dehradun-Mussoorie rd, Himachal Pradesh","Dehradun, Sep 23 (IANS) Widespread landslides and flash floods triggered by last week's torrential rains in Uttarakhand have cut off large parts of the Himalayan state and left hundreds of tourists and pilgrims stranded, including on the Mansarovar route","Dehradun-Mussoorie rd, Himachal Pradesh",5km,landslide,downpour,medium,unknown,0,0, , , ,GLC,2470,30.4326,78.0767,India,IN,Uttaranchal,Mussorie,3.31,1396310400000.0,1606348800000,78.0767000000001,30.4326,2010-09-19 00:00:00+00:00,False,prox:60:156:4957
11252,Nagaland Post,http://nagalandpost.com/ChannelNews/State/StateNews.aspx?news=TkVXUzEwMDA4NTE4Nw%3D%3D,7701,1439942400000.0,15:00,Phesama,Over 200 vehicles were stranded along NH-29 Phesama landslide area for almost four hours on Wednesday.,Phesama,5km,landslide,continuous_rain,medium,above_road,0,0, ,http://morungexpress.com/wp-content/uploads/2015/08/119.jpg, ,GLC,7701,25.6278,94.1051,India,IN,Nagaland,Sochumei,21.24,1464307200000.0,1606348800000,94.1051000000001,25.6278,2015-08-19 00:00:00+00:00,False,prox:51:188:5555
11255,morungexpress,http://www.morungexpress.com/local/51540.html,2045,1278374400000.0, ,"Tuensang, Nagaland","Dimapur| July 12  : Yet another monsoon season in Nagaland and one has to batter bad roads.    This year’s monsoon has been the worse by far.  Most interior villagers of Mon, Tuensang and Kiphire are cut out from the rest of the state. With good roads","Tuensang, Nagaland",5km,mudslide,monsoon,medium,unknown,0,0, , , ,GLC,2045,26.2363,94.8133,India,IN,Nagaland,Noklak,20.73,1396310400000.0,1606348800000,94.8133000000001,26.2363,2010-07-06 00:00:00+00:00,False,prox:52:189:4932
11256,kuenselonline,http://www.kuenselonline.com/modules.php?name=News&file=article&sid=16186,2113,1279670400000.0,08:00,"Singtam-Mangan rd, Sikkim",Five houses were destroyed by landslides triggered by incessant rain at Zang in East Sikkim early this morning. Nobody was hurt as families living in these houses could escape just before the slides struck.  The mud slides also blocked the Singtam-Mangan,"Singtam-Mangan rd, Sikkim",25km,landslide,downpour,medium,unknown,0,0, , , ,GLC,2113,27.3773,88.559,India,IN,Sikkim,Tista,12.8,1396310400000.0,1606348800000,88.5590000000001,27.3773000000001,2010-07-21 00:00:00+00:00,False,prox:54:177:4937
11270,twocircles.net,http://twocircles.net/2011jul20/landslide_snaps_siligurisikkim_highway_link.html,3813,1311120000000.0, ,National Highway 31A in West Bengal's Darjeeling district,"Siliguri : The road link between Siliguri and Sikkim was snapped for about six hours Wednesday after heavy overnight rains triggered a landslide on National Highway 31A in West Bengal's Darjeeling district, police said.  Hundreds of vehicles remained sta",National Highway 31A in West Bengal's Darjeeling district,25km,landslide,rain,small,unknown,0,0, , , ,GLC,3813,27.1141,88.4658,India,IN,Sikkim,Kalimpong,4.61,1396310400000.0,1606348800000,88.4658000000001,27.1141000000001,2011-07-20 00:00:00+00:00,False,prox:54:176:5058
11282,timesofindia.indiatimes.com,http://timesofindia.indiatimes.com/city/kozhikode/Landslide-holds-up-traffic-at-Nadukani-for-hours-none-injured/articleshow/20771153.cms,4981,1372118400000.0,08:00,"First Hairpin Bend, Kerala-Tamil Nadu Inter-State Highway, Nadukani Ghat Road Connecting Nilambur With Gudallur In Tamilnadu","The landslides occurred at First Hairpin Bend, Thenpara and Jaram regions of Ghat Road, after the heavy rain received at Nadukani last night. Efforts to clear the block began early morning on Tuesday by forest officials who arrived from Nellikkuthu.","First Hairpin Bend, Kerala-Tamil Nadu Inter-State Highway, Nadukani Ghat Road Connecting Nilambur With Gudallur In Tamilnadu",unknown,landslide,downpour,medium,unknown,0,0, , , ,GLC,4981,10.9628,77.5947,India,IN,Tamil Nadu,Kangayam,6.08,1396310400000.0,1606348800000,77.5947,10.9628000000001,2013-06-25 00:00:00+00:00,True,prox:21:155:5293
11287,Greater Kashmir,http://www.greaterkashmir.com/news/front-page/landslides-block-kishtwar-highway/192670.html,7284,1437955200000.0, ,"Batote-Kishtwar highway, Kishtwar stretch","The Batote-Kishtwar highway was closed for vehicular traffic on Sunday after landslides triggered by overnight incessant rains damaged portions of the thoroughfare at several places, officials said.  An official said the highway was blocked after massive","Batote-Kishtwar highway, Kishtwar stretch",10km,landslide,downpour,small,above_road,0,0, , , ,GLC,7284,33.2706,75.7702,India,IN,Jammu and Kashmir,Shandero,6.6,1437955200000.0,1606348800000,75.7702,33.2706000000001,2015-07-27 00:00:00+00:00,False,prox:66:151:5547
11288,Nyoooz,http://www.nyoooz.com/thane/204844/mudslide-kills-senior-citizen,8287,1442793600000.0, ,Jivdani Temple,"THANE: A 65-year-old man Ramesh Sakarkar living in a tenement at the foothills of Jeevdani Temple in Virar died due to a mudslide on Sunday. ""It has been raining continously in the area and the topsoil has become loose. This poses a grave danger to the i",Jivdani Temple,1km,landslide,downpour,medium,unknown,1,0, , , ,GLC,8287,19.4662,72.8276,India,IN,Maharashtra,Vasei,12.58,1467676800000.0,1606348800000,72.8276000000001,19.4662000000001,2015-09-21 00:00:00+00:00,False,prox:38:145:5566
11290,Hindustan Times,http://www.hindustantimes.com/india-news/sinking-sliding-land-in-budgam-triggers-migration/article1-1332899.aspx,6931,1427068800000.0, ,Shopian district,Major landslides were also reported from south Kashmir's Shopian district where 45 families were evacuated.,Shopian district,25km,landslide,continuous_rain,large,unknown,0,0, , , ,GLC,6931,33.7099,74.7959,India,IN,Jammu and Kashmir,Shupiyan,3.31,1432684800000.0,1606348800000,74.7959000000001,33.7099000000001,2015-03-23 00:00:00+00:00,False,prox:67:149:5505
11298,South Asian News Agency,http://www.sananews.net/english/2010/09/24/vehicles-shops-damaged-as-landslide-hits-highway/,2492,1285200000000.0,10:00,Policeman killed near Magarkote,"Several shops and vehicles were damaged and a policeman injured when a landslide hit the Jammu-Srinagar  Highway, choking it for 3 hours, in Ramban district of the state.  The landslide hit as a hillock caved in on the highway in Magarkote area, 140 kms","Jammu-Srinagar hwy, Magarkote area, Ramban district, Jammu and Kashmir",25km,landslide,downpour,medium,above_road,0,1, , ,Time at Daily Excelsior,GLC,2492,33.32823333,75.2041911,India,IN,Jammu and Kashmir,Gund,11.74,1396310400000.0,1606348800000,75.2041911040001,33.328233325,2010-09-23 00:00:00+00:00,False,prox:66:150:4958
11300,E-PAO,http://e-pao.net/GP.asp?src=26..120815.aug15,7666,1439251200000.0, ,Tousem,"In a press statement, ZB-AMN General Secretary Dr Gairiangmei Maringmei said due to recent incessant rain, several areas of the Zeliangrong region have experienced landslides.",Tousem,5km,landslide,continuous_rain,medium,unknown,0,0, , , ,GLC,7666,25.1019,93.3729,India,IN,Manipur,Brail Range,8.59,1461801600000.0,1606348800000,93.3729000000001,25.1019000000001,2015-08-11 00:00:00+00:00,False,prox:50:186:5552
11304,timesofindia.indiatimes,http://timesofindia.indiatimes.com/india/Seasons-1st-snowfall-at-Rohtang-Pass/articleshow/6550128.cms,2427,1284336000000.0,23:00,"near Rahni Nullah(?), on Manali-Rohtang hwy, Himachal Pradesh","MANALI: Rohtang Pass, situated at 13,050 feet above sea level in Manali, received the season's first snowfall on Monday. Heavy rains and landslide blocked Manali-Rohtang highway leaving at least 40 vehicles stranded.  According to Border Road Organizatio","near Rahni Nullah(?), on Manali-Rohtang hwy, Himachal Pradesh",10km,landslide,downpour,medium,unknown,0,0, , , ,GLC,2427,32.3109,77.2195,India,IN,Himachal Pradesh,Chandra,11.14,1396310400000.0,1606348800000,77.2195,32.3109000000001,2010-09-13 00:00:00+00:00,False,prox:64:154:4955
11308,articles.timesofindia.indiatimes.com,http://articles.timesofindia.indiatimes.com/2013-02-20/guwahati/37199432_1_fire-mishap-east-siang-massive-landslide,4757,1361145600000.0, ,"East Siang, Arunachal Pradesh","At least three persons died on the spot while two were seriously injured in a massive landslide that occurred in East Siang district.The accident occurred at 20 mile, which is 38 km from Pasighat town in East Siang district on Monday, sources said here o","East Siang, Arunachal Pradesh",5km,landslide,rain,medium,unknown,3,2, , , ,GLC,4757,28.1193,95.1645,India,IN,Arunachal Pradesh,Dihang,12.35,1396310400000.0,1606348800000,95.1645,28.1193,2013-02-18 00:00:00+00:00,False,prox:56:190:5251
11310,India Express,http://indianexpress.com/article/india/india-news-india/four-people-including-5-year-old-killed-in-landslide-enroute-to-vaishnodevi-2957233/,9447,1470355200000.0,00:00,"Banganga-Ardhkuwari road, enroute to he cave shrine of Mata Vaishnodevi in Jammu and Kashmir’s Reasi district",Four persons including three pilgrims were killed and nine injured in a landslide triggered by heavy rains enroute to the cave shrine of Mata Vaishnodevi in Jammu and Kashmir’s Reasi district.,"Banganga-Ardhkuwari road, enroute to he cave shrine of Mata Vaishnodevi in Jammu and Kashmir’s Reasi district",5km,landslide,downpour,medium,above_road,5,8, ,http://i1.wp.com/thenorthlines.com/wp-content/uploads/2016/08/land-slide1.jpg?resize=696%2C392, ,GLC,9447,33.0068,74.9455,India,IN,Jammu and Kashmir,Riasi,13.85,1471564800000.0,1606348800000,74.9455,33.0068000000001,2016-08-05 00:00:00+00:00,False,prox:66:149:5672
11314,Eastern Mirror,http://www.easternmirrornagaland.com/landslide-hampers-nh-102-traffic-restored/,8900,1467849600000.0, ,"Imphal-Ukhrul sector of National Highway 102, Manipur, India",Estimated Date. Heavy landslide along the busy Imphal-Ukhrul sector of the National Highway 102 hampered vehicular traffic along the route forcing passenger buses to stop normal services since the last four days.  However smaller-sized vehicles such as c,"Imphal-Ukhrul sector of National Highway 102, Manipur, India",25km,landslide,monsoon,large,above_road,0,0, , , ,GLC,8900,25.0118,94.3136,India,IN,Manipur,Chattrik,31.36,1468195200000.0,1606348800000,94.3136000000001,25.0118,2016-07-07 00:00:00+00:00,False,prox:50:188:5663
11336,alertnet,http://www.alertnet.org/thenews/fromthefield/222031/128136284695.htm,2209,1281052800000.0,00:00,"Phyang village, Leh, Ladakh, Jammu and Kashmir","On the night of 5th and 6th August 2010, between 00:00 hrs and 00:30 hrs, intensive rainfall followed by massive cloudburst in high altitude terrain of Leh (3505m), triggered numerous debris flows, mud flows (earth spreads) and sand flows. These widespre","Phyang village, Leh, Ladakh, Jammu and Kashmir",5km,landslide,downpour,large,unknown,0,0, , , ,GLC,2209,34.208,77.5101,India,IN,Jammu and Kashmir,Leh,7.15,1410825600000.0,1606348800000,77.5101000000001,34.208,2010-08-06 00:00:00+00:00,False,prox:68:155:4942
11349,Hindustan Times,http://www.hindustantimes.com/india/20-dead-several-houses-swept-away-in-manipur-landslide/story-KoP6OouFBWhqxSdcnLrXJN.html,7383,1438387200000.0, ,"Tuitung village, Khengjoi","Several houses of Hollenjang, Wayang and Tuitung village under Khengjoi were also swept away by the landslide. The total number of casualties from these areas, if any, are not known so far.","Tuitung village, Khengjoi",5km,landslide,rain,medium,unknown,0,0, , , ,GLC,7383,23.899,94.1434,India,IN,Manipur,Nam Palaw,14.85,1450051200000.0,1606348800000,94.1434,23.899,2015-08-01 00:00:00+00:00,False,prox:47:188:5549
11351,kerals,http://www.kerals.com/kerala/landslides-2-killed-and-six-missing/,2654,1288137600000.0,18:00,"Poochapra(?), near Thodupuzha, Kattappana, Kerala","KATTAPPAN: The bodies of two women who died in major landslides in the evening on Wednesday at Poochapra near Thodupuzha were recovered by night.  At least six persons are missing and a house was completely washed away.  The bodies of Parackal Ealikutty,","Poochapra(?), near Thodupuzha, Kattappana, Kerala",25km,landslide,downpour,medium,unknown,2,0, , , ,GLC,2654,9.8678,76.7705,India,IN,Kerala,Ramaouram,13.21,1396310400000.0,1606348800000,76.7705000000001,9.86780000000004,2010-10-27 00:00:00+00:00,False,prox:19:153:4969
11353,Greater Kashmir,http://www.greaterkashmir.com/print/landslide-hits-pulwama-village-minor-dies-in-house-collapse/184753.html,6867,1426377600000.0,18:00,House collapses in landslide,"""We had already warned the administration that the hill can be dangerous sometimes and it is a threat for the people but no action was taken. Now our prediction came true and we have lost a precious life and woman is in a critical state,"" residents told","Sonrigund Malangpora, Pulwama",1km,landslide,continuous_rain,small,unknown,1,1, , , ,GLC,6867,33.8911,74.9781,India,IN,Jammu and Kashmir,Awantipur,1.23,1427414400000.0,1606348800000,74.9781,33.8911000000001,2015-03-15 00:00:00+00:00,False,prox:67:149:5503
11355,articles.timesofindia.indiatimes.com,http://articles.timesofindia.indiatimes.com/2013-07-26/mumbai/40813862_1_kalyan-debris-kasara,5187,1374710400000.0,01:00,"Malshej Ghat, Maharashtra","A landslide at MalshejGhat caused due to Thursday's downpour disrupted traffic on National Highway 222. Officials said the key motorway, which connects Kalyan to Nashik, will be cleared in two days. ""Given the terrain, our workers may be able to remove d","Malshej Ghat, Maharashtra",5km,rock_fall,downpour,small,unknown,2,0, , , ,GLC,5187,19.3379,73.7767,India,IN,Maharashtra,Harischandra Range,13.93,1396310400000.0,1606348800000,73.7767000000001,19.3379,2013-07-25 00:00:00+00:00,True,prox:38:147:5303
11358,indianexpress,http://www.indianexpress.com/news/landslides-cut-off-arunachal-districts-iaf-to-the-rescue/833599/,3925,1313366400000.0, ,"East Kameng, Arunachal Pradesh","landslides triggered off by heavy rain cutting off road communication in several districts of Arunachal Pradesh The situation has been particularly cut off in the East Kameng district in western Arunachal Pradesh, where incessant rains have played havoc","East Kameng, Arunachal Pradesh",50km,landslide,downpour,medium,unknown,0,0, , , ,GLC,3925,27.4888,93.0153,India,IN,Arunachal Pradesh,Norang,11.5,1396310400000.0,1606348800000,93.0153000000001,27.4888,2011-08-15 00:00:00+00:00,False,prox:54:186:5067
11364,articles.timesofindia,http://articles.timesofindia.indiatimes.com/2011-08-06/guwahati/29861700_1_water-supply-drinking-water-landslides,3881,1312502400000.0, ,Itanagar,ITANAGAR: Heavy rainfall in the past 12 hours wrecked havoc in the Arunachal Pradesh capital with almost all major roads leading to the town being snapped off in many areas on the NH 52-A.  Rain induced landslides have cut off several places from the res,Itanagar,5km,landslide,downpour,medium,unknown,0,0, , , ,GLC,3881,27.1034,93.6885,India,IN,Arunachal Pradesh,North Lakhimpur,44.02,1396310400000.0,1606348800000,93.6885,27.1034000000001,2011-08-05 00:00:00+00:00,False,prox:54:187:5063
11369,DNA India,http://www.dnaindia.com/india/report-pune-landslide-toll-mounts-106-bodies-recovered-so-far-2007689,6186,1406678400000.0,06:00,Malin landslide,Lull in the rains is enabling NDRF jawans to clear the mud faster. There is little hope of finding more survivors. Rescue operations are to continue for two more days. At least 145 people are now confirmed dead in the tragedy amid fears that the toll may,"Malin, Pune, Maharashtra",exact,mudslide,monsoon,large,deforested_slope,151,0, ,http://blogs.agu.org/landslideblog/files/2014/07/14_07-Malin-2-e1406792435386.jpg, ,GLC,6186,19.16260832,73.68550038,India,IN,Maharashtra,Ghod,20.29,1420588800000.0,1606348800000,73.685500378,19.162608323,2014-07-30 00:00:00+00:00,False,prox:38:147:5427
11372,www.morungexpress.com,http://www.morungexpress.com/local/103875.html,5337,1376611200000.0, ,"Yakshu, Nagaland","The Deputy Commissioner Mon, Angau I Thou, IAS accompanied by ADC Tobu, SDO Civil Mon, DPRO and DBs visited the major landslide area near Yakshu field, which occurred on August 16 last and cut off the Tobu area from the district Hq. The mudslide had dama","Yakshu, Nagaland",5km,landslide,rain,medium,unknown,0,0, , , ,GLC,5337,26.4205,94.9731,India,IN,Nagaland,Chinglong,22.64,1396310400000.0,1606348800000,94.9731,26.4205000000001,2013-08-16 00:00:00+00:00,False,prox:52:189:5311
11391,ibnlive.in,http://ibnlive.in.com/generalnewsfeed/news/several-roads-blocked-due-to-landslides-in-uttarakhand/742517.html,3674,1309305600000.0, ,Several roads in Uttarakhand,"Jun 29 (PTI) Several roads in Uttarakhand, including national highways leading to the shrines of Badrinath, Kedarnath and Gangotri, were blocked by landslides triggered by heavy rains stranding hundreds of pilgrims, official sources today said. Rishikesh",Several roads in Uttarakhand,5km,landslide,downpour,large,unknown,10,0, , , ,GLC,3674,30.0667,79.0193,India,IN,Uttaranchal,Bandarkutgo,23.82,1396310400000.0,1606348800000,79.0193,30.0667,2011-06-29 00:00:00+00:00,False,prox:60:158:5051
11401,kanglaonline,http://www.kanglaonline.com/index.php?template=headline&newsid=42473&typeid=2,594,1213833600000.0, ,"Namkaoluang village, Tamenglong-Sangrung (Khongsang) road, NH-53, Manipur",mudslide 30-40 feet long,"Namkaoluang village, Tamenglong-Sangrung (Khongsang) road, NH-53, Manipur",25km,mudslide,monsoon,medium,unknown,0,0, , , ,GLC,594,24.9336,93.8275,India,IN,Manipur,Manipur,14.56,1396310400000.0,1606348800000,93.8275,24.9336000000001,2008-06-19 00:00:00+00:00,False,prox:49:187:4683
11402,Rising Kashmir,http://www.risingkashmir.com/landslide-earth-sinking-in-bla/,6891,1426377600000.0, ,Shirpora,"As a result of continuous rains and snowfall during the past few days several areas in Baramulla district including Larridora, Bandibala, Dodhbugh, Nilsar, Hajibal, Shirpora and others have witnessed landslides and earth sinking.",Shirpora,1km,landslide,continuous_rain,small,unknown,0,0, , , ,GLC,6891,34.1327,74.5594,India,IN,Jammu and Kashmir,Palhalan,5.37,1428019200000.0,1606348800000,74.5594,34.1327,2015-03-15 00:00:00+00:00,False,prox:68:149:5503
11420,Telegraph,http://www.telegraphindia.com/1150218/jsp/siliguri/story_3972.jsp#.VOUXUPnF98E,6782,1317168000000.0, ,NH55 at Tindharia,"Before the Paglajhora stretch could be mended, two landslides - in September 2011 and July 2012 - washed away another section of NH55 at Tindharia, which is 10km from Paglajhora.",NH55 at Tindharia,exact,landslide,rain,medium,below_road,0,0, ,http://dhrs.org/wpimages/wpd7e7f178_05_06.jpg, ,GLC,6782,26.8545,88.3372,India,IN,West Bengal,Kurseong,6.64,1424217600000.0,1606348800000,88.3372000000001,26.8545,2011-09-28 00:00:00+00:00,False,prox:53:176:5081
11423,thaindian,http://www.thaindian.com/newsportal/enviornment/landslides-in-kozhikode-after-heavy-rain_100255752.html,1212,1254528000000.0, ,"Balussery, Kozhikode, Kerala","Heavy rain lashing Kerala’s Kozhikode district for the past two days led to landslides at half a dozen places here Saturday. Revenue officials said that though there has been no loss of life, damage to crops and houses have been reported at places like","Balussery, Kozhikode, Kerala",10km,landslide,downpour,medium,unknown,0,0, , , ,GLC,1212,11.4477,75.8289,India,IN,Kerala,Quilandi,15.11,1396310400000.0,1606348800000,75.8289,11.4477000000001,2009-10-03 00:00:00+00:00,False,prox:22:151:4840
11437,ibnlive.in,http://ibnlive.in.com/generalnewsfeed/news/landslides-suspend-chardham-yatra/786379.html,3913,1313107200000.0, ,"The Chardham yatra, shrines of Badrinath, Kedarnath, Gangotri, and Yamunotri","Dehradun, Aug 12 (PTI) The Chardham yatra comprising pilgrimage to four Himalayan shrines of Badrinath, Kedarnath, Gangotri and Yamunotri came to a halt today due to landslides following rains, a day after it had resumed.The Rishikesh-Gangotri national h","The Chardham yatra, shrines of Badrinath, Kedarnath, Gangotri, and Yamunotri",25km,landslide,rain,medium,unknown,0,0, , , ,GLC,3913,29.9121,78.1723,India,IN,Uttaranchal,Jwalapur,6.37,1396310400000.0,1606348800000,78.1723000000001,29.9121000000001,2011-08-12 00:00:00+00:00,False,prox:59:156:5066
11438,zeenews,http://www.zeenews.com/news689983.html,3141,1298419200000.0, ,"Rishikesh-Badrinath national highway to Rudraprayag, Chamoli, and Badrinath, Uttarakhand","February 26, 2011, 18:57  Dehradun: Sporadic landslides on Saturday disrupted the pilgrimage to Badrinath shrine and caused inconvenience to commuters and tourists going to Chamoli and Rudraprayag, official sources said.  The Rishikesh-Badrinath national","Rishikesh-Badrinath national highway to Rudraprayag, Chamoli, and Badrinath, Uttarakhand",50km,landslide,downpour,medium,unknown,0,0, , , ,GLC,3141,30.4749,79.2293,India,IN,Uttaranchal,Gaundar,15.81,1396310400000.0,1606348800000,79.2293000000001,30.4749,2011-02-23 00:00:00+00:00,False,prox:60:158:5009
11449,daijiworld,http://www.daijiworld.com/news/news_disp.asp?n_id=49833&n_tit=Beltangady: Major Landslide near Neriya - More than 1000 People Evicted,710,1218499200000.0,23:00,"Ayanur near Neriya, Karnataka","Occurred at 11pm, heavy rain past 4 days. Affected more than 15 acres, +1,000 people evicted","Ayanur near Neriya, Karnataka",10km,landslide,downpour,large,unknown,0,0, , , ,GLC,710,13.986,75.452,India,IN,Karnataka,Ayanur,3.1,1410480000000.0,1606348800000,75.4520000000001,13.9860000000001,2008-08-12 00:00:00+00:00,False,prox:27:150:4701
11454,assamtribune,http://www.assamtribune.com/scripts/detailsnew.asp?id=apr2110/at06,1771,1271721600000.0, ,"Raj Bhavan Guwahati, Assam","GUWAHATI, April 20 – Civic woes of Guwahatians is continuing to unfold its murkier side with incessant downpour today forcing district administration to engage National Disaster Response Force (NDRF) to facilitate movement of residents of low-lying are","Raj Bhavan Guwahati, Assam",exact,landslide,downpour,medium,unknown,0,0, , , ,GLC,1771,26.1978,91.7665,India,IN,Assam,Gauhati,2.11,1396310400000.0,1606348800000,91.7665000000001,26.1978,2010-04-20 00:00:00+00:00,False,prox:52:183:4906
11458,post.jagran.com,http://post.jagran.com/fresh-landslides-hit-1374126579,5130,1374105600000.0, ,"Netali Maneri Marg, Uttarkashi District, Uttarakhand","More than 60 families were shifted to safer places in Chamoli district of Uttarakhand after heavy rains lashed several areas, resulting in landslides. Meanwhile, former Uttarakhand CM Ramesh Pokhriyal Nishank had a narrow escape when a landslide hit the","Netali Maneri Marg, Uttarkashi District, Uttarakhand",5km,debris_flow,downpour,small,unknown,0,0, , , ,GLC,5130,30.7314,78.4347,India,IN,Uttaranchal,Uttarkashi,0.54,1396310400000.0,1606348800000,78.4347000000001,30.7314,2013-07-18 00:00:00+00:00,False,prox:61:156:5301
11478,dailypioneer.com,http://dailypioneer.com/nation/87976-rain-fury-returns-to-kerala.html,4482,1345161600000.0,15:00,"Ernakulam, Kerala (Monsoon)",Monsoon fury returned to Kerala on Friday after sowing devastation in the State’s northern region 10 days ago. Four persons died and two were reported missing in a landslide near Kothamangalam in Ernakulam district on Friday as rain-related tragedies k,"Ernakulam, Kerala (Monsoon)",5km,landslide,downpour,large,unknown,4,0, , , ,GLC,4482,10.0604,76.635,India,IN,Kerala,Muvattupula,11.13,1396310400000.0,1606348800000,76.635,10.0604000000001,2012-08-17 00:00:00+00:00,False,prox:20:153:5189
11481,post.jagran.com,http://post.jagran.com/2-killed-in-landslide-as-heavy-rains-lash-uttarakhand-1376460094,5320,1376352000000.0,08:00,"Kot Village Of Tehri District, Uttarakhand","An elderly woman and her granddaughter died on the spot when debris of landslide fell on their house in Kot village of Tehri district, SDM Jagdish Lal said.","Kot Village Of Tehri District, Uttarakhand",5km,landslide,downpour,medium,unknown,2,0, , , ,GLC,5320,30.6014,78.3449,India,IN,Uttaranchal,Chham,8.62,1396310400000.0,1606348800000,78.3449000000001,30.6014000000001,2013-08-13 00:00:00+00:00,False,prox:61:156:5310
11486,news.oneindia,http://news.oneindia.in/2010/03/29/rainsstorm-cause-havoc-inmanipur.html,1596,1269648000000.0,20:00,"LangthAbal Khoupum, Imphal, Manipur","Pre-monsoon rains and a heavy storm  have created havoc in Manipur state.  Sudden sporadic downpours accompanied by heavy storm, which struck late on Saturday (March 27), left a trail of mass destruction in both the valley and hilly areas, as several roo","LangthAbal Khoupum, Imphal, Manipur",5km,mudslide,downpour,medium,unknown,0,0, , , ,GLC,1596,24.7339,93.9161,India,IN,Manipur,Imphal,3.57,1396310400000.0,1606348800000,93.9161000000001,24.7339000000001,2010-03-27 00:00:00+00:00,False,prox:49:187:4898
11487,dna,http://www.dnaindia.com/india/report-ratnagiri-landslide-at-least-12-people-feared-buried-under-debris-2097800,6949,1434931200000.0,03:00,Dabhol village of Maharashtra's Ratnagiri district,At least 12 people are feared to be buried under the debris after three houses collapsed,Dabhol village of Maharashtra's Ratnagiri district,5km,landslide,downpour,medium,unknown,12,0, , , ,GLC,6949,17.5861,73.1742,India,IN,Maharashtra,Mahar Wari,18.53,1435190400000.0,1606348800000,73.1742,17.5861,2015-06-22 00:00:00+00:00,False,prox:35:146:5536
11489,www.deccanchronicle.com,http://www.deccanchronicle.com/130806/news-current-affairs/article/special-landslides-rain-havoc-kerala,5263,1375574400000.0,23:00,"Kunjuthanni, Idukki, Kerala","Late on Sunday night, a couple, Varikkayil Pappachan (78) of Kunjuthanni and his wife Thankamma (73) died when their house was flattened by a landslip.","Kunjuthanni, Idukki, Kerala",5km,landslide,monsoon,medium,unknown,2,0, , , ,GLC,5263,9.9995,77.0309,India,IN,Kerala,Devikolam,10.89,1396310400000.0,1606348800000,77.0309,9.99950000000007,2013-08-04 00:00:00+00:00,False,prox:19:154:5307
11495,Hindustan Times,http://www.hindustantimes.com/india-news/two-killed-due-to-landslide-in-assam/story-iWPiQmWinCDc8gZotcTmFM.html,8684,1467849600000.0, ,"Kamrup district, Assam, India",Two persons including a minor were killed and two others injured on Thursday due to a landslide in Assam’s Kamrup district.           Police said the incident took place at 11 Mile Area under Sonapur police station in the district. “A guard wall cave,"Kamrup district, Assam, India",50km,landslide,continuous_rain,medium,retaining_wall,2,2, , , ,GLC,8684,25.9611,91.3681,India,IN,Assam,Palashari,24.25,1467849600000.0,1606348800000,91.3681000000001,25.9611,2016-07-07 00:00:00+00:00,False,prox:51:182:5663
11497,morungexpress,http://www.morungexpress.com/local/56264.html,2587,1286668800000.0,06:00,"Lower Chandmari area, PWD department, Kohima, Manipur","Today, a government quarter belonging to PWD department and three private houses in Lower Chandmari area, Kohima started to sink around 6 am. Informing the media, a concerned citizen, Temjentiba, stated “I want to make the concerned authority aware of","Lower Chandmari area, PWD department, Kohima, Manipur",1km,landslide,downpour,medium,unknown,0,0, , , ,GLC,2587,25.6623,94.1072,India,IN,Nagaland,Naga Hills,20.2,1396310400000.0,1606348800000,94.1072,25.6623000000001,2010-10-10 00:00:00+00:00,False,prox:51:188:4964
11502,morungexpress,http://www.morungexpress.com/local/51540.html,2044,1278374400000.0, ,"Kiphire,  Nagaland","Dimapur| July 12  : Yet another monsoon season in Nagaland and one has to batter bad roads.    This year’s monsoon has been the worse by far.  Most interior villagers of Mon, Tuensang and Kiphire are cut out from the rest of the state. With good roads","Kiphire,  Nagaland",5km,mudslide,monsoon,medium,unknown,0,0, , , ,GLC,2044,25.8877,94.7861,India,IN,Nagaland,Lukami,15.66,1396310400000.0,1606348800000,94.7861,25.8877,2010-07-06 00:00:00+00:00,False,prox:51:189:4932
11511,Times of India,http://timesofindia.indiatimes.com/city/dehradun/Rains-trigger-landslides-on-Yamnotri-and-Gangotri-highways-traffic-disrupted/articleshow/48505014.cms,7310,1439596800000.0, ,Yamnotri highway,Roads were blocked at Silai bend and Paal village on Yamnotri highway,Yamnotri highway,25km,landslide,continuous_rain,medium,above_road,0,0, , , ,GLC,7310,30.9085,78.3299,India,IN,Uttaranchal,Uttarkashi,22.13,1439769600000.0,1606348800000,78.3299000000001,30.9085000000001,2015-08-15 00:00:00+00:00,False,prox:61:156:5554
11518,The Shillong Times,http://www.theshillongtimes.com/2015/06/17/entire-family-among-5-dead-in-tura-landslides/,6969,1434412800000.0,06:00,"Nakham Bazaar, Tura, Meghalaya",Huge tons of mud and boulders came crashing down from the above cliffs completely destroying the home.,"Nakham Bazaar, Tura, Meghalaya",1km,landslide,downpour,medium,urban,4,0, , , ,GLC,6969,25.5114,90.215,India,IN,Meghalaya,Tura,1.82,1435190400000.0,1606348800000,90.215,25.5114,2015-06-16 00:00:00+00:00,False,prox:51:180:5534
11531,International Business Times,http://www.ibtimes.co.in/west-bengal-landslide-kills-20-darjeeling-district-637669,7035,1435622400000.0, ,Mahindra,At least 25 people were reported dead in various parts of West Bengal's Darjeeling district on Wednesday in landslides triggered by heavy rainfall the previous night.,Mahindra,1km,landslide,downpour,medium,unknown,3,0, , , ,GLC,7035,25.4243,88.2746,India,IN,West Bengal,Kaliaganj,23.21,1435708800000.0,1606348800000,88.2746000000001,25.4243000000001,2015-06-30 00:00:00+00:00,False,prox:50:176:5538
11532,beacononline.wordpress,http://beacononline.wordpress.com/2009/08/21/sikkim-landslides-disturb-power-lines-link-roads/,1111,1250726400000.0, ,"Melli Chalisey, Sikkim","Minor landslides have also occurred at Melli Chalisey where one kachha house belonging to Khem Bahadur Ghataney has been affected. According to the residents, the house belonging to Khem Bahadur, which has been tilting is likely to affect other nearby ho","Melli Chalisey, Sikkim",5km,landslide,downpour,medium,unknown,0,0, , , ,GLC,1111,27.1344,88.4575,India,IN,Sikkim,Kalimpong,7.0,1396310400000.0,1606348800000,88.4575,27.1344,2009-08-20 00:00:00+00:00,False,prox:54:176:4825
11535,china,http://www.china.org.cn/environment/2011-07/22/content_23044018.htm,3900,1312761600000.0, ,"Govindghat, on the Rishikesh-Badrinath highway","The pilgrimage to the Himalayan shrines of Badrinath, Gangotri and Yamunotri was suspended after the roads leading to them were hit by fresh landslides following heavy rains on Monday, leaving hundreds of pilgrims stranded.  Landslides struck the Rishike","Govindghat, on the Rishikesh-Badrinath highway",5km,landslide,downpour,medium,unknown,0,0, , , ,GLC,3900,30.6521,79.5566,India,IN,Uttaranchal,Joshimath,9.99,1396310400000.0,1606348800000,79.5566000000001,30.6521000000001,2011-08-08 00:00:00+00:00,False,prox:61:159:5064
11538,The Goan,http://englishnews.thegoan.net/story.php?id=20440,8935,1468281600000.0, ,"Gaunsawaddo, Mapusa, Goa, India","Estimated Location. Two families had a lucky escape after two trees came crashing down on their houses at Gaunsawaddo-Mapusa on Tuesday. A two-wheeler was also buried under the debris following a landslide at Gawasawaddo. According to reports, the landsl","Gaunsawaddo, Mapusa, Goa, India",5km,landslide,monsoon,small,unknown,0,0, , , ,GLC,8935,15.6019,73.8093,India,IN,Goa,Mapuca,1.1,1468368000000.0,1606348800000,73.8093000000001,15.6019000000001,2016-07-12 00:00:00+00:00,False,prox:31:147:5664
11542,Indian Express,http://indianexpress.com/article/india/india-others/mizoram-aizawl-houses-swept-away-graves-damaged-by-rain-and-landslide/,7838,1440633600000.0, ,the state highway which links the rest of the state to eastern Champhai district,"Landslides have also blocked the state highway which links the rest of the state to eastern Champhai district, which hosts the main route to Myanmar, in several places.",the state highway which links the rest of the state to eastern Champhai district,50km,landslide,downpour,medium,above_road,0,0, , , ,GLC, ,23.6866,93.017,India,IN,Mizoram,Tuivaw,6.14,1466726400000.0,1606348800000,93.0170000000001,23.6866,2015-08-27 00:00:00+00:00,False,prox:47:186:5558
11555,hindustantimes,http://www.hindustantimes.com/2-minor-landslides-at-Kurla-Sewri/Article1-563290.aspx,2016,1277424000000.0, ,"Jeevandaya lane(?), Vijay Nagar, Ghatopar(Ghatkopar)",There were a couple of minor incidents of slab-collapses — one in Goregaon and another in Ghatkopar. No one was injured in both incidents.,"Jeevandaya lane(?), Vijay Nagar, Ghatopar(Ghatkopar)",5km,landslide,downpour,medium,unknown,0,0, , , ,GLC,2016,19.1095,72.8929,India,IN,Maharashtra,Bombay,3.54,1396310400000.0,1606348800000,72.8929000000001,19.1095,2010-06-25 00:00:00+00:00,False,prox:38:145:4928
11568,74.125,http://74.125.45.104/search?q=cache:AMsNH_P-bwUJ:www.kashmirobserver.com/index.php?option=com_content&view=article&id=1590:landslide-buries-two-persons-32-cattle-&catid=50:localnews&Itemid=81+Two+persons+were+killed+after+they+were+hit,858,1224633600000.0, ,Mughal Road at Lal Ghulam Pahari (25 km from Shopian),"Landslide occurred at 3:50am when 2 people were walking through mountain area on Mughal Road with 32 cattle. All died on the spot, landslide swept them 500 m down road.",Mughal Road at Lal Ghulam Pahari (25 km from Shopian),50km,landslide,downpour,medium,unknown,2,0, , , ,GLC,858,33.6549,74.6326,India,IN,Jammu and Kashmir,Sokh Sarul,1.71,1396310400000.0,1606348800000,74.6326000000001,33.6549000000001,2008-10-22 00:00:00+00:00,False,prox:67:149:4724
11575,Mizoram Express,http://mizoramexpress.com/index.php/2010/09/mizoram-landslides-kill-one-woman/,2422,1284336000000.0, ,"Hunthar Veng, Mizoram","In Hunthar Veng, the kitchen side of H. Lalchhanhima’s house was damaged by a landslide while the road to Kanan Veng was blocked by a landslide.","Hunthar Veng, Mizoram",1km,landslide,downpour,medium,urban,0,0, , , ,GLC,2422,23.74182634,92.7141905,India,IN,Mizoram,Aizwal,9.59,1396310400000.0,1606348800000,92.7141905000001,23.7418263380001,2010-09-13 00:00:00+00:00,False,prox:47:185:4955
11584,e-pao.net,http://e-pao.net/GP.asp?src=Snipp8..080911.sep11,3965,1315267200000.0,08:00,NH 37 at Awang Khul ,A massive landslide along the NH 37 at Awang Khul has cut off Imphal and Jiribam,NH 37 at Awang Khul ,1km,landslide,rain,medium,unknown,3,0, , , ,GLC,3965,24.808,93.117,India,IN,Assam,Lakhipur,10.84,1396310400000.0,1606348800000,93.1170000000001,24.8080000000001,2011-09-06 00:00:00+00:00,False,prox:49:186:5074
11590,Hindustan Times,http://www.hindustantimes.com/india-news/at-least-30-killed-houses-swept-away-in-darjeeling-landslides/article1-1364708.aspx,7040,1435708800000.0, ,Sukhiapokhari,At least 30 people were killed in landslides triggered by heavy rainfall in West Bengal's Darjeeling district early on Wednesday even as more reports of major damages were pouring in.,Sukhiapokhari,1km,landslide,downpour,medium,unknown,1,0, , , ,GLC,7040,26.9978,88.167,India,IN,West Bengal,Darjeeling,10.31,1444867200000.0,1606348800000,88.167,26.9978,2015-07-01 00:00:00+00:00,False,prox:53:176:5539
11591,New Indian Express,http://www.newindianexpress.com/states/andhra_pradesh/Rockslide-on-Vijayawadas-Gunadala-hill-kills-sleeping-woman/2016/06/03/article3463501.ece,7736,1464825600000.0,02:00,Gunadala hill of Vijayawada,"Huge boulders rolled down the iconic Gunadala hill of Vijayawada in the dead of night and crashed into a house as the family slept. A woman died and her daughter was injured in the incident, which took place just after the city in Andhra Pradesh was lash",Gunadala hill of Vijayawada,5km,rock_fall,downpour,small,natural_slope,1,1, ,http://media.newindianexpress.com/2boulder2.jpg/2016/06/03/article3463490.ece/alternates/w620/2boulder2.jpg, ,GLC,7736,16.5145,80.6526,India,IN,Andhra Pradesh,Vijayawada,2.34,1465430400000.0,1606348800000,80.6526000000001,16.5145,2016-06-02 00:00:00+00:00,False,prox:33:161:5651
11592,himachal.us,http://himachal.us/2010/09/23/efforts-to-evacuate-tourists-trapped-in-sangla-valley-fail/22265/people/ravinder,2479,1284940800000.0, ,"Pangi, NH-22, Himachal Pradesh","Late monsoon rains have left a destruction trail behind in the high altitude tribal district of Kinnaur, in Kullu, Sirmaur and Shimla district with one person losing his life in the city here.  The lifeline highway in Kinnaur, National Highway – 22, wa","Pangi, NH-22, Himachal Pradesh",5km,landslide,downpour,medium,unknown,0,0, , , ,GLC,2479,31.5699,78.2844,India,IN,Himachal Pradesh,Oling,13.73,1396310400000.0,1606348800000,78.2844000000001,31.5699000000001,2010-09-20 00:00:00+00:00,False,prox:63:156:4957
11612,Outlook India,http://www.outlookindia.com/newsscroll/heavy-rain-kerala-land-slips-in-idukki-and-waynad-/1085772,10002,1498521600000.0, ,Landslide near Kattappana,"Heavy rain, up to 20 cm, throughout Kerala state on 6/27. Landslide damages crops and property. Water level at Idduki dam rises .8 m, shutters of Malankara Reservoir opened. Schools and colleges closed due to heavy rain in hills and coast forecast to con","Kattappana, Idukki District, Kerala State, India",10km,landslide,continuous_rain,medium,natural_slope,0,0, , , ,GLC, ,9.75118564,77.08971658,India,IN,Kerala,Carda Mom Hills,17.07,1498694400000.0,1606348800000,77.0897165790001,9.75118563900002,2017-06-27 00:00:00+00:00,False,prox:19:154:5781
11624,Hindustan Times,http://www.hindustantimes.com/india-news/sinking-sliding-land-in-budgam-triggers-migration/article1-1332899.aspx,6932,1427068800000.0, ,Uri,A chunk of road was swept by mountain debris on Srinagar-Muzaffarabad in north Kashmir's Uri area.,Uri,10km,landslide,continuous_rain,medium,above_road,0,0, , , ,GLC,6932,34.0796,74.0357,India,IN,Jammu and Kashmir,Uri,1.34,1432684800000.0,1606348800000,74.0357000000001,34.0796,2015-03-23 00:00:00+00:00,False,prox:68:148:5505
11627,news.in,http://news.in.msn.com/national/article.aspx?cp-documentid=5242640,3668,1309305600000.0, ,"Almora-Pithoragarh road, between Makrau and Thiari","Dehra Dun, Jun 29 (PTI) Landslides triggered by heavy rains hit Rishikesh-Gangotri national highway between Dharasu and Nalupani for the third day today blocking vehicular traffic, official sources said. Long queues of vehicles were seen on both sides of","Almora-Pithoragarh road, between Makrau and Thiari",unknown,landslide,downpour,medium,unknown,0,0, , , ,GLC,3668,29.607,79.9298,India,IN,Uttaranchal,Jigal,6.6,1396310400000.0,1606348800000,79.9298000000001,29.607,2011-06-29 00:00:00+00:00,False,prox:59:159:5051
11630,news4u.co,http://news4u.co.in/?tag=darjeeling,1089,1250380800000.0,01:00,"Gourishankar tea estate premises, Darjeeling, West Bengal",At least five persons including three members of a family were killed and the National Highway number 55 which connects Darjeeling hills with the plains was cut off following a series of landslides on Sunday.   Three members of a family were killed when,"Gourishankar tea estate premises, Darjeeling, West Bengal",10km,landslide,downpour,medium,unknown,4,0, , , ,GLC,1089,26.7914,88.363,India,IN,West Bengal,Siliguri,10.03,1396310400000.0,1606348800000,88.3630000000001,26.7914000000001,2009-08-16 00:00:00+00:00,False,prox:53:176:4824
11635,Assam Times,http://www.assamtimes.org/node/14309,7253,1437523200000.0, ,Lakhipur,Five persons of a family were buried alive when a huge hillock collapsed on their house in Cachar district on Wednesday. The incident took place in the wee hours at Lakhipur are when a huge hillock slipped into the house where Zubeda Khatun along with he,Lakhipur,5km,landslide,continuous_rain,medium,urban,5,0, , , ,GLC,7253,24.7979,92.9974,India,IN,Assam,Lakhipur,2.51,1437523200000.0,1606348800000,92.9974000000001,24.7979,2015-07-22 00:00:00+00:00,False,prox:49:185:5546
11645,articles.timesofindia.indiatimes.com,http://articles.timesofindia.indiatimes.com/2013-07-15/guwahati/40589516_1_southern-angami-youth-organization-jessami-tadubi,5107,1373846400000.0, ,"National Highway 29 Near Phesama Village, Nagaland","Heavy landslide caused by incessant rain for the last couple of weeks has blocked National Highway 29 along Phesama village, about 12 km from here. This has affected Manipur as it is one of the main highways connecting the state with the rest of the coun","National Highway 29 Near Phesama Village, Nagaland",10km,landslide,rain,medium,unknown,0,0, , , ,GLC,5107,25.6269,94.1139,India,IN,Nagaland,Sochumei,20.62,1396310400000.0,1606348800000,94.1139000000001,25.6269,2013-07-15 00:00:00+00:00,False,prox:51:188:5300
11655,2.timesdispatch,http://www2.timesdispatch.com/list/viewfinder-june-8-june-15/gallery/,3579,1307491200000.0, ,"Batote-Doda Highway, Ramgarh(?), Baggar(Bagger)(?) area, Doda district, Jammu and Kashmir","A car lies covered with rubble from a landslide after a cloudburst in Doda district, about 140 kilometers (88 miles) from Jammu, India, Thursday, June 9, 2011. At least four people were feared dead and hundreds of vehicles stranded after a cloudburst on","Batote-Doda Highway, Ramgarh(?), Baggar(Bagger)(?) area, Doda district, Jammu and Kashmir",25km,landslide,downpour,medium,unknown,4,0, , , ,GLC,3579,33.1289,75.4325,India,IN,Jammu and Kashmir,Doda,10.9,1396310400000.0,1606348800000,75.4325000000001,33.1289,2011-06-08 00:00:00+00:00,False,prox:66:150:5044
11658,Hindustan Times,http://www.hindustantimes.com/india-news/sinking-sliding-land-in-budgam-triggers-migration/article1-1332899.aspx,6934,1427673600000.0, ,Karewas sink,Hundreds of families in these tehsils have shifted to safer locations following sinking and caving-in of karewas (terraced high lands with deep gorges and ravines).,Beerwah,5km,landslide,continuous_rain,medium,unknown,0,0, , , ,GLC,6934,34.0096,74.5915,India,IN,Jammu and Kashmir,Srinagar,17.12,1432684800000.0,1606348800000,74.5915000000001,34.0096,2015-03-30 00:00:00+00:00,False,prox:68:149:5508
11674,E-Pao,http://www.e-pao.net/GP.asp?src=Snipp1..260716.jul16,9186,1469404800000.0,12:00,"Imphal-Dimapur road  in Tadubi, Senapati district, Manipur, India","Continuous downpour in the past three days led to a massive mudslide along Imphal-Dimapur road (NH-2) and destroyed 6 stalls constructed at the heart of Tadubi town at around 12.30pm today, reports NNN.  An 81 year old woman identified as S Koshuni, who","Imphal-Dimapur road  in Tadubi, Senapati district, Manipur, India",1km,landslide,continuous_rain,medium,above_road,0,1, , , ,GLC,9186,25.48,94.1383,India,IN,Manipur,Sochumei,9.93,1469491200000.0,1606348800000,94.1383000000001,25.4800000000001,2016-07-25 00:00:00+00:00,False,prox:50:188:5669
11679,m.timesofindia.com,http://m.timesofindia.com/india/15000-tourists-struck-for-16-hours-in-Uttarakhand-after-landslides/articleshow/20582096.cms,4914,1370995200000.0,22:00,"Rishikesh-Gangotri National Highway Near Mari Sainji Village, Uttarkashi, Uttarakhand","More than 15,000 tourists and pilgrims in 900-odd buses were stranded for over 16 hours following a landslide caused by heavy rainfall in Uttarkashi district of Uttarakhand along the 290km Rishikesh-Gangotri National Highway, before being rescued by Bord","Rishikesh-Gangotri National Highway Near Mari Sainji Village, Uttarkashi, Uttarakhand",5km,landslide,downpour,medium,unknown,0,0, , , ,GLC,4914,30.7394,78.5306,India,IN,Uttaranchal,Uttarkashi,8.71,1396310400000.0,1606348800000,78.5306,30.7394,2013-06-12 00:00:00+00:00,False,prox:61:157:5289
11686,ibnlive.in,http://ibnlive.in.com/news/rain-wreaks-havoc-in-kottayam/173995-60-116.html,3896,1312675200000.0, ,Kottayam,"KOTTAYAM: Heavy rain continued to wreak havoc in the district on Sunday. One person died and four houses were completely damaged in the downpour and landslides.  Over 40 houses were partially damaged. The deceased is Tijo Jose, 24, a guest lecturer",Kottayam,5km,landslide,downpour,medium,unknown,1,0, , , ,GLC,3896,9.5988,76.5289,India,IN,Kerala,Kottayam,1.61,1396310400000.0,1606348800000,76.5289000000001,9.59880000000003,2011-08-07 00:00:00+00:00,False,prox:19:153:5064
11691,The hindu.com,http://www.hindu.com/thehindu/holnus/004200710311922.htm,336,1193702400000.0, ,"bridge between Coonoor and Barliar, Tamil Nadu","unsure of date or location, blocked roads and created ""crater"" - ?","bridge between Coonoor and Barliar, Tamil Nadu",unknown,landslide,rain,medium,unknown,2,0, , , ,GLC,336,11.2777,77.1236,India,IN,Tamil Nadu,Annur,5.0,1396310400000.0,1606348800000,77.1236000000001,11.2777,2007-10-30 00:00:00+00:00,False,prox:22:154:4605
11711,New Indian Express,http://www.newindianexpress.com/states/odisha/LandSlide-Paralyses-Train-Service/2015/09/17/article3032554.ece,8227,1442275200000.0,18:00,railway tracks between Dumriput and Damanjodi,Train traffic along the Koraput-Rayagada section of East Coast Railway (ECoR) remained blocked since Tuesday evening after heavy rain triggered landslides and a massive boulder landed on the railway tracks between Dumriput and Damanjodi stations. As a re,railway tracks between Dumriput and Damanjodi,5km,rock_fall,downpour,medium,above_road,0,0, , , ,GLC,8227,18.7734,82.8555,India,IN,Orissa,Semiliguda,8.01,1467676800000.0,1606348800000,82.8555,18.7734,2015-09-15 00:00:00+00:00,False,prox:37:165:5564
11734,Indian Express,http://indianexpress.com/article/india/india-news-india/at-least-10-killed-in-landslides-in-assam-rescue-operations-underway-2806810/,9338,1463529600000.0,08:00,"Sonachirra, Karimganj district, Assam, India",Estimated location. Ten people were killed in landslides in Karimganj and Hailakandi districts in Barak Valley in Assam on Wednesday following incessant rains. Five members of a family were killed in a landslide at Sonachirra in Karimganj district in the,"Sonachirra, Karimganj district, Assam, India",10km,landslide,continuous_rain,medium,natural_slope,5,0, , , ,GLC,9338,24.4638,92.4943,India,IN,Assam,Kukichara,8.04,1470182400000.0,1606348800000,92.4943000000001,24.4638,2016-05-18 00:00:00+00:00,False,prox:48:184:5646
11739,indiablooms,http://www.indiablooms.com/EnvironmentDetailsPage/environmentDetails190810a.php,2282,1282176000000.0,06:00,"Tuensang-Kohima rd, 3 km outside Tuensang, Nagaland","Even in Tuensang town, a couple of roads have to be cleared daily due to mudslides. On Thursday morning, the Kohima-bound NST bus left Tuensang station around 9.30 am, three hours behind schedule due to mudslides near GREF camp, some 3km from the station","Tuensang-Kohima rd, 3 km outside Tuensang, Nagaland",1km,landslide,downpour,medium,unknown,0,0, , , ,GLC,2282,26.1984,94.8158,India,IN,Nagaland,Shipungrr,16.85,1396310400000.0,1606348800000,94.8158000000001,26.1984,2010-08-19 00:00:00+00:00,False,prox:52:189:4946
11746,National Highway 21 at Gamraula near Bilaspur,http://timesofindia.indiatimes.com/city/shimla/Heavy-rains-trigger-landslides-in-Himachal/articleshow/48435684.cms,7649,1439251200000.0, ,Gamraula near Bilaspur,The National Highway 21 was blocked for about two hours due to massive landslide at Gamraula near Bilaspur.,Gamraula near Bilaspur,5km,landslide,downpour,medium,above_road,0,0, , , ,GLC,7649,31.3237,76.7622,India,IN,Himachal Pradesh,Bilaspur,0.52,1461196800000.0,1606348800000,76.7622,31.3237,2015-08-11 00:00:00+00:00,False,prox:62:153:5552
11767,Business Standard,http://www.business-standard.com/article/news-ani/over-hundred-homes-displaced-due-to-landslide-in-meghalaya-116072100406_1.html,9124,1468886400000.0, ,"Rongthragittim Songittal village, near Sibbari, South Garo Hills District, Meghalaya, India",At least three houses were destroyed and over a hundred others displaced by a massive landslide near Sibbari in Meghalaya's South Garo Hills District. A large portion of a hill came sliding down on Tuesday at Rongthragittim Songittal village due to inces,"Rongthragittim Songittal village, near Sibbari, South Garo Hills District, Meghalaya, India",5km,translational_slide,continuous_rain,large,natural_slope,0,0, , , ,GLC,9124,25.203,90.5573,India,IN,Meghalaya,Durgapur,14.23,1469145600000.0,1606348800000,90.5573,25.203,2016-07-19 00:00:00+00:00,False,prox:50:181:5667
11781,ibnlive.in.com,http://ibnlive.in.com/news/almora-roads-cave-in-get-washed-away-after-fresh-landslide/400275-3-243.html,4966,1371600000000.0, ,"Almora, Uttarakhand",An incident of a fresh landslide has been reported from Almora in Uttarakhand which has led to the caving in of the roads. Reports say that several roads have been washed away as well.,"Almora, Uttarakhand",5km,landslide,rain,medium,unknown,0,0, , , ,GLC,4966,29.5935,79.6805,India,IN,Uttaranchal,Almora,2.86,1396310400000.0,1606348800000,79.6805000000001,29.5935000000001,2013-06-19 00:00:00+00:00,False,prox:59:159:5291
11783,NDTV,http://www.ndtv.com/others-news/3-people-feared-dead-after-landslide-on-mumbai-pune-expressway-782977,7221,1437264000000.0,15:00,"Adoshi Tunnel, Mumbai-Pune Expressway",The Pune-Mumbai expressway was kept out of bounds till late on Sunday night after a landslide killed three persons in the afternoon.,"Adoshi Tunnel, Mumbai-Pune Expressway",exact,landslide,continuous_rain,small,above_road,3,4, , , ,GLC,7221,18.7632,73.347,India,IN,Maharashtra,Lonoavale,6.17,1450051200000.0,1606348800000,73.347,18.7632,2015-07-19 00:00:00+00:00,False,prox:37:146:5545
11784,greaterkashmir,http://www.greaterkashmir.com/news/2012/Feb/23/one-way-traffic-on-highway-today-72.asp,4218,1329868800000.0, ,"Ramban district, Srinagar-Jammu Highway (Khooni Nallah, Higni and Panthal)","Srinagar/Jammu, Feb 22: Authorities on Wednesday closed the 300-km-long Srinagar-Jammu Highway for some time in the wake of landslides triggered by heavy rain in Ramban district. Traffic was later restored and only vehicles from Jammu to Srinagar will be","Ramban district, Srinagar-Jammu Highway (Khooni Nallah, Higni and Panthal)",25km,landslide,downpour,medium,unknown,0,0, , , ,GLC,4218,33.241,75.234,India,IN,Jammu and Kashmir,Chaunkri,20.09,1396310400000.0,1606348800000,75.234,33.241,2012-02-22 00:00:00+00:00,False,prox:66:150:5130
11789,www.business-standard.com,http://www.business-standard.com/article/news-ani/tourists-stranded-due-to-landslide-in-gangtok-113060900319_1.html,4908,1370649600000.0,17:00,"15 Km From Gangtok, Himalayans","Hundreds of tourists were stranded near Gangtok, following a landslide. ""We faced many problems there was nothing to protect us (from cold). The person, who slept in the vehicle in night, might fall sick. Military persons gave food to everybody to eat. L","15 Km From Gangtok, Himalayans",25km,landslide,downpour,medium,unknown,0,0, , , ,GLC,4908,27.3721,88.708,India,IN,Sikkim,Xarsingma,22.21,1396310400000.0,1606348800000,88.7080000000001,27.3721,2013-06-08 00:00:00+00:00,False,prox:54:177:5288
11794,articles.timesofindia.indiatimes.com,http://articles.timesofindia.indiatimes.com/2013-07-08/india/40442779_1_food-grains-villages-pithoragarh-district-headquarters,5022,1372896000000.0, ,"Pithoragarh Tehsil, Uttarakhand","A 52-member batch of Kailash Mansarovar pilgrims has been stuck in Gunji town, 120 km from Pithoragarh, since July 4 due to landslides triggered by incessant rainfall over the past five days. The pilgrims are on their way back to Pithoragarh. ""Gunji has","Pithoragarh Tehsil, Uttarakhand",25km,landslide,downpour,medium,unknown,0,0, , , ,GLC,5022,29.58,80.2214,India,IN,Uttaranchal,Pithoragarh,1.42,1396310400000.0,1606348800000,80.2214000000001,29.58,2013-07-04 00:00:00+00:00,False,prox:59:160:5296
11798,Greater Kashmir,http://aboutkashmir.com/news/2015/Apr/4/weather-improves-but-highway-remains-closed-53.asp,7177,1428019200000.0,15:00,Nambilnar,Reports said panic gripped Tangmarg Friday afternoon when a massive landslide occurred in Nambalinar village near Baba Reshi.,Nambilnar,1km,landslide,continuous_rain,medium,natural_slope,0,0, , , ,GLC,7177,34.0978,74.4016,India,IN,Jammu and Kashmir,Gulmarg,4.14,1436745600000.0,1606348800000,74.4016,34.0978000000001,2015-04-03 00:00:00+00:00,False,prox:68:148:5509
11804,thehindu,http://www.thehindu.com/news/states/other-states/article2335959.ece,3894,1312675200000.0, ,"Sainj, Rishikesh-Gangotri National Highway","The pilgrimage to the Himalayan shrines of Badrinath, Gangotri and Yamunotri was suspended after the roads leading to them were hit by fresh landslides following heavy rains on Monday, leaving hundreds of pilgrims stranded.  Landslides struck the Rishike","Sainj, Rishikesh-Gangotri National Highway",1km,landslide,downpour,medium,unknown,0,0, , , ,GLC,3894,31.0766,77.3916,India,IN,Himachal Pradesh,Gannja,25.55,1396310400000.0,1606348800000,77.3916,31.0766,2011-08-07 00:00:00+00:00,False,prox:62:154:5064
11821,daijiworld,http://www.daijiworld.com/news/news_disp.asp?n_id=105475,3609,1308009600000.0, ,Coastal Karnataka,"Mangalore, Jun 15: Heavy rains in Subrahmanya and surrounding places, damaged roads, earth caved in and formed a pond in Kundapur taluk, while landslides at many places were the main features of the climatic condition in coastal Karnataka on Tuesday June",Coastal Karnataka,unknown,landslide,downpour,medium,unknown,0,0, , , ,GLC,3609,14.0354,74.6624,India,IN,Karnataka,Bhatkali,13.9,1396310400000.0,1606348800000,74.6624,14.0354,2011-06-14 00:00:00+00:00,False,prox:28:149:5046
11827,ibnlive.in,http://ibnlive.in.com/news/landslides-in-parts-of-idukki/156453-60-116.html,3557,1306800000000.0, ,"Kulamavu region, Kerala","Jun 04, 2011   Heavy rain lashing the state has caused landslides at various parts of the district. … Another landslide was reported in the Kulamavu region on Thursday. No damage or casualty were reported as the landslide occurred in a remote area.","Kulamavu region, Kerala",10km,landslide,downpour,medium,unknown,0,0, , , ,GLC,3557,9.8012,76.9006,India,IN,Kerala,Ramaouram,25.98,1396310400000.0,1606348800000,76.9006000000001,9.80120000000004,2011-05-31 00:00:00+00:00,False,prox:19:153:5041
11828,Business Standard,http://www.business-standard.com/article/pti-stories/rescue-operations-for-woman-swept-away-by-landslide-continue-114071500831_1.html,6143,1405296000000.0,18:00,"Zembabawk, Aizawl","The State Disaster Response Force and volunteers from Falkland locality and other places continued their operation to search the body of a 30-year-old woman, swept away by a massive landslide last evening near Aizawl, despite inclement weather. Six perso","Zembabawk, Aizawl",5km,landslide,downpour,medium,unknown,1,2, , , ,GLC,6143,23.7327,92.7463,India,IN,Mizoram,Aizwal,6.3,1408838400000.0,1606348800000,92.7463000000001,23.7327,2014-07-14 00:00:00+00:00,False,prox:47:185:5421
11843,timesofindia.indiatimes,http://timesofindia.indiatimes.com/india/13-killed-as-rains-wrack-havoc-in-north-and-eastern-India-/articleshow/6532367.cms,2411,1284076800000.0, ,"districts Lakhimpur, Dhemaji, Golaghat, and Sonitpur, Assam province","Sep 10, 2010, 09.40pm IST  NEW DELHI: Thirteen people were killed as heavy monsoon rains wracked havoc in north and east India, triggering landslides and inundating lakhs of acres of farmland on Friday.  At least eight people were buried alive under the","districts Lakhimpur, Dhemaji, Golaghat, and Sonitpur, Assam province",unknown,landslide,downpour,medium,unknown,0,0, , , ,GLC,2411,27.0011,93.7273,India,IN,Arunachal Pradesh,Dergaon,41.08,1396310400000.0,1606348800000,93.7273000000001,27.0011000000001,2010-09-10 00:00:00+00:00,False,prox:54:187:4954
11848,www.nagalandpost.com,http://www.nagalandpost.com/channelnews/state/StateNews.aspx?news=TkVXUzEwMDA0NDE4MQ%3D%3D-6hneqQH1frg%3D,5338,1376611200000.0, ,"Longlem, Nagaland",Two villages- Oting and Longlem under 41 Tizit A/C remained  cut-off from the rest of the district due to heavy mudslide that occurred on August 16 last. The mudslide covered about 60-70 metre stretch of road near Longlem village. It has been reported th,"Longlem, Nagaland",25km,landslide,rain,medium,unknown,0,0, , , ,GLC,5338,26.8727,94.9275,India,IN,Nagaland,Mon,20.79,1396310400000.0,1606348800000,94.9275000000001,26.8727,2013-08-16 00:00:00+00:00,False,prox:53:189:5311
11882,dnaindia,http://www.dnaindia.com/india/report_three-killed-as-heavy-rains-continue-to-lash-uttarakhand_1412378,2104,1279584000000.0, ,"Tanakupur-Pitoragarh highway, Kumaon(Kumaun) region, Uttarakhand",also at Tanakpur-Pithoragarh Highway in Kumaon region.,"Tanakupur-Pitoragarh highway, Kumaon(Kumaun) region, Uttarakhand",50km,landslide,downpour,medium,unknown,0,0, , , ,GLC,2104,29.36,80.126,India,IN,Uttaranchal,Pithoragarh,26.55,1396310400000.0,1606348800000,80.126,29.3600000000001,2010-07-20 00:00:00+00:00,False,prox:58:160:4936
11884,gsi.gov,"http://www.portal.gsi.gov.in/portal/page?_pageid=127,875814&_dad=portal&_schema=PORTAL",2228,1281312000000.0, ,"Dharasu and Nalupani near Uttarkashi on Rishikesh – Gangotri highway, Uttarakhand",Landslides between Dharasu and Nalupani near Uttarkashi and at Menagarh near Sukki on the same day blocked the Rishikesh – Gangotri highway.,"Dharasu and Nalupani near Uttarkashi on Rishikesh – Gangotri highway, Uttarakhand",25km,landslide,downpour,medium,unknown,0,0, , , ,GLC,2228,30.6785,78.3475,India,IN,Uttaranchal,Uttarkashi,10.72,1396310400000.0,1606348800000,78.3475000000001,30.6785,2010-08-09 00:00:00+00:00,False,prox:61:156:4943
11889,www.thehindu.com,http://www.thehindu.com/news/cities/Kochi/landslip-buries-28-houses-in-thodupuzha/article5000303.ece,5291,1375833600000.0,08:00,Kozhipilly In Velliyamattom Village Under Thodupuzha Taluk,"After Idukki, itÕs Thodupuzha. Twenty-eight houses were damaged and 20 acres of land came under flood waters and debris following a major landslip at Kozhipilly in Velliyamattom village under Thodupuzha taluk on Wednesday. Though the threatening rumblin",Kozhipilly In Velliyamattom Village Under Thodupuzha Taluk,1km,landslide,monsoon,medium,unknown,0,0, , , ,GLC,5291,10.0606,76.6331,India,IN,Kerala,Muvattupula,11.02,1396310400000.0,1606348800000,76.6331000000001,10.0606,2013-08-07 00:00:00+00:00,False,prox:20:153:5308
11893,Tribune India,http://www.tribuneindia.com/news/himachal/landslide-buries-truck-under-debris-on-mandi-kullu-national-highway/274374.html,9266,1469923200000.0, ,"NH 5 near Rampur, Uttar Pradesh, India","Likewise, the National Highway-5, which was closed near Rampur town, some 120 km from the state capital, was restored after three hours of closure.","NH 5 near Rampur, Uttar Pradesh, India",10km,landslide,rain,small,above_road,0,0, , , ,GLC,9266,25.4941,82.5725,India,IN,Uttar Pradesh,Bhadohi,11.22,1470009600000.0,1606348800000,82.5725,25.4941000000001,2016-07-31 00:00:00+00:00,False,prox:50:165:5671
11895,thaindian,http://www.thaindian.com/newsportal/uncategorized/landslides-hit-transportation-of-apple-crop-in-himachal-pradesh_10085625.html,725,1218931200000.0, ,Shimla district,blocked road and prevented apple growers from getting their produce to markets,Shimla district,25km,landslide,rain,medium,unknown,0,0, , , ,GLC,725,31.1,77.16,India,IN,Himachal Pradesh,Simla,8.65,1396310400000.0,1606348800000,77.1600000000001,31.1000000000001,2008-08-17 00:00:00+00:00,False,prox:62:154:4702
11916,The Statesman,http://www.thestatesman.com/news/northeast/landslides-snap-siliguri-gangtok-road-link/70121.html,6966,1434499200000.0, ,"National Highway 31A, Darjeeling Hills","Note: one article listed multiple landslides, unspecific. Following heavy rainfall in the Darjeeling hills, there were three landslides at three spots on National Highway 31A, considered the lifeline of Sikkim.","National Highway 31A, Darjeeling Hills",50km,landslide,downpour,small,unknown,0,0, , , ,GLC,6966,26.9974,88.4314,India,IN,West Bengal,Kalimpong,9.67,1435190400000.0,1606348800000,88.4314000000001,26.9974,2015-06-17 00:00:00+00:00,False,prox:53:176:5534
11917,hindu,http://www.hindu.com/thehindu/holnus/002200806161042.htm,588,1213488000000.0, ,"Charan Padika, Jammu",Landslides triggered by rains struck en route the Vaishnodevi shrine,"Charan Padika, Jammu",50km,landslide,rain,medium,unknown,0,0, , , ,GLC,588,32.5659,75.0944,India,IN,Jammu and Kashmir,Chhanni,11.02,1396310400000.0,1606348800000,75.0944000000001,32.5659000000001,2008-06-15 00:00:00+00:00,False,prox:65:150:4681
11919,articles.timesofindia.indiatimes.com,http://articles.timesofindia.indiatimes.com/2013-08-28/india/41536924_1_landslides-highway-road-connectivity,5382,1377043200000.0, ,Kullu-Anni Highway,Landslides triggered by heavy rainfall have blocked the Kullu-Anni highway at two places and residents of hundreds of villages falling under 58 panchayats in Anni and Nirmand sub-divisions of Kullu have no road connectivity with the district headquarter,Kullu-Anni Highway,25km,landslide,downpour,medium,unknown,0,0, , , ,GLC,5382,31.5375,77.3737,India,IN,Himachal Pradesh,Manglaor,12.68,1396310400000.0,1606348800000,77.3737,31.5375000000001,2013-08-21 00:00:00+00:00,False,prox:63:154:5312
11926,himachal.us,http://himachal.us/2010/09/22/heavy-rains-damage-roads-in-himachal-alert-sounded-in-kinnaur/22231/news/ravinder,2461,1284854400000.0, ,"Karcham-Sangla rd, Himachal Pradesh","Though the administration was able to evacuate 43 trekkers on Tuesday but another 51 tourists, which include 5 French nationals, 11 Germans, 8 Israeli’s and 27 Bengali tourists are stranded in Sangla as the Karcham- Sangla road is blocked because of a","Karcham-Sangla rd, Himachal Pradesh",5km,landslide,downpour,medium,unknown,0,0, , , ,GLC,2461,31.4582,78.2114,India,IN,Himachal Pradesh,Oling,6.92,1396310400000.0,1606348800000,78.2114000000001,31.4582,2010-09-19 00:00:00+00:00,False,prox:62:156:4957
11929,The Hindu,http://www.thehindu.com/news/national/other-states/rain-landslides-hit-rail-road-traffic-in-odisha/article7660585.ece,8233,1442361600000.0, ,"railway between Koraput and Rayagada in Odisha, India","Torrential rain due to low pressure snapped rail and road communications in different parts of south Odisha on Wednesday.  A landslide disrupted railway traffic in Koraput-Rayagada section, informed East Coast Railway sources. As per railway officials, l","railway between Koraput and Rayagada in Odisha, India",25km,landslide,downpour,medium,above_road,0,0, , , ,GLC,8233,19.316,83.2414,India,IN,Orissa,Sikarapai,11.86,1467676800000.0,1606348800000,83.2414000000001,19.316,2015-09-16 00:00:00+00:00,False,prox:38:166:5564
11936,Indian Express,http://indianexpress.com/article/india/india-news-india/at-least-10-killed-in-landslides-in-assam-rescue-operations-underway-2806810/,9335,1463529600000.0,08:00,"Bilaipur, Hailakandi district, Assam, India","One of two landslides in Bilaipur triggered by the same rainfall event. Ten people were killed in landslides in Karimganj and Hailakandi districts in Barak Valley in Assam on Wednesday following incessant rains. In neighbouring Hailakandi district, two i","Bilaipur, Hailakandi district, Assam, India",1km,landslide,continuous_rain,unknown,unknown,2,0, , , ,GLC,9335,24.5202,92.7239,India,IN,Assam,Umednagar,12.05,1470182400000.0,1606348800000,92.7239000000001,24.5202,2016-05-18 00:00:00+00:00,False,prox:49:185:5646
11941,Telegraph India,http://www.telegraphindia.com/1070911/asp/siliguri/story_8300563.asp,256,1189382400000.0, ,Rhodong village near Rhey in East Sikkim,"destroyed a house, killed 1 and injured 1",Rhodong village near Rhey in East Sikkim,10km,landslide,rain,medium,unknown,0,0, , , ,GLC,256,27.3425,88.6236,India,IN,Sikkim,Tista,18.21,1396310400000.0,1606348800000,88.6236000000001,27.3425,2007-09-10 00:00:00+00:00,False,prox:54:177:4588
11977,himachal.us,http://himachal.us/2010/09/22/heavy-rains-damage-roads-in-himachal-alert-sounded-in-kinnaur/22231/news/ravinder,2468,1284854400000.0, ,"Pulbhal(?)-Solan rd, Himachal Pradesh",(posted 9/22 but may cover events from past weeks)A police spokesman said that traffic on the Shimla- Kalka highway was disrupted near Solan. The beaten track of the Theog-Kotkhai-Jubbal road was blocked at several places because of landslides or traffic,"Pulbhal(?)-Solan rd, Himachal Pradesh",25km,landslide,downpour,medium,unknown,0,0, , , ,GLC,2468,30.9035,77.0965,India,IN,Himachal Pradesh,Gannja,8.56,1396310400000.0,1606348800000,77.0965,30.9035000000001,2010-09-19 00:00:00+00:00,False,prox:61:154:4957
11990,www.nagalandpost.com,http://www.nagalandpost.com/ChannelNews/State/StateNews.aspx?news=TkVXUzEwMDA0MDQ4MQ%3D%3D-gEvw8J4DIOI%3D,5006,1372636800000.0, ,"Thillong Village, Doyang Along State Highway 1, Wokha To Merapani Road","Meanwhile, a massive landslide occurred at Thillong Village, Doyang along the state highway 1, Wokha to Merapani road. Chairman, Thillong Village Council, Wokha, Samuel, Y. Patton in a press release stated five residential buildings have been destroyed a","Thillong Village, Doyang Along State Highway 1, Wokha To Merapani Road",1km,landslide,downpour,medium,unknown,0,0, , , ,GLC,5006,26.1147,94.3864,India,IN,Nagaland,Yezami,20.45,1396310400000.0,1606348800000,94.3864,26.1147,2013-07-01 00:00:00+00:00,False,prox:52:188:5295
11994,I Love Siliguri,http://ilovesiliguri.com/landslides-last-night-threatens-6-more-homes-at-finchaytaar-lodhoma-in-darjeeling/,9220,1469491200000.0,23:00,"Finchaytaar, Lodhoma, Darjeeling, India","Landslide in Finchaytaar, Lodhoma, Darjeeling. There was a landslide nearby recently that killed three. Locals think this is caused from the nearby hydro project that uses explosives. Those impacted by landslide were moved to community hall.","Finchaytaar, Lodhoma, Darjeeling, India",1km,landslide,downpour,unknown,unknown,0,0, , , ,GLC,9220,27.1027,88.1218,India,IN,West Bengal,Darjeeling,15.23,1469664000000.0,1606348800000,88.1218000000001,27.1027,2016-07-26 00:00:00+00:00,False,prox:54:176:5669
11997,The Sangai Express,http://www.thesangaiexpress.com/page/items/54212/massive-landslide-along-maram-peren-road-downpour-creates-havoc-in-different-parts,7264,1437523200000.0, ,22 kms to 30 kms between Sangkungmai and Willong,"Torrential rain in the last many days has created havoc in many places of Senapati district. According to sources, vehicular and human movements have been completely halted. Removal of trees and loose soil are expected to take many weeks before normal mo",22 kms to 30 kms between Sangkungmai and Willong,5km,landslide,continuous_rain,medium,above_road,0,0, , , ,GLC,7264,25.4538,93.9827,India,IN,Manipur,Sochumei,25.71,1437609600000.0,1606348800000,93.9827000000001,25.4538000000001,2015-07-22 00:00:00+00:00,False,prox:50:187:5546
12004,Assam Tribune,http://www.assamtribune.com/scripts/detailsnew.asp?id=may2717/oth053,9785,1495756800000.0, ,Rockslide in North Sikkim,Large rockslide blocks rural road,"Toong-Sankalang road between Saffo and Ship-Gyer, North Sikkim",5km,landslide,rain,medium,above_road,0,0, , , ,GLC, ,27.54295099,88.59676956,India,IN,Sikkim,Mangan,8.46,1497571200000.0,1606348800000,88.596769555,27.542950988,2017-05-26 00:00:00+00:00,False,prox:55:177:5770
12013,The New Indian Express,http://www.newindianexpress.com/states/karnataka/2017/jun/29/villagers-forced-to-clear-only-access-road-after-landslide-1622178.html,9856,1498694400000.0, ,Landslide obstructs road,Small landslide obstructs only approach road to village of Maan after days of heavy rain,"Maan, Khanapur, Karnataka State, India",1km,landslide,continuous_rain,small,above_road,0,0, ,http://images.newindianexpress.com/uploads/user/imagelibrary/2017/6/29/original/Villagersi.jpg, ,GLC, ,15.68638494,74.16234114,India,IN,Karnataka,Kankumbi,5.92,1498694400000.0,1606348800000,74.1623411360001,15.686384936,2017-06-29 00:00:00+00:00,False,prox:31:148:5782
12032,The Tribune,http://www.tribuneindia.com/news/himachal/tourists-stranded-as-manali-leh-road-blocked-due-to-landslide/428780.html,10025,1498694400000.0,00:00,Landslide on Manali-Leh highway,"Hundreds of commuters stranded on the blocked Manali-Leh National Highway, large number of vehicles are stuck in traffic jam, tourists stranded. Caused by incessant rainfall on 6/27. Baralacha pass isolated.","Patseu, Lahul & Spiti, Himachal Pradesh",25km,landslide,rain,medium,above_road,0,0, , , ,GLC, ,32.76390852,77.28272548,India,IN,Himachal Pradesh,Gushai,37.45,1498694400000.0,1606348800000,77.282725483,32.7639085160001,2017-06-29 00:00:00+00:00,False,prox:65:154:5782
12037,Times of India,http://timesofindia.indiatimes.com/city/goa/Landslide-hits-KR-train-services-again/articleshow/9804436.cms,6570,1314662400000.0, ,Pomendi cutting near Ratnagiri,A landslide at Pomendi cutting near Ratnagiri on account of incessant rains in the Konkan region disrupted movement of trains along the Konkan Railway route on Tuesday,Pomendi cutting near Ratnagiri,50km,landslide,continuous_rain,medium,above_road,0,0, , , ,GLC,6570,17.4303,73.5097,India,IN,Maharashtra,Chiplun,10.82,1418860800000.0,1606348800000,73.5097000000001,17.4303,2011-08-30 00:00:00+00:00,False,prox:34:147:5072
12042,hindustantimes,http://www.hindustantimes.com/2-minor-landslides-at-Kurla-Sewri/Article1-563290.aspx,2015,1277424000000.0, ,"hill(?) in Valmik Nagar, Kurla (Valmikinagar), Mumbai","Valmik Nagar in Kurla (W) saw yet another scare, when parts of a 80-100 feet high hillock came sliding down, crushing about seven houses below. The civic body has evacuated about 150 houses in the area to prevent another tragedy.","hill(?) in Valmik Nagar, Kurla (Valmikinagar), Mumbai",5km,landslide,downpour,medium,unknown,0,0, , , ,GLC,2015,19.069,72.8703,India,IN,Maharashtra,Bombay,2.12,1396310400000.0,1606348800000,72.8703,19.0690000000001,2010-06-25 00:00:00+00:00,False,prox:38:145:4928
12047,ibnlive.in,http://ibnlive.in.com/generalnewsfeed/news/chardham-yatra-suspended-due-to-rains/752982.html,3749,1310169600000.0, ,Badrinath,"Dehra Dun, Jul 9 (PTI) The 'Chardham' yatra in Garhwal Himalayas was temporarily suspended today due to inclement weather and landslides triggered by incessant rains along the yatra route.Landslides struck a number of places leading to the four shrines o",Badrinath,25km,landslide,downpour,medium,unknown,0,0, , , ,GLC,3749,30.7412,79.4929,India,IN,Uttaranchal,Saraswati,1.07,1396310400000.0,1606348800000,79.4929000000001,30.7412,2011-07-09 00:00:00+00:00,False,prox:61:158:5054
12053,Business Standard,http://www.business-standard.com/article/current-affairs/himachal-heavy-rains-trigger-landslides-near-mandi-tourists-stranded-117062600956_1.html,9840,1498521600000.0, ,Landslide in Khaliyar area on Mandi-Pathnakot Highway,Heavy rains triggered landslide at several places. The Mandi-Pathankot national highway was blocked for more than four hours due to a landslide near Mandi and many vehicles were stranded. Mandi had 78.2 mm of rain in past day.,"NH-20, Khaliar Area, Mandi, Himachal Pradesh, 175001",1km,landslide,downpour,small,above_road,0,0, ,http://bsmedia.business-standard.com/_media/bs/img/article/2017-06/27/full/1498544517-7593.jpg, ,GLC, ,31.72415448,76.93732121,India,IN,Himachal Pradesh,Mandi,1.59,1498694400000.0,1606348800000,76.9373212090001,31.724154475,2017-06-27 00:00:00+00:00,False,prox:63:153:5781
12055,Times of India,http://timesofindia.indiatimes.com/city/agartala/women-2-kids-killed-in-landslide/articleshow/58994998.cms,9745,1496448000000.0,22:00,Landslide in Kamalpur,Landslide in Kamalpur in northern Tripura buries houses and kills 3,Kamalpur,10km,landslide,rain,medium,urban,3,1, , , ,GLC, ,24.19467451,91.82931979,India,IN,Tripura,Kamalpur,6.96,1497571200000.0,1606348800000,91.8293197930001,24.1946745120001,2017-06-03 00:00:00+00:00,False,prox:48:183:5773
12062,Eastern Mirror,http://www.easternmirrornagaland.com/landslide-hits-khaivarentang-homesteads-sunken/,9704,1497225600000.0,22:00,Mudslide in Eastern Manipur,Houses were washed away due to mudslides due to torrential rain,"Khaivarentang village (??) in Ukhrul, Manipur",50km,mudslide,continuous_rain,medium,natural_slope,0,0, ,http://www.easternmirrornagaland.com/wp-content/uploads/2017/06/upl-3-600x400.jpg, ,GLC, ,25.11956675,94.36416626,India,IN,Manipur,Chattrik,31.21,1497484800000.0,1606348800000,94.3641662630001,25.119566745,2017-06-12 00:00:00+00:00,False,prox:50:188:5776
12063,The Hindu,http://www.thehindu.com/news/cities/Mangalore/landslip-delays-train-movement/article18968245.ece,9705,1497225600000.0,09:00,Landslide on Southern Railway,Rain caused landslide to block train traffic between Jokatte and Padil,"Along track betweek Jokatte and Padil stations, near Mangaluru",5km,landslide,rain,small,above_road,0,0, , , ,GLC, ,13.90074546,74.66018578,India,IN,Karnataka,Bainduru,7.72,1497484800000.0,1606348800000,74.6601857840001,13.9007454640001,2017-06-12 00:00:00+00:00,True,prox:27:149:5776
12065,Zoram Observer,https://www.zoramobserver.com/mizoram/2-killed-in-landslide-triggered-by-heavy-rains/,9712,1497052800000.0,16:00,"Landslide in Aizawl, kills 2","Rain triggered landslides in Indian city of Aizawl, Mizoram", ,1km,landslide,rain,small, ,2,0, ,https://i2.wp.com/www.zoramobserver.com/wp-content/uploads/2017/06/landslide3.jpg?w=960&ssl=1, ,GLC, ,23.73354779,92.74744512,India,IN,Mizoram,Aizwal,6.18,1497484800000.0,1606348800000,92.747445123,23.7335477940001,2017-06-10 00:00:00+00:00,False,prox:47:185:5775
12079,Zoram Observer,https://www.zoramobserver.com/manipur/landslide-cuts-off-8-manipur-villages-in-pherzawl-district-for-5-days-now/,9875,1498435200000.0,00:00,Landslide destroys section of National Highway 2,Landslide between villages of Damdiei and Taithu destroys road and cuts of 8 villages from the rest of Manipur state. Landslide happened during night of heavy rain.,"NH 2, Manipur State, India",5km,landslide,downpour,large,above_road,0,0, ,https://i0.wp.com/www.zoramobserver.com/wp-content/uploads/2017/06/damdiei-and-taithu-village-section-landslide-manipur-1.jpg?resize=768%2C1024&ssl=1, ,GLC, ,24.32420539,93.15020652,India,IN,Manipur,Parbung,9.81,1498780800000.0,1606348800000,93.1502065180001,24.324205389,2017-06-26 00:00:00+00:00,False,prox:48:186:5781
12082,Nagaland Post,http://www.nagalandpost.com/channelnews/State/StateNews.aspx?news=TkVXUzEwMDExNTcxMA%3D%3D,9742,1496361600000.0, ,Landslide in Kohima,"Heavy rain and illegal dumping causes landslide in Eastern Kohima, blocking roads","The road that connects civil secretariat and medical college site towards BSF camp at Nhachüko, Kohima",1km,landslide,continuous_rain,medium,urban,0,0, ,http://www.nagalandpost.com/cms/newsimages/HKASKADUBIYSAYVSHUYK_resize.jpg, ,GLC, ,25.67061161,94.11844319,India,IN,Nagaland,Naga Hills,18.83,1497571200000.0,1606348800000,94.1184431920001,25.6706116080001,2017-06-02 00:00:00+00:00,False,prox:51:188:5773
12084,Shillong Times,http://www.theshillongtimes.com/2017/05/27/two-students-among-injured-in-nongpoh-landslide/,9789,1495756800000.0,17:00,Retaining wall collapse in Nongpoh,"Rain causes retaining wall of St. Paul's school to collapse, injuring three","St Paul's Secondary School, Nongpoh",exact,landslide,rain,small,urban,0,3, , , ,GLC, ,25.907233,91.881892,India,IN,Meghalaya,Umran,15.31,1497916800000.0,1606348800000,91.8818920000001,25.9072330000001,2017-05-26 00:00:00+00:00,False,prox:51:183:5770
12092,Arunachal Times,http://www.arunachaltimes.in/landslide-disrupts-water-supply-again/,9834,1498003200000.0,07:00,Landslide in Itanagar,Landslide disrupts water supply pipeline,"Poma, 6km away from Itanagar",1km,landslide,rain,small,natural_slope,0,0, ,http://www.arunachaltimes.in/wp-content/uploads/2017/06/Landslide-disrupts-water-supply-again.jpg, ,GLC, ,27.05880384,93.54136779,India,IN,Arunachal Pradesh,Kaolakhat,48.47,1498089600000.0,1606348800000,93.54136779,27.0588038440001,2017-06-21 00:00:00+00:00,False,prox:54:187:5779
12094,Hindustan Times,http://www.hindustantimes.com/india-news/pilgrim-dies-as-landslide-hits-vaishno-devi-track/story-9K4XOYIj7l98psJ3d1iodO.html,9886,1498780800000.0,12:00,Landslide hits path to Vaishno Devi shrine,Landslide on footpath kills one pilgrim and injures 8 others,"Himtoki Route, Jammu and Kashmir",1km,landslide,rain,medium,above_road,1,8, , , ,GLC, ,33.01346369,74.93530189,India,IN,Jammu and Kashmir,Riasi,12.65,1498780800000.0,1606348800000,74.935301886,33.0134636860001,2017-06-30 00:00:00+00:00,False,prox:66:149:5782
12100,The Hindu,http://www.thehindu.com/news/cities/Mangalore/landslip-delays-train-movement/article18968245.ece,9730,1497225600000.0,09:00,Landslide on tracks near Mangaluru,Landslide blocks train tracks on Southern Railway,"Near Mangaluru, on Southern Railway between Padil and Jokatte Stations",5km,landslide,rain,small,above_road,0,0, , , ,GLC, ,12.89674168,74.85970453,India,IN,Karnataka,Mangalore,3.56,1497484800000.0,1606348800000,74.85970453,12.896741681,2017-06-12 00:00:00+00:00,False,prox:25:149:5776
12108,Hindustan Times,http://www.hindustantimes.com/india-news/eight-killed-in-factory-wall-collapse-in-himachal-s-baddi-due-to-storm/story-zdzkA2onoBy2evzZnHxvHJ.html,9707,1496793600000.0,01:00,Factory Wall collapse landslide in Baddi,"Rains caused an old factory wall to collapse, creating a landslide", ,5km,landslide,rain,medium,urban,8,9, , , ,GLC, ,30.94222039,76.80054202,India,IN,Himachal Pradesh,Nalagarh,13.53,1497484800000.0,1606348800000,76.8005420200001,30.942220394,2017-06-07 00:00:00+00:00,False,prox:61:153:5774
12114,The Indian Express,http://indianexpress.com/article/cities/chandigarh/dozen-landslides-in-48-hours-kalka-shimla-drive-takes-dangerous-turn-4727296/,9870,1498694400000.0, ,Landslides after incessant rain on NH 22,Over a dozen landslides in 48 hours on NH 22 between Parwanoo and Solan. Triggered by early monsoon-like rains.,"NH-22, Kasauli Sub-District, Solan, Himachal Pradesh, 173220",10km,landslide,monsoon,medium,above_road,0,0, ,http://images.indianexpress.com/2017/06/himalaya-759.jpg, ,GLC, ,30.86642127,76.99790295,India,IN,Himachal Pradesh,Kalka,6.79,1498780800000.0,1606348800000,76.9979029520001,30.8664212740001,2017-06-29 00:00:00+00:00,False,prox:61:153:5782
12118,The Indian Express,http://indianexpress.com/article/india/hundreds-stranded-as-jk-highway-closed-after-landslides-in-ramban-udhampur-4715793/,9836,1498003200000.0, ,Landslides in Jammu and Kashmir - Bali Nallah,Boulders from hill fell and blocked roadway,"Bali Nallah area, near Udhampur",5km,rock_fall,rain,small,above_road,0,0, , ,Part of an article that covers multiple incidents,GLC, ,32.94818322,75.12206351,India,IN,Jammu and Kashmir,Udhampur,3.34,1498089600000.0,1606348800000,75.1220635110001,32.9481832160001,2017-06-21 00:00:00+00:00,False,prox:65:150:5779
12120,Tribune India,http://www.tribuneindia.com/news/himachal/heavy-rain-triggers-landslide-in-mandi-one-injured/280572.html,9852,1470700800000.0, ,Landslide in Manali,Manali has received heavy rain in the past 24 hours. The regional meteorological department claimed the state has received 257 per cent excess rain in the past 24 days alone and predicted more over the next few days. Landslide took out two buses.,"Manali, Himachal Pradesh, India",5km,landslide,downpour,small,above_road,0,1, , , ,GLC, ,31.70779,76.932771,India,IN,Himachal Pradesh,Mandi,0.73,1498694400000.0,1606348800000,76.9327710000001,31.70779,2016-08-09 00:00:00+00:00,False,prox:63:153:5674
12128,The Mandate,http://www.themandate.in/2017/06/22/bhairon-ghati-track-closed-landslide-reopens-vaishno-devi-pilgrims/,9826,1498003200000.0,22:00,Landslide in Trikuta Hills,Landslide closed Bhairon Ghati track to Shri Mata Viashno Devi,"Bhairon Ghati track to Shri Mata Vaishno Devi, Katra, Reasi district, Trikuta Hills",1km,landslide,rain,small,natural_slope,0,0, , , ,GLC, ,33.01739981,74.93828041,India,IN,Jammu and Kashmir,Riasi,12.61,1498089600000.0,1606348800000,74.9382804100001,33.0173998080001,2017-06-21 00:00:00+00:00,False,prox:66:149:5779
12131,WebIndia,http://news.webindia123.com/news/Articles/India/20170606/3118947.html,9741,1496620800000.0,20:00,"Landslide in Darjeeling area, Sonada",Rain-caused landslide buries old woman in Sonada region,"Daragoan (?) in Sonada area, Darjeeling",10km,landslide,rain,medium,urban,1,2, , , ,GLC, ,26.9653186,88.2667225,India,IN,West Bengal,Darjeeling,8.42,1497571200000.0,1606348800000,88.2667224950001,26.965318595,2017-06-05 00:00:00+00:00,False,prox:53:176:5774
12134,Bangalore Mirror,http://bangaloremirror.indiatimes.com/news/state/landslide-blocks-road-for-hours-again/articleshow/59111986.cms,9709,1497225600000.0, ,Landslide blocks NH66 in Uttar Kannada,Landslide closes off NH66 for ~5 hours,"Ottinene, on NH66 in Udupi District/Uttar Kannada",10km,landslide,rain,small,above_road,0,0, , , ,GLC, ,13.87803507,74.6246332,India,IN,Karnataka,Bainduru,4.45,1497484800000.0,1606348800000,74.6246332000001,13.878035074,2017-06-12 00:00:00+00:00,False,prox:27:149:5776
12135,Sahil Online,http://www.sahilonline.net/en/kumta-dc-visits-the-landslide-spot-and-announces-compensation,9719,1497139200000.0, ,"Landslide in Kumta, India, kills three",Landslide on a road in Kumta kills three children and wounds 7,On a road in the town of Kumta,5km,landslide,rain,medium,above_road,3,7, , , ,GLC, ,14.42827957,74.41606625,India,IN,Karnataka,Kumta,1.87,1497484800000.0,1606348800000,74.41606625,14.4282795740001,2017-06-11 00:00:00+00:00,False,prox:28:148:5776
12137,NDTV,http://www.ndtv.com/india-news/nainital-highway-closed-due-to-heavy-landslide-1445313,9864,1471305600000.0, ,Landslide on Highway 87,"Heavy rains triggered a massive landslide in Uttarakhand, leading to closure of the highway connecting Nainital to Rampur and affecting supplies to this popular tourist town. Earth movers were employed but the rock could not be moved. Later more machines","Highway 87, near Doa Goan, Uttarakhand",5km,landslide,rain,medium,above_road,0,0, , , ,GLC, ,29.350849,79.451264,India,IN,Uttaranchal,Nainital,5.26,1498780800000.0,1606348800000,79.451264,29.350849,2016-08-16 00:00:00+00:00,False,prox:58:158:5676
12140,Business Standard,http://www.business-standard.com/article/pti-stories/1-killed-in-uttarakhand-landslip-117060601631_1.html,9706,1496707200000.0, ,Landslide near Nandprayag,"Landslide due to heavy rains in Uttarakhand town, featuring falling boulders",Muniyali village (?) near Nadprayag,5km,landslide,rain,small,natural_slope,1,1, , , ,GLC, ,30.33597362,79.31958144,India,IN,Uttaranchal,Langsu,5.78,1497484800000.0,1606348800000,79.3195814400001,30.335973622,2017-06-06 00:00:00+00:00,False,prox:60:158:5774
12142,Signs of the Times,https://www.sott.net/article/353005-Landslide-kills-at-least-3-in-Tripura-India,9733,1496448000000.0,20:00,Landslide in Tripura,Incessant rain causes landslide in remote Tripura village,Vidyamohan Chowdhury Para (???) of remote Dhalai district,50km,landslide,continuous_rain,medium,natural_slope,3,1, , ,Questionable source,GLC, ,23.86469956,91.8949662,India,IN,Tripura,Tripura,13.57,1497571200000.0,1606348800000,91.894966197,23.8646995560001,2017-06-03 00:00:00+00:00,False,prox:47:183:5773
12154,The Hindu,http://www.thehindu.com/news/cities/Mangalore/landslip-delays-train-movement/article18968245.ece,9727,1497225600000.0,09:00,Landslide on Southern Railway,Rain caused landslide to block train traffic between Jokatte and Padil,"Along track betweek Jokatte and Padil stations, near Mangaluru",5km,landslide,rain,small,above_road,0,0, , , ,GLC, ,13.90074546,74.66018578,India,IN,Karnataka,Bainduru,7.72,1497484800000.0,1606348800000,74.6601857840001,13.9007454640001,2017-06-12 00:00:00+00:00,True,prox:27:149:5776
12157,Rising Kashmir,http://www.risingkashmir.com/news/cloud-burst-landslides-in-anantnag,9830,1498003200000.0,22:00,Landslides is Anantang district,"Houses, roads, and crops were damaged across Anantang district", ,25km,landslide,downpour,medium,natural_slope,0,0, , ,"Large area affected, article doesn't give specific incidents",GLC, ,33.63251807,75.23162006,India,IN,Jammu and Kashmir,Anantnag,13.47,1498089600000.0,1606348800000,75.231620062,33.632518066,2017-06-21 00:00:00+00:00,False,prox:67:150:5779
12160,Etemaa Daily,http://www.en.etemaaddaily.com/World/National/uttarkhand-landslide-death-toll-increases-to-13-highway-open-to-traffic:29191,9809,1495238400000.0, ,Badrinath highway landslide,Landslide on highway to Hindu temple Badrinath kills multiple and traps/blocks thousands of pilgrims,"Highway to Badrinath, Uttarakhand",25km,landslide,rain,large,natural_slope,13,0, ,http://en.etemaaddaily.com/pages/world/national/1723uttarkhandlandslide.jpg, ,GLC, ,30.73315585,79.49231617,India,IN,Uttaranchal,Saraswati,1.49,1497916800000.0,1606348800000,79.4923161690001,30.733155853,2017-05-20 00:00:00+00:00,False,prox:61:158:5768
12162,IBTimes,http://www.ibtimes.co.in/himachal-pradesh-heavy-rains-cause-landslide-disrupt-normal-life-parts-state-689997,9859,1471219200000.0,22:00,Landslide in Nyugalsari,"National Highway 05 was blocked in Kinnaur district, since Monday night after a landslide in the Nyugalsari area.",Y:31.581485 X:78.412784,25km,landslide,rain,small,above_road,0,0, , , ,GLC, ,31.581485,78.412784,India,IN,Himachal Pradesh,Burati Thatang,24.44,1498694400000.0,1606348800000,78.4127840000001,31.581485,2016-08-15 00:00:00+00:00,False,prox:63:156:5676
12164,Zoram Observer,https://www.zoramobserver.com/manipur/landslide-cuts-off-8-manipur-villages-in-pherzawl-district-for-5-days-now/,9876,1498521600000.0, ,Landslide cuts off NH 2,Landslide blocks another section of NH 2 between Damdiei and Pherzawl after heavy rains,"NH 2, Manipur State, India",5km,landslide,downpour,medium,above_road,0,0, ,https://i2.wp.com/www.zoramobserver.com/wp-content/uploads/2017/06/damdiei-and-taithu-village-section-landslide-manipur.jpg?resize=1024%2C768&ssl=1, ,GLC, ,24.30415689,93.18182448,India,IN,Manipur,Parbung,10.03,1498780800000.0,1606348800000,93.181824476,24.304156886,2017-06-27 00:00:00+00:00,False,prox:48:186:5781
12167,NELive,http://www.nelive.in/assam/news/assam-flood-landslide-disrupts-rail-connectivity-barak-valley-over-13000-affected-due,9750,1496534400000.0, ,"Flood, Landslide in Assam",Large amounts of rain cause landslide in Barak Valley region,Dima Hasao district,50km,landslide,continuous_rain,medium,natural_slope,0,0, ,http://www.nelive.in/sites/default/files/Uttarakhand-flood-buildings-Reuters.jpg,No concrete date given,GLC, ,25.15246863,92.94670614,India,IN,Assam,Narainpur,13.14,1497571200000.0,1606348800000,92.946706142,25.1524686270001,2017-06-04 00:00:00+00:00,False,prox:50:185:5773
12170,Indian Express,http://www.arunachaltimes.in/wp-content/uploads/2017/06/Landslide-disrupts-water-supply-again.jpg,9835,1498003200000.0, ,Landslides in Jammu and Kashmir - Panthiyal,Landslide and mudslide close highway,Panthiyal village area,5km,landslide,rain,small,above_road,0,0, , ,Part of a larger article,GLC, ,32.62803,75.37123,India,IN,Jammu and Kashmir,Ramnagar,20.29,1498089600000.0,1606348800000,75.3712300000001,32.62803,2017-06-21 00:00:00+00:00,False,prox:65:150:5779
12175,ZeeNews India,http://zeenews.india.com/tamil-nadu/landslip-results-in-traffic-disruption-for-two-hours-2011036.html,9761,1496275200000.0,10:00,Landslide near Coonooer,"Trees and boulders fell onto highway, cutting off traffic for two hours",Coonoor-Mettupalyam road near Kallar,5km,landslide,rain,small,above_road,0,0, , , ,GLC, ,11.34165808,76.8694278,India,IN,Tamil Nadu,Coonoor,8.26,1497571200000.0,1606348800000,76.8694277970001,11.3416580840001,2017-06-01 00:00:00+00:00,False,prox:22:153:5772
12182,Zoram Observer,https://www.zoramobserver.com/manipur/landslide-cuts-off-8-manipur-villages-in-pherzawl-district-for-5-days-now/,9877,1498435200000.0, ,Landslide blocks NH-2 between Pherzawl and Bukpi,"Road blocked by landslide after heavy rain, maiden journel of Pherzawl Express bus service interrupted","NH-2, Pherzawl District, Manipur State, India",10km,landslide,downpour,medium,above_road,0,0, , , ,GLC, ,24.21988831,93.20266204,India,IN,Manipur,Parbung,10.11,1498780800000.0,1606348800000,93.2026620350001,24.2198883070001,2017-06-26 00:00:00+00:00,False,prox:48:186:5781
12185,Siasat Daily,http://www.siasat.com/news/one-killed-landslide-uttarakhand-1000019/,9849,1470787200000.0,20:00,Landslide in Munsyari,"1 man died after being hit by rocks and debris following a landslide in Munsyari area of Pithoragarh district. Incessant rains have caused the water levels of most rivers to rise. However, the Ganga river is flowing around one metre below the danger mark","Munsyari, Pithoragarh, Uttarakhand, India",1km,landslide,continuous_rain,small,above_road,1,0, , , ,GLC, ,30.070512,80.237218,India,IN,Uttaranchal,Mathkot,7.21,1498694400000.0,1606348800000,80.237218,30.0705120000001,2016-08-10 00:00:00+00:00,False,prox:60:160:5674
12188,The Hindu,http://www.thehindu.com/news/cities/Vijayawada/negligence-claimed-six-lives-at-phirangipuram-quarry/article18622052.ece,9776,1495843200000.0, ,Rockfall in quarry in Phirangipuram,Rainfall coupled with illegal mining causes rockfall in quarry,Quarry at Phirangipuram village in Guntur,1km,landslide,rain,medium,mine,6,1, , , ,GLC, ,16.28332586,80.26097734,India,IN,Andhra Pradesh,Phirangipuram,0.96,1497571200000.0,1606348800000,80.2609773350001,16.283325862,2017-05-27 00:00:00+00:00,False,prox:32:160:5771
12191,Greater Kashmir,http://www.greaterkashmir.com/news/kashmir/landslides-cleared-srinagar-leh-highway-re-opens-for-traffic/251494.html,9740,1496620800000.0,20:00,Landslide near Zojila,Rain causes landslide on Srinagar-Leh highway,"Zojila area, between Sonarmarg and Meenmarg",25km,landslide,rain,small,above_road,0,0, , , ,GLC, ,34.27703802,75.46743478,India,IN,Jammu and Kashmir,Matayan,16.12,1497571200000.0,1606348800000,75.4674347800001,34.277038024,2017-06-05 00:00:00+00:00,False,prox:68:150:5774
12199,AGU Blog,http://blogs.agu.org/landslideblog/2016/08/13/dzongu-1/,9853,1471305600000.0, ,Landslide in Dzongu,"A major valley-blocking landslide at Dzongu in Sikkim, northern India. The landslide, which is large, has blocked the Kanaka River completely, and a lake has started to build behind it.","Dzongu, Sikkim, India",exact,landslide,rain,large,natural_slope,0,0, , , ,GLC, ,27.593,88.492,India,IN,Sikkim,Sikkim,7.03,1498694400000.0,1606348800000,88.4920000000001,27.5930000000001,2016-08-16 00:00:00+00:00,False,prox:55:176:5676
12213,Siliguri Times,http://siliguritimes.com/landslide-alubari-near-darjeeling/,9994,1499299200000.0,08:00,"Landslide obstructs road, breaks water pipe","Landslide causes water pipe to break, boulders obstruct road. Article: ""North Bengal, along with the hills, has been experiencing constant, heavy showers ever since monsoon made its way to the region. The water levels of the rivers have been rising and t","Alubari, Darjeeling, West Bengal, India",1km,landslide,continuous_rain,medium,above_road,0,0, ,http://siliguritimes.com/wp-content/uploads/2017/07/image_239997.7.jpg, ,GLC, ,27.02149311,88.25902123,India,IN,West Bengal,Darjeeling,2.16,1499299200000.0,1606348800000,88.2590212320001,27.0214931080001,2017-07-06 00:00:00+00:00,False,prox:54:176:5784
12214,WebIndia123,https://news.webindia123.com/news/Articles/India/20170703/3137813.html,9982,1498867200000.0,22:00,Landslide blocks roads,Landslide following a downpour blocks two approach roads to Fazl Ali College,"Chuchuyimpang, Mokokchung, Nagaland",1km,landslide,downpour,medium,above_road,0,0, , , ,GLC, ,26.3312531,94.55427723,India,IN,Nagaland,Mongseyimti,12.93,1499212800000.0,1606348800000,94.554277229,26.3312530950001,2017-07-01 00:00:00+00:00,False,prox:52:189:5782
12222,Times-Mumbai,http://www.times-mumbai.com/landslide-blocks-national-highway-55-in-darjeeling-hills/,9976,1499212800000.0, ,Landslide blocks NH-55,"Landslide blocks NH-55 near Kurseong, West Bengal. Large rock appears to have damaged a car (see attached photo.) From the article: Kurseong has witnessed 128.2mm rainfall in the last 24 hours. Since July 1 to July 4th, the cumulative rainfall in Kurseon","Kurseong, Darjeeling, West Bengal, India",5km,landslide,continuous_rain,medium,above_road,0,0, ,http://www.times-mumbai.com/wp-content/uploads/2017/07/www.oneindia.comxlandslide-05-1499232064.-90ea4fb42a3723509cfd7da99c0d98ec3a892f76.jpg, ,GLC, ,26.90298048,88.29518925,India,IN,West Bengal,Kurseong,2.65,1499212800000.0,1606348800000,88.295189249,26.9029804780001,2017-07-05 00:00:00+00:00,False,prox:53:176:5784
12224,The Arunachal Times,http://www.arunachaltimes.in/landslide-washes-away-house-in-daporijo/,9993,1499126400000.0,22:00,Landslide along Daporijo-Dumporijo road,Landslide after rains that cause flooding throughout Daporijo severely damage Daporijo-Dumporjio road,"Daporijo-Dumporijo road, Arunachal Pradesh, India",10km,landslide,rain,small,above_road,0,0, , , ,GLC, ,27.97875751,94.26296826,India,IN,Arunachal Pradesh,Daparijo,4.0,1499299200000.0,1606348800000,94.2629682610001,27.9787575130001,2017-07-04 00:00:00+00:00,False,prox:55:188:5783
12228,WebIndia123,https://news.webindia123.com/news/Articles/India/20170703/3137813.html,9983,1498867200000.0,22:00,Landslides blocks Wokha-Merapani Road,Landslides at along Wokha-Merapani Road isolates Wokha from Assam State. Following downpour on night of 7/1.,"Wokha Sadar Sub-District, Wokha, Nagaland",5km,landslide,continuous_rain,small,above_road,0,0, , , ,GLC, ,26.11613908,94.24222574,India,IN,Nagaland,Yimpang,18.72,1499212800000.0,1606348800000,94.2422257440001,26.1161390770001,2017-07-01 00:00:00+00:00,False,prox:52:188:5782
12229,The Arunachal Times,http://www.arunachaltimes.in/landslide-washes-away-house-in-daporijo/,9998,1499126400000.0,22:00,Landslide in Daporijo,Landslide after rains that cause flooding throughout Daporijo wash away a dwelling,"Abotani Colony, Daporijo Township, Arunachal Pradesh, India",1km,landslide,rain,medium,above_road,0,0, , , ,GLC, ,27.98531715,94.21263589,India,IN,Arunachal Pradesh,Daparijo,1.19,1499299200000.0,1606348800000,94.212635886,27.985317153,2017-07-04 00:00:00+00:00,False,prox:55:188:5783
12238,The Assam Tribune,http://www.assamtribune.com/scripts/detailsnew.asp?id=jul0417/city055,9952,1499040000000.0, ,Landslide hits Jorabat,"Article very sparse on details. One of two landslides besides the one at the police station to hit Jorabat on about 7/3, following heavy rain on Sunday 7/2.","Sonapur, Kamrup Metropolitan, Assam",5km,landslide,downpour,small,unknown,0,0, , , ,GLC, ,26.10430759,91.86227824,India,IN,Assam,Pomahi,1.47,1499212800000.0,1606348800000,91.8622782350001,26.1043075920001,2017-07-03 00:00:00+00:00,False,prox:52:183:5783
12239,The Assam Tribune,http://www.assamtribune.com/scripts/detailsnew.asp?id=jul0417/city055,9951,1499040000000.0, ,Landslide hits Jorabat,"Article very sparse on details. One of two landslides besides the one at the police station to hit Jorabat on about 7/3, following heavy rain on Sunday 7/2.","Jorabat, Assam State, India",5km,landslide,downpour,small,unknown,0,0, , , ,GLC, ,26.1061808,91.85158907,India,IN,Assam,Pomahi,2.35,1499212800000.0,1606348800000,91.8515890670001,26.106180801,2017-07-03 00:00:00+00:00,False,prox:52:183:5783
12241,Hindustan Times,http://www.hindustantimes.com/india-news/two-more-killed-in-assam-floods-more-than-3-5-lakh-people-affected/story-MmZHSSifUM78Jhd7l8lEzJ.html,9972,1499040000000.0, ,Fatal landslide in Chandrapur,"Landslide kills one man in Chandrapur, Assam State during incessant rains that caused, floods, and landslides throughout the state.","Chandrapur, Kamrup Metropolitan, Assam",10km,landslide,continuous_rain,medium,unknown,1,0, , ,Article sparse on details,GLC, ,26.22247247,91.92053028,India,IN,Assam,Assam,11.64,1499212800000.0,1606348800000,91.920530275,26.222472467,2017-07-03 00:00:00+00:00,False,prox:52:183:5783
12245,Nagaland Post,http://www.nagalandpost.com/ChannelNews/State/StateNews.aspx?news=TkVXUzEwMDEwMjA2OQ%3D%3D,9966,1473033600000.0, ,Landslide in Wokha-Merapani Road,"n Wokha, the District Disaster Management Agency (DDMA) has cleared massive landslide on Wokha-Merapani road that occurred in the wee hours of Monday some 10 kms from Wokha. The landslide blocked all traffic along the Wokha-Merapani state highway, the di","Wokha, India", ,landslide,rain,large, ,0,0, , , ,GLC, ,26.092493,94.257523,India,IN,Nagaland,Yimpang,21.35,1499040000000.0,1606348800000,94.257523,26.092493,2016-09-05 00:00:00+00:00,False,prox:52:188:5683
12246,Imphal Free Press,http://www.ifp.co.in/item/1610-landslide-at-mao-gate,9974,1499126400000.0, ,Landslide blocks road,"NH-2 blocked around .5 km towards Imphal from Mao gate. Traffic movement initially restricted, then banned by district until 14:00 on 7/5. Following heavy rains.","AH1, Mao-Maram, Senapati, Manipur, 795150",1km,landslide,continuous_rain,small,above_road,0,0, , , ,GLC, ,25.4976444,94.12901274,India,IN,Manipur,Sochumei,11.07,1499212800000.0,1606348800000,94.129012737,25.497644399,2017-07-04 00:00:00+00:00,False,prox:50:188:5783
12255,Nagaland Post,http://www.nagalandpost.com/ChannelNews/State/StateNews.aspx?news=TkVXUzEwMDEwMjA2OQ%3D%3D,9965,1473033600000.0, ,Landslide in Nagaland,"In Mokokchung, a massive landslide near Unger village along NH-2 has paralyzed all vehicular movement. When contacted, Deputy Commissioner (DC) Mokokchung, Sushil Kumar Patel told Nagaland Post that the district administration had already instructed the","Mokochung, Nagaland, India",1km,landslide,rain,large, ,0,0, , , ,GLC, ,26.324724,94.514651,India,IN,Nagaland,Nagaland,15.14,1499040000000.0,1606348800000,94.5146510000001,26.3247240000001,2016-09-05 00:00:00+00:00,False,prox:52:189:5683
12259,The Tribune,http://www.tribuneindia.com/news/nation/7-year-old-girl-killed-by-landslide-at-guwahati/431122.html,9940,1499040000000.0,07:00,Landslide in Panikhaiti kills girl,"Incessant rainfall triggers landslide in Panikhaiti, landslide kills girl walking to school. Also damages three houses.","Panikhaiti, Kamrup Metropolitan, Assam State, India",1km,landslide,continuous_rain,medium,natural_slope,1,0, ,http://images.tribuneindia.com/cms/gall_content/2017/7/2017_7$largeimg03_Monday_2017_171821002.JPG, ,GLC, ,26.20450454,91.87202793,India,IN,Assam,Gauhati,12.21,1499040000000.0,1606348800000,91.872027927,26.2045045350001,2017-07-03 00:00:00+00:00,False,prox:52:183:5783
12261,WebIndia123,https://news.webindia123.com/news/Articles/India/20170703/3137813.html,9984,1498867200000.0,22:00,Landslide along Wokha-Merapani road,Landslides (this is the second) at along Wokha-Merapani Road isolates Wokha from Assam State. Following downpour on night of 7/1.,"Wokha Sadar Sub-District, Wokha, Nagaland",5km,landslide,downpour,small,above_road,0,0, , , ,GLC, ,26.1445447,94.24416766,India,IN,Nagaland,Yimpang,15.57,1499212800000.0,1606348800000,94.244167663,26.1445446990001,2017-07-01 00:00:00+00:00,False,prox:52:188:5782
12267,Hmar.net,http://hmar.net/?p=1870,322,1192924800000.0, ,National Highway 53 at Nungba in Tamenglong district of Manipur,blocked road,National Highway 53 at Nungba in Tamenglong district of Manipur,25km,landslide,rain,medium,unknown,0,0, , , ,GLC,322,24.75,93.4333,India,IN,Manipur,Sempang,10.97,1396310400000.0,1606348800000,93.4333,24.7500000000001,2007-10-21 00:00:00+00:00,False,prox:49:186:4602
12278,e-pao,http://www.e-pao.net/GP.asp?src=5..101010.oct10,2578,1286582400000.0, ,"NH-39 in Karong area, Manipur",Landslide has also been reported at a spot near Khongnem village while there are at least three landslides at Karong area.,"NH-39 in Karong area, Manipur",5km,landslide,downpour,medium,unknown,0,0, , , ,GLC,2578,25.3179,94.0462,India,IN,Manipur,Kalapahar,23.8,1396310400000.0,1606348800000,94.0462000000001,25.3179000000001,2010-10-09 00:00:00+00:00,False,prox:50:188:4963
12279,Daily kashmir Images,http://dailykashmirimages.com/Details/112185/massive-landslide-hit-srinagar-sonamarg-road,9199,1465344000000.0,22:00,"Srinagar-Leh highway in Shutkady near Sonamarg, Ganderbal district, Jammu and Kashmir, India",Hundreds of vehicles including those ferrying tourists were stranded on Srinagar-Sonamarg road near Shutkadi Sonamarg after landslides triggered by heavy rains hit the stretch late Wednesday evening.  Reports said that several passengers had a narrow esc,"Srinagar-Leh highway in Shutkady near Sonamarg, Ganderbal district, Jammu and Kashmir, India",5km,landslide,downpour,medium,above_road,0,0, ,http://www.dailykashmirimages.com/upload_images/upload_images_articles/47ff39be-4ea4-485c-ad90-1a02fa77c282.JPG, ,GLC,9199,34.2952,75.3226,India,IN,Jammu and Kashmir,Sonamarg,2.72,1469577600000.0,1606348800000,75.3226000000001,34.2952000000001,2016-06-08 00:00:00+00:00,False,prox:68:150:5653
12280,The Indian Express,http://indianexpress.com/article/india/india-news-india/rains-throw-normal-life-out-of-gear-accidents-kill-4-persons-in-jammu-2960170/,9474,1470528000000.0, ,"Parmandal, Jammu","Darshana Devi, 38, died after she was hit by landslides in Parmandal area.","Parmandal, Jammu",10km,landslide,continuous_rain,medium,unknown,1,0, , , ,GLC,9474,32.6987,75.0582,India,IN,Jammu and Kashmir,Karlup,7.32,1471824000000.0,1606348800000,75.0582000000001,32.6987,2016-08-07 00:00:00+00:00,False,prox:65:150:5673
12286,thestatesman,http://www.thestatesman.net/page.news.php?clid=10&id=209560&usrsess=1,595,1213920000000.0, ,Kurseong sub division,occurred all over region,Kurseong sub division,25km,landslide,rain,medium,unknown,0,0, , , ,GLC,595,26.885,88.2778,India,IN,West Bengal,Kurseong,0.16,1396310400000.0,1606348800000,88.2778000000001,26.885,2008-06-20 00:00:00+00:00,False,prox:53:176:4683
12298,e-pao.net,http://e-pao.net/GP.asp?src=Snipp3..100610.jun10,1961,1276041600000.0,14:00,"Ishok Chingphu(?), Bishnupur, Assam","Imphal, June 09 2010: Three houses were damaged in mudslide from the hill at Ishok Chingphu in Bishnupur district today causing damaged to properties worth around Rs 2 lakh.  The collapsed houses belonged to Pukhrambam Rame son of Chaoba, Huidrom Shamu a","Ishok Chingphu(?), Bishnupur, Assam",50km,landslide,downpour,medium,unknown,0,0, , , ,GLC,1961,25.8833,91.2,India,IN,Assam,Bandapara,12.34,1396310400000.0,1606348800000,91.2,25.8833000000001,2010-06-09 00:00:00+00:00,False,prox:51:182:4923
12306,alertnet,http://www.alertnet.org/thenews/fromthefield/222031/128136284695.htm,2206,1281052800000.0,00:00,"villages Shapoo(?), Bazgo(?) and wide area around Leh, Ladakh, Jammu and Kashmir","On the night of 5th and 6th August 2010, between 00:00 hrs and 00:30 hrs, intensive rainfall followed by massive cloudburst in high altitude terrain of Leh (3505m), triggered numerous debris flows, mud flows (earth spreads) and sand flows. These widespre","villages Shapoo(?), Bazgo(?) and wide area around Leh, Ladakh, Jammu and Kashmir",50km,landslide,downpour,very_large,unknown,234,0, , , ,GLC,2206,34.1416,77.4871,India,IN,Jammu and Kashmir,Leh,5.74,1410393600000.0,1606348800000,77.4871000000001,34.1416,2010-08-06 00:00:00+00:00,False,prox:68:154:4942
12319,articles.timesofindia,http://articles.timesofindia.indiatimes.com/2011-07-18/india/29786319_1_landslides-rohtang-marhi,3777,1310688000000.0,18:00,Rahni,"MANALI: Unable to cross a landslide at Rohtang pass, a driver breathed his last inside his truck near Marhi on Sunday. Landslides have trapped more than 400 vehicles including some tourist vehicles here since Saturday midnight.  According to reports from",Rahni,5km,landslide,downpour,medium,unknown,1,0, , , ,GLC,3777,32.3491,77.2181,India,IN,Himachal Pradesh,Chandra,7.47,1396310400000.0,1606348800000,77.2181,32.3491000000001,2011-07-15 00:00:00+00:00,False,prox:64:154:5056
12323,greaterkashmir,http://www.greaterkashmir.com/news/2011/Feb/17/highway-closed-again-66.asp,3128,1297814400000.0,18:00,"near Ramban, Jammu-Srinagar hwy, Jammu and Kashmir",Feb 16: The 300-km Srinagar-Jammu highway which was partially reopened for one-way traffic this morning from Jammu to Srinagar was closed again in the evening following incessant rains and snowfall which triggered fresh landslides at many places.  …  d,"near Ramban, Jammu-Srinagar hwy, Jammu and Kashmir",25km,landslide,downpour,medium,unknown,0,0, , , ,GLC,3128,33.2609,75.244,India,IN,Jammu and Kashmir,Gund,19.63,1396310400000.0,1606348800000,75.2440000000001,33.2609,2011-02-16 00:00:00+00:00,False,prox:66:150:5007
12326,Kashmir Times,http://www.kashmirtimes.in/newsdet.aspx?q=42967,7196,1436659200000.0, ,Between Batote and Ramban,Landslides betwen Batote and Ramban,Between Batote and Ramban,10km,landslide,continuous_rain,medium,above_road,0,0, , , ,GLC,7196,33.2049,75.2845,India,IN,Jammu and Kashmir,Panjan,22.04,1436832000000.0,1606348800000,75.2845,33.2049000000001,2015-07-12 00:00:00+00:00,False,prox:66:150:5542
12328,prokerala,http://www.prokerala.com/news/articles/a75292.html,1109,1250726400000.0, ,Lumding-Badarpur section in North Cachar Hills district,"The rail services between rest of India and southern Assam, Tripura, Mizoram and Manipur have been suspended since Aug 20 following extensive landslides on the Lumding-Badarpur section in North Cachar Hills district",Lumding-Badarpur section in North Cachar Hills district,25km,landslide,downpour,medium,unknown,0,0, , , ,GLC,1109,25.5215,93.1645,India,IN,Assam,Bara Digar,21.86,1396310400000.0,1606348800000,93.1645,25.5215,2009-08-20 00:00:00+00:00,False,prox:51:186:4825
12335,thehindu,http://www.thehindu.com/news/states/other-states/article2801278.ece,4139,1326326400000.0,22:00,"Shatani Nallah, Ramban District","The 300-km-long Jammu-Srinagar national highway reopened for vehicular traffic today, a day after it was shut due to landslide in Ramban district. One-way movement of traffic from Srinagar to Jammu on the highway was allowed, officials said. Around 300 v","Shatani Nallah, Ramban District",10km,landslide,downpour,medium,unknown,0,0, , , ,GLC,4139,33.2407,75.2373,India,IN,Jammu and Kashmir,Chaunkri,20.35,1396310400000.0,1606348800000,75.2373000000001,33.2407000000001,2012-01-12 00:00:00+00:00,False,prox:66:150:5117
12337,punemirror,http://www.punemirror.in/index.aspx?page=article&sectid=2&contentid=20100619201006192238548207f2d7bff&sectxslt=,1988,1276560000000.0, ,"Khandala, on Mumbai-Pune Expressway","Saturday, June 19, 2010 at 10:38:54 PM  Two minor landslides which took place on the Mumbai-Pune Expressway in two days are being viewed as a pointer of the monsoon hazards on the expressway due to the failure of the authorities to carry out landslide pr","Khandala, on Mumbai-Pune Expressway",5km,landslide,downpour,small,unknown,0,0, , , ,GLC,1988,18.7624,73.3747,India,IN,Maharashtra,Lonoavale,3.44,1396310400000.0,1606348800000,73.3747000000001,18.7624000000001,2010-06-15 00:00:00+00:00,False,prox:37:146:4925
12344,Daily News and Analysis,http://www.dnaindia.com/india/report_j-and-k-highway-closed-for-traffic-for-second-day-due-to-landslides_1508148,3116,1297555200000.0, ,"Srinagar-Jammu Natl. Hwy., at Panthal, Srinagar, Jammu and Kashmir","Jammu-Srinagar National Highway, connecting Kashmir Valley to the outside world, remained closed for traffic for the second consecutive day following landslides at Panthal.  ""The highway is closed for traffic. There have been landslides at Panthal,"" an o","Srinagar-Jammu Natl. Hwy., at Panthal, Srinagar, Jammu and Kashmir",25km,landslide,rain,medium,above_road,0,0, , , ,GLC,3116,33.33875958,75.1921061,India,IN,Jammu and Kashmir,Gund,10.59,1410739200000.0,1606348800000,75.1921061,33.338759575,2011-02-13 00:00:00+00:00,False,prox:66:150:5006
12353,thehindu,http://www.thehindu.com/news/states/other-states/article562522.ece,2226,1281312000000.0,18:00,Kishtwār : One person was killed and seven others were injured in a landslide triggered by heavy rains in the remote area of Kishtwar district in Jam,"One person was killed and seven others were injured in a landslide triggered by heavy rains in the remote area of Kishtwar district in Jammu and Kashmir, officials said on Tuesday. After heavy rains, the landslide occurred at Massu, about 280 kms from Ja", ,5km,landslide,downpour,medium,unknown,1,0, , , ,GLC,2226,33.334,75.7627,India,IN,Jammu and Kashmir,Ariz,5.88,1396310400000.0,1606348800000,75.7627000000001,33.334,2010-08-09 00:00:00+00:00,False,prox:66:151:4943
12358,beacononline.wordpress,http://beacononline.wordpress.com/2009/09/20/darjeeling-hills-toytrain-joyride-hit-by-fresh-landslides-in-darjeeling/,1050,1246579200000.0, ,Darjeeling (between Tin Dharia and Rongtong),"The Darjeeling Himalayan Railway (DHR) run by Northeast Frontier Railway, has been off the tracks since July 3 after landslides tore away the two-foot-wide line in some parts at Tin Dharia and Rongtong, DHR Director Subrata Nath told UNI today.",Darjeeling (between Tin Dharia and Rongtong),10km,landslide,rain,medium,unknown,0,0, , , ,GLC,1050,26.87324244,88.29184021,India,IN,West Bengal,Kurseong,1.75,1396310400000.0,1606348800000,88.2918402080001,26.873242439,2009-07-03 00:00:00+00:00,False,prox:53:176:4809
12361,e-pao.net,http://e-pao.net/GP.asp?src=23..111010.oct10,2566,1286496000000.0, ,"Sahong, Tabu and Pani village under Tadubi police station of Senapati district, NH-39","Unable to negotiate muddy steep portions on NH-39, over 200 Imphal bound freight trucks including inter-state passenger buses coming from Dimapur side were stranded at Mao area, official reports received here said. A report from Mao police, confirming th","Sahong, Tabu and Pani village under Tadubi police station of Senapati district, NH-39",5km,mudslide,downpour,medium,unknown,0,0, , , ,GLC,2566,25.4769,94.1351,India,IN,Manipur,Sochumei,10.25,1396310400000.0,1606348800000,94.1351000000001,25.4769000000001,2010-10-08 00:00:00+00:00,False,prox:50:188:4963
12362,articles.timesofindia,http://articles.timesofindia.indiatimes.com/2011-09-27/kolkata/30207909_1_magnitude-earthquake-singamari-repair-work,3986,1316908800000.0, ,"Singamari, Darhelling, West Bengal","Just when the life of people in the Hills was are limping back to normalcy after the 6.8 magnitude earthquake shook the entire eastern India, a massive landslide devoured a 30-metre stretch of Lebong Cart Road late Sunday night, cutting off connectivity","Singamari, Darhelling, West Bengal",1km,landslide,downpour,medium,unknown,0,0, , , ,GLC,3986,27.0605,88.255,India,IN,West Bengal,Darjeeling,2.2,1396310400000.0,1606348800000,88.2550000000001,27.0605,2011-09-25 00:00:00+00:00,False,prox:54:176:5080
12393,ibnlive.in.com,http://ibnlive.in.com/news/bad-weather-continues-in-uttarakhand-three-people-die-in-landslides-wall-collapse/410397-3-243.html,5225,1374969600000.0, ,"Bhatwari Area Of Uttarkashi Districti, Uttarakhand","22-year-old police constable Gambhir Singh, on duty in Bhatwari area of Uttarkashi district, was killed yesterday after a boulder rolling down a hill hit him. He died while being flown to Dehradun for treatment.","Bhatwari Area Of Uttarkashi Districti, Uttarakhand",5km,mudslide,downpour,small,unknown,1,0, , , ,GLC,5225,30.819,78.6149,India,IN,Uttaranchal,Uttarkashi,19.27,1396310400000.0,1606348800000,78.6149,30.8190000000001,2013-07-28 00:00:00+00:00,False,prox:61:157:5304
12397,Tribune,http://www.tribuneindia.com/news/himachal/landslide-blocks-shimla-kalka-highway-thousands-stranded/122969.html,7726,1440201600000.0,04:00,Shimla-Kalka National Highway near Shoghi,Thousands of commuters were stranded on the Shimla-Kalka National Highway near Shoghi after a massive landslide blocked it this morning.,Shimla-Kalka National Highway near Shoghi,5km,landslide,downpour,medium,above_road,0,0, ,http://images.tribuneindia.com/cms/gall_content/2015/8/2015_8$largeimg22_Aug_2015_155107323.JPG, ,GLC,7726,31.0365,77.1213,India,IN,Himachal Pradesh,Simla,6.51,1464307200000.0,1606348800000,77.1213000000001,31.0365,2015-08-22 00:00:00+00:00,False,prox:62:154:5556
12400,ibnlive.in,http://ibnlive.in.com/generalnewsfeed/news/moderate-rains-lash-parts-of-himachal-pradesh/729520.html,3618,1308268800000.0, ,"Nathpa village, Kinnaur District, Himachal Pradesh",the Hindustan-Tibet highway was closed due to heavy landslide at Nathpa in Kinnaur district.Vehicular traffic has come to a standstill beyond Nathpa and people were crossing the landslide spot on foot. --Shimla: Rock slide due to heavy rains has cut of t,"Nathpa village, Kinnaur District, Himachal Pradesh",5km,landslide,downpour,medium,unknown,0,0, , , ,GLC,3618,31.5639,77.9798,India,IN,Himachal Pradesh,Sarahan,17.88,1396310400000.0,1606348800000,77.9798000000001,31.5639,2011-06-17 00:00:00+00:00,False,prox:63:155:5047
12413,nagalandpost,http://www.nagalandpost.com/ShowStory.aspx?npoststoryiden=UzEwMjg5OTY%3D-LvoR7D2GhjI%3D,2106,1279584000000.0, ,"road to Oting near Longlam village, 13 km from Tizit subdivision, Mon district, Nagaland","With the landslide washing away the only life line of Oting and Longlam villages under Mon district, the villagers are facing acute shortage of essential commodities for livelihood.  The landslide which affected about 200 meters long, occurred near Longl","road to Oting near Longlam village, 13 km from Tizit subdivision, Mon district, Nagaland",25km,landslide,downpour,medium,unknown,0,0, , , ,GLC,2106,26.8716,94.9921,India,IN,Nagaland,Mon,17.51,1396310400000.0,1606348800000,94.9921000000001,26.8716000000001,2010-07-20 00:00:00+00:00,False,prox:53:189:4936
12422,The Tribune,http://www.tribuneindia.com/news/himachal/woman-kids-die-in-theog-house-collapse/111662.html,7287,1437868800000.0, ,Chamba,"Heavy rain caused landslides blocking roads in interiors of Shimla, Chamba, Mandi and Kullu districts and over 100 roads in interior areas were blocked.",Chamba,5km,landslide,continuous_rain,small,above_road,0,0, , , ,GLC,7287,32.5606,76.1206,India,IN,Himachal Pradesh,Chamba,0.58,1437955200000.0,1606348800000,76.1206000000001,32.5606000000001,2015-07-26 00:00:00+00:00,False,prox:65:152:5547
12430,ibnlive.in.com,http://ibnlive.in.com/news/3-killed-in-rainrelated-incidents-as-heavy-showers-lash-hp/408192-3-254.html,5098,1373760000000.0, ,"Mehaskwal Village, Himachal Pradesh","Three persons were killed in rain-related incidents in Himachal Pradesh as incessant heavy showers wreaked havoc causing landslides at several places, blocking highways and damaging several houses. Sunia Devi of Mehaskwal village was washed away by lands","Mehaskwal Village, Himachal Pradesh",unknown,landslide,downpour,medium,unknown,1,0, , , ,GLC,5098,32.17,77.1788,India,IN,Himachal Pradesh,Shirir,11.76,1396310400000.0,1606348800000,77.1788000000001,32.1700000000001,2013-07-14 00:00:00+00:00,False,prox:64:154:5300
12432,The hindu.com,http://www.hindu.com/thehindu/holnus/004200708261441.htm,210,1188000000000.0, ,"Hattisurey in Kalimpong, on National Highway 31A","major landslide along road, closed for over 1 week, lifeline to Sikkim","Hattisurey in Kalimpong, on National Highway 31A",25km,landslide,rain,medium,unknown,0,0, , , ,GLC,210,27.0713,88.4308,India,IN,West Bengal,Kalimpong,4.69,1396310400000.0,1606348800000,88.4308,27.0713000000001,2007-08-25 00:00:00+00:00,False,prox:54:176:4583
12455,business-standard,http://www.business-standard.com/generalnews/news/heavy-rains-lash-some-partshp-triggering-landslides/47847/,4516,1345766400000.0, ,"Solan, Himachal Pradesh,","Heavy rains lashed some parts of Himachal Pradesh, triggering landslides at some places and leading to slight drop in maximum temperatures. Several link rooads in the interiors of Kangra, Mandi, Sirmaur and Solan districts were blocked due to landslides.","Solan, Himachal Pradesh,",5km,landslide,downpour,medium,unknown,0,0, , , ,GLC,4516,30.9044,77.0969,India,IN,Himachal Pradesh,Gannja,8.47,1396310400000.0,1606348800000,77.0969000000001,30.9044000000001,2012-08-24 00:00:00+00:00,False,prox:61:154:5192
12465,greaterkashmir,http://www.greaterkashmir.com/full_story.asp?Date=6_5_2008&ItemID=19&cat=21,523,1209945600000.0, ,Srinagar-Leh highway at Gomri,"disrupted traffic for several hours due to landslides, triggered by heavy rains at Gomri",Srinagar-Leh highway at Gomri,50km,landslide,downpour,medium,unknown,0,0, , , ,GLC,523,33.9513,74.9845,India,IN,Jammu and Kashmir,Awantipura,4.85,1396310400000.0,1606348800000,74.9845000000001,33.9513000000001,2008-05-05 00:00:00+00:00,False,prox:67:149:4668
12468,The Indian Express,http://indianexpress.com/article/india/india-news-india/rains-throw-normal-life-out-of-gear-accidents-kill-4-persons-in-jammu-2960170/,9476,1470528000000.0, ,Doda-Kishtwar road,"The Doda-Kishtwar road, which was closed due to landslides, was also restored in the evening. However, vehicles on both the Jammu-Srinagar and Batote-Doda-Kishtwar highways was moving at snail’s pace as both the roads had become slippery at various pla",Doda-Kishtwar road,25km,landslide,continuous_rain,medium,above_road,0,0, , , ,GLC,9476,33.1457,75.7964,India,IN,Jammu and Kashmir,Khandhot,6.1,1471824000000.0,1606348800000,75.7964000000001,33.1457,2016-08-07 00:00:00+00:00,False,prox:66:151:5673
12473,e-pao,http://www.e-pao.net/GP.asp?src=8..080711.jul11,3741,1309996800000.0, ,Maram (80 km north of Imphal),"Imphal, July 07 2011: More than 100 stranded loaded trucks are waiting their turn to drive down towards Imphal at the landslide hit Maram bazar, 80km north of Imphal, while an equal number of empty trucks lining up on the other side of the NH 39, to move",Maram (80 km north of Imphal),5km,landslide,rain,medium,unknown,0,0, , , ,GLC,3741,25.4191,94.1079,India,IN,Manipur,Sochumei,14.53,1396310400000.0,1606348800000,94.1079000000001,25.4191000000001,2011-07-07 00:00:00+00:00,False,prox:50:188:5054
12490,ibnlive.in.com,http://ibnlive.in.com/news/jammusrinagar-highway-reopens-after-two-days/414825-3-245.html,5328,1376438400000.0, ,"Ramban District, Kashmir",Jammu-Srinagar national highway was reopened on Friday for vehicular traffic after remaining closed for two days due to landslides triggered by heavy rains in Ramban and Udhampur districts of the state. The 300-km long highway was reopened for vehicular,"Ramban District, Kashmir",50km,landslide,downpour,medium,unknown,0,0, , , ,GLC,5328,33.3018,75.1793,India,IN,Jammu and Kashmir,Gund,14.79,1396310400000.0,1606348800000,75.1793000000001,33.3018000000001,2013-08-14 00:00:00+00:00,False,prox:66:150:5310
12491,Ani News,http://www.aninews.in/videogallery2/40588-rishikesh-badrinath-highway-closed-due-to-landslide-in-rudraprayag.html,7273,1437868800000.0, ,"Sirobagad, Rishikesh-Badrinath highway","The yatra to the Badrinath, Kedarnath and Hemkund Sahib was disrupted after Rishikesh-Badrinath highway was closed due to landslides triggered by heavy rains in Rudraprayag's Sirobagad.","Sirobagad, Rishikesh-Badrinath highway",5km,landslide,continuous_rain,medium,above_road,0,0, , , ,GLC,7273,30.2411,78.9014,India,IN,Uttaranchal,Srinagar,6.84,1437955200000.0,1606348800000,78.9014000000001,30.2411000000001,2015-07-26 00:00:00+00:00,False,prox:60:157:5547
12495,E-PAO,http://e-pao.net/GP.asp?src=7..290611.jun11,3662,1309219200000.0, ,"Ikou-Gangpijang road, near: Ikou, Saikul, and Gangpijang; Imphal India","June 28 2011: Ikou-Gangpijang road, development work of which was left incomplete following some disputes in awarding the contract, has been disconnected following landslide.  Consequent upon the landslide, passenger buses travelling from Imphal could no","Ikou-Gangpijang road, near: Ikou, Saikul, and Gangpijang; Imphal India",25km,landslide,rain,medium,below_road,0,0, , , ,GLC,3662,25.03561729,94.0144205,India,IN,Manipur,Kalapahar,10.9,1396310400000.0,1606348800000,94.014420499,25.035617291,2011-06-28 00:00:00+00:00,False,prox:50:188:5051
12513,Newkerala,http://www.newkerala.com/oct.php?action=fullnews&id=7498,285,1191024000000.0, ,"National Highway, 45 Aizwal (Mizoram)","unsure of exact day, landslides blocked road somewhere in province","National Highway, 45 Aizwal (Mizoram)",50km,landslide,rain,medium,unknown,0,0, , , ,GLC,285,24.1293,92.6921,India,IN,Mizoram,Lung Chhuan,13.95,1396310400000.0,1606348800000,92.6921,24.1293000000001,2007-09-29 00:00:00+00:00,False,prox:48:185:4595
12523,rttnews,http://www.rttnews.com/ArticleView.aspx?Id=758386&SMap=1,869,1225238400000.0, ,North Lakhimpur,"flooding and landslides, Floods and landslides caused by heavy rains over the last three days have killed at least seven people and displaced thousands more in the northeastern states of India",North Lakhimpur,50km,landslide,downpour,medium,unknown,0,0, , , ,GLC,869,27.2333,94.1167,India,IN,Assam,North Lakhimpur,1.23,1396310400000.0,1606348800000,94.1167,27.2333,2008-10-29 00:00:00+00:00,False,prox:54:188:4727
12541,sify.com,http://sify.com/news/landslides-flash-floods-damage-roads-in-uttarakhand-news-national-kjxruecgidd.html,2478,1284940800000.0, ,"roads around Uttarkashi, Uttarakhand","Dehradun, Sep 23 (IANS) Widespread landslides and flash floods triggered by last week's torrential rains in Uttarakhand have cut off large parts of the Himalayan state and left hundreds of tourists and pilgrims stranded, including on the Mansarovar route","roads around Uttarkashi, Uttarakhand",25km,landslide,downpour,medium,unknown,0,0, , , ,GLC,2478,30.7332,78.4401,India,IN,Uttaranchal,Uttarkashi,0.02,1396310400000.0,1606348800000,78.4401,30.7332000000001,2010-09-20 00:00:00+00:00,False,prox:61:156:4957
12546,ANI News,http://www.aninews.in/videogallery8/27814-thousands-left-homeless-as-landslide-ravages-poonch-in-kashmir.html,6339,1409961600000.0, ,Thanmandi area of Rajouri,"A major landslide in Poonch district of Kashmir trapped many and rendered thousands homeless. The landslide, attributed to heavy rains, has disconnected the area from the rest of the state and is posing a major threat to relief and rescue operations. Ind",Thanmandi area of Rajouri,5km,landslide,downpour,medium,unknown,13,0, ,http://www.aninews.in/contentimages/detail/landslide88.jpg, ,GLC,6339,33.5405,74.3723,India,IN,Jammu and Kashmir,Rajaori,18.64,1415232000000.0,1606348800000,74.3723000000001,33.5405000000001,2014-09-06 00:00:00+00:00,False,prox:67:148:5439
12557,kndu,http://www.kndu.com/global/story.asp?s=11474651,1291,1257724800000.0, ,"Ooty and Coonoor, Tamil Nadu","NEW DELHI (AP) - A landslide triggered by torrential seasonal rains swept through a hilly region in southern India, killing at least 42 people, an official said Tuesday.  The landslide demolished nearly 300 tin-roofed mud huts Monday in the Ooty and Coon","Ooty and Coonoor, Tamil Nadu",25km,landslide,downpour,medium,unknown,42,0, , , ,GLC,1291,11.4098,76.6939,India,IN,Tamil Nadu,Ootacamund,0.27,1396310400000.0,1606348800000,76.6939,11.4098000000001,2009-11-09 00:00:00+00:00,False,prox:22:153:4852
12564,gsi.gov,"http://www.portal.gsi.gov.in/portal/page?_pageid=127,875814&_dad=portal&_schema=PORTAL",2165,1280361600000.0, ,"Shakthinagar, Mangalore","As per media report torrential rains on 29th July 2010 triggered a landslide at Shakthinagar, Mangalore. The landslide damaged a house and injured one person.","Shakthinagar, Mangalore",10km,landslide,downpour,medium,unknown,0,0, , , ,GLC,2165,12.896,74.8735,India,IN,Karnataka,Mangalore,4.46,1396310400000.0,1606348800000,74.8735,12.8960000000001,2010-07-29 00:00:00+00:00,False,prox:25:149:4939
12565,Times of India,http://timesofindia.indiatimes.com/city/shimla/Flood-fears-loom-large-as-boulders-block-Satluj-flow/articleshow/52878409.cms,8860,1466121600000.0, ,"Urni, Satluj river, Kinnaur district, Himachal Pradesh, India","Estimated date. Even as falling boulders from a mountain have partially blocked the flow of Satluj river at Urni in Kinnaur district resulting into the formation of an artificial lake and posing threat to around Rs 4 crore bridge on the river, the Nation","Urni, Satluj river, Kinnaur district, Himachal Pradesh, India",1km,rock_fall,monsoon,large,above_river,0,0, , , ,GLC,8860,31.5124,78.1181,India,IN,Himachal Pradesh,Oling,4.27,1467936000000.0,1606348800000,78.1181000000001,31.5124,2016-06-17 00:00:00+00:00,False,prox:63:156:5656
12572,ibnlive.in,http://ibnlive.in.com/generalnewsfeed/news/landslides-suspend-chardham-yatra/786379.html,3895,1312675200000.0, ,"The Rishikesh-Gangotri national highway, Sainj","Dehradun, Aug 12 (PTI) The Chardham yatra comprising pilgrimage to four Himalayan shrines of Badrinath, Kedarnath, Gangotri and Yamunotri came to a halt today due to landslides following rains, a day after it had resumed.The Rishikesh-Gangotri national h","The Rishikesh-Gangotri national highway, Sainj",5km,landslide,rain,medium,unknown,0,0, , , ,GLC,3895,31.0766,77.3913,India,IN,Himachal Pradesh,Gannja,25.52,1396310400000.0,1606348800000,77.3913000000001,31.0766,2011-08-07 00:00:00+00:00,False,prox:62:154:5064
12576,ibnlive.in.com,http://ibnlive.in.com/news/uttarakhand-floods-landslides-leave-40-dead-over-60000-stranded/399619-3.html,4936,1371427200000.0, ,"Rambara District, Uttarakhand","The Dehradun Met department says the state capital received a record 340 mm of rainfall on Monday and the Met department has forecast more heavy rains in the next 24 hours. Several roads, including the National Highway 24, have been blocked to avoid any","Rambara District, Uttarakhand",1km,landslide,downpour,large,unknown,13,0, , , ,GLC,4936,30.6945,79.0544,India,IN,Uttaranchal,Gaundar,14.65,1396310400000.0,1606348800000,79.0544,30.6945000000001,2013-06-17 00:00:00+00:00,False,prox:61:158:5291
12584,Tribune,http://www.tribuneindia.com/news/himachal/landslides-block-dharamsala-road/119012.html,7676,1439337600000.0,09:00,Dharamsala-Kangra state highway,The second major landslide occurred about five kilometers from Dharamsala. An entire portion of hill that was weakened due to illegal cutting of mountains slid down on the road. The PWD authorities had cleared boulders from the road till the afternoon bu,Dharamsala-Kangra state highway,10km,landslide,monsoon,medium,above_road,0,0, ,http://images.tribuneindia.com/cms/gall_content/2015/8/2015_8$largeimg12_Aug_2015_232043600.jpg, ,GLC,7676,32.1764,76.3075,India,IN,Himachal Pradesh,Dharmsala,5.06,1462492800000.0,1606348800000,76.3075000000001,32.1764000000001,2015-08-12 00:00:00+00:00,False,prox:64:152:5553
12585,E-PAO,http://e-pao.net/GP.asp?src=21..020815.aug15,7369,1438387200000.0, ,between Chalong and Paraolon,Two landslides between Chalong to Paraolon,between Chalong and Paraolon,10km,landslide,continuous_rain,medium,above_road,0,0, , , ,GLC,7369,24.1988,94.1016,India,IN,Manipur,Jun,18.35,1450051200000.0,1606348800000,94.1016000000001,24.1988000000001,2015-08-01 00:00:00+00:00,False,prox:48:188:5549
12587,rediff,http://www.rediff.com/news/2008/aug/11kota.htm,706,1218326400000.0, ,"Gaiparnath Mahadev temple, foothills of Chambal ravines",30 steps of the serpentine stairway over river Chambal collapsed yesterday after a landslide and heavy rains,"Gaiparnath Mahadev temple, foothills of Chambal ravines",50km,landslide,rain,medium,unknown,2,0, , , ,GLC,706,25.08,75.72,India,IN,Rajasthan,Kharipur,6.52,1396310400000.0,1606348800000,75.7200000000001,25.08,2008-08-10 00:00:00+00:00,False,prox:50:151:4700
12593,e-pao,http://www.e-pao.net/GP.asp?src=15..240511.may11,3525,1306022400000.0, ,"Kaiphundai(?)-Tousem(in Assam) road, Tamenglong district, Manipur","May 23 2011: Heavy rainfall caused landslides at three different places along Kaiphundai-Tousem road, the only lifeline of the villagers of restive Tousem Sub-Division of Tamenglong district.  The landslides occurred between New Mandeu and Mandeu village","Kaiphundai(?)-Tousem(in Assam) road, Tamenglong district, Manipur",25km,landslide,downpour,medium,unknown,0,0, , , ,GLC,3525,25.0672,93.4093,India,IN,Manipur,Brail Range,3.31,1396310400000.0,1606348800000,93.4093000000001,25.0672000000001,2011-05-22 00:00:00+00:00,False,prox:50:186:5038
12594,www.nagalandpost.com,http://www.nagalandpost.com/ChannelNews/State/StateNews.aspx?news=TkVXUzEwMDA0MjY4Nw%3D%3D-bSp8jh3okxw%3D,5271,1375574400000.0, ,"Nanga, Nagaland","Incessant torrential rain, which began Sunday at around 11.30 p.m. has completely cut off Suruhuto town from the rest of the state. In a press release, NGZPMC joint secretary Hotoshe Sema said all three links connecting Zunheboto, Mokokchung and Tuensang","Nanga, Nagaland",5km,landslide,continuous_rain,medium,unknown,0,0, , , ,GLC,5271,26.284,94.5808,India,IN,Nagaland,Nagaland,9.49,1396310400000.0,1606348800000,94.5808000000001,26.284,2013-08-04 00:00:00+00:00,False,prox:52:189:5307
12595,IBN,http://ibnlive.in.com/news/heavy-rain-landslide-wreak-havoc-on-central-travancore/283183-60-116.html,4486,1345161600000.0, ,"Chonamala, Periyamata, Vellampatta","Around seven persons were injured in a landslide that occurred at Pullupara, near Peruvanthanam in Idukki. Another landside wreaked havoc at Chonamala, Periyamala, Vellampatta and Palomala in Thalanad, and Karikad in Theekkoy panchayat.","Chonamala, Periyamata, Vellampatta",unknown,landslide,downpour,medium,unknown,0,0, , , ,GLC,4486,9.7285,76.803,India,IN,Kerala,Ramaouram,17.83,1452297600000.0,1606348800000,76.8030000000001,9.72850000000005,2012-08-17 00:00:00+00:00,False,prox:19:153:5189
12601,The Sangai Express,http://www.thesangaiexpress.com/page/items/54212/massive-landslide-along-maram-peren-road-downpour-creates-havoc-in-different-parts,7263,1437523200000.0, ,"15 kms from Maram, National Highway-102/A (Maram Peren road)",Reports collected from different areas of the district said that massive landslide along the newly christened National Highway-102/A (Maram Peren road) has totally cut off villages in Willong and Yangkhullen circle. Sources specified of major landslides,"15 kms from Maram, National Highway-102/A (Maram Peren road)",1km,landslide,continuous_rain,medium,above_road,0,0, , , ,GLC,7263,25.4477,94.0489,India,IN,Manipur,Sochumei,19.21,1437609600000.0,1606348800000,94.0489000000001,25.4477,2015-07-22 00:00:00+00:00,False,prox:50:188:5546
12604,e-pao,http://www.e-pao.net/GP.asp?src=27..280810.aug10,2344,1282867200000.0,16:00,"NH-53 at Nungba police station, Kambirong(?), Manipur","Imphal, August 27 2010: The state was cut off from the rest of the country as landslides triggered by torrential rains blocked both NH-39 and 53.The disturbances on the highways are amidst the extended 25-day economic blockade imposed by UNC which entere","NH-53 at Nungba police station, Kambirong(?), Manipur",5km,landslide,downpour,medium,unknown,0,0, , , ,GLC,2344,24.7505,93.4221,India,IN,Manipur,Sempang,10.95,1396310400000.0,1606348800000,93.4221000000001,24.7505,2010-08-27 00:00:00+00:00,False,prox:49:186:4949
12607,daijiworld,http://www.daijiworld.com/news/news_disp.asp?n_id=86992&n_tit=Mangalore%3A+Train+Services+to+Bangalore+Resume,2537,1286064000000.0, ,"Channarāyapatna : The train services between the city and Bangalore, which were disrupted due to the landslide between Yedakumeri and Siribagilu stat","The train services between the city and Bangalore, which were disrupted due to the landslide between Yedakumeri and Siribagilu stations on Sunday, resumed on Monday October 4. The train to Bangalore from here did not begin its journey because of the said", ,unknown,landslide,rain,medium,unknown,0,0, , , ,GLC,2537,12.9711,76.2728,India,IN,Karnataka,Channarayapatna,14.08,1396310400000.0,1606348800000,76.2728000000001,12.9711,2010-10-03 00:00:00+00:00,False,prox:25:152:4961
12608,gsi.gov,"http://www.portal.gsi.gov.in/portal/page?_pageid=127,875814&_dad=portal&_schema=PORTAL",2227,1281312000000.0, ,"Nirgaddu about 4 km from Tapovan on Rishikesh - Badrinath route, Uttarakhand",As per media report landslides triggered by heavy rainfall on 9th August 2010 near Nirgaddu about 4 km from Tapovan on Rishikesh - Badrinath route blocked the highway for 6 hours.,"Nirgaddu about 4 km from Tapovan on Rishikesh - Badrinath route, Uttarakhand",50km,landslide,downpour,medium,unknown,0,0, , , ,GLC,2227,30.6463,79.5306,India,IN,Uttaranchal,Joshimath,9.76,1396310400000.0,1606348800000,79.5306,30.6463000000001,2010-08-09 00:00:00+00:00,False,prox:61:159:4943
12609,Times of India,http://timesofindia.indiatimes.com/city/dehradun/150-Kedarnath-devotees-stranded-after-rain-triggers-landslide-in-Gaurikund/articleshow/42290299.cms,6341,1410393600000.0, ,Gaurikund-Kedarnath pedestrian trek,Over 150 devotees on their way to Kedarnath and back were stuck on Thursday after 34 km long Gaurikund-Kedarnath pedestrian trek came to a grinding halt owing to landslide triggered by heavy rains near Gaurikund in the Rudraprayag district. Most of the s,Gaurikund-Kedarnath pedestrian trek,10km,landslide,downpour,medium,above_road,0,0, , , ,GLC,6341,30.688,79.0478,India,IN,Uttaranchal,Gaundar,14.69,1415059200000.0,1606348800000,79.0478000000001,30.688,2014-09-11 00:00:00+00:00,False,prox:61:158:5441
12617,news.in,http://news.in.msn.com/national/article.aspx?cp-documentid=5187654,3559,1306800000000.0,18:00,"Chhatanga(?) village on Rishikesh-Yamunotri highway, Uttarkashi","Dehra Dun, Jun 1 (PTI) A man was killed in landslides triggered by rains in Uttarkashi as light to moderate rains lashed most parts of Uttarakhand today bringing cold conditions in the hill state.  The rains triggered landslides at Chhatanga village in U","Chhatanga(?) village on Rishikesh-Yamunotri highway, Uttarkashi",50km,landslide,rain,medium,unknown,1,0, , , ,GLC,3559,30.4783,78.2741,India,IN,Uttaranchal,Chham,9.11,1396310400000.0,1606348800000,78.2741,30.4783,2011-05-31 00:00:00+00:00,False,prox:60:156:5041
12632,timesofindia.indiatimes,http://timesofindia.indiatimes.com/Landslides-snap-road-links-in-Dibang-Valley/articleshow/12601499.cms,4313,1333843200000.0, ,"Endulin Nallah, Mayodia, 17-camp, 83-camp","ITANAGAR: Surface communication to Dibang Valley district in Arunachal Pradesh is cut off for the past few days following landslides at various locations of the Anini-Roing Road. Heavy landsides occurred at many locations, including Endulin Nallah, Mayod","Endulin Nallah, Mayodia, 17-camp, 83-camp",50km,landslide,downpour,medium,unknown,0,0, , , ,GLC,4313,28.4659,95.86,India,IN,Arunachal Pradesh,Ipilin,18.55,1396310400000.0,1606348800000,95.8600000000001,28.4659,2012-04-08 00:00:00+00:00,False,prox:56:191:5146
12638,deccanchronicle,http://www.deccanchronicle.com/hyderabad/landslide-occurs-twice-3-weeks-788,2439,1284681600000.0,09:00,"Indrakeeladri ghat rd, Vijayawada, Andhra Pradesh","Landslide occurs twice in 3 weeks  Sept. 17: For the second time in three weeks, landslides occurred on the Indrakeeladri ghat road. The incident took place at 9 am on Friday.  A landslide had occurred on August 26 as well. The iron mesh arranged along t","Indrakeeladri ghat rd, Vijayawada, Andhra Pradesh",1km,landslide,downpour,medium,unknown,0,0, , , ,GLC,2439,16.5141,80.6055,India,IN,Andhra Pradesh,Vijayawada,2.74,1396310400000.0,1606348800000,80.6055000000001,16.5141,2010-09-17 00:00:00+00:00,False,prox:33:161:4956
12642,articles.timesofindia,http://articles.timesofindia.indiatimes.com/2012-07-04/guwahati/32536229_1_massive-landslides-landslide-hit-road-blockade,4435,1340582400000.0, ,"Tirap , Arunachal Pradesh",Landslides triggered by torrential rain have snapped road communication in Tirap district of Arunachal Pradesh for the past several days.,"Tirap , Arunachal Pradesh",10km,landslide,downpour,large,unknown,0,0, , , ,GLC,4435,27.174,95.8011,India,IN,Arunachal Pradesh,Yaman,15.53,1396310400000.0,1606348800000,95.8011000000001,27.174,2012-06-25 00:00:00+00:00,False,prox:54:191:5172
12652,timesofindia.indiatimes,http://timesofindia.indiatimes.com/city/mumbai/Landslide-in-Konkan-after-heavy-rains/articleshow/6239774.cms,2177,1280448000000.0, ,"Amboli ghat in Sindhdurg, Konkan","Heavy rains in Konkan  led to a massive landslide  in the Amboli ghat in Sindhdurg, isolating the area from Kolhapur and Belgaum. Two rivers in the region are flowing above the danger levels. Traffic on the Mumbai-Goa highway came to a halt for a few hou","Amboli ghat in Sindhdurg, Konkan",5km,landslide,downpour,medium,unknown,0,0, , , ,GLC,2177,15.949,73.9667,India,IN,Maharashtra,Savantvadi,17.13,1396310400000.0,1606348800000,73.9667000000001,15.9490000000001,2010-07-30 00:00:00+00:00,False,prox:31:147:4940
12666,Business Standard,http://www.business-standard.com/article/pti-stories/communication-to-tezu-snapped-due-to-landslide-114051000401_1.html,6015,1399507200000.0, ,Lohit District of Arunachal Pradesh,Landslides triggered by the first monsoon spell have snapped surface communication to Tezu in Lohit district of Arunachal Pradesh. The headquarters town of Tezu was cut off from rest of the state following massive landslides due to incessant rain in the,Lohit District of Arunachal Pradesh,1km,mudslide,rain,medium,above_road,0,0, , , ,GLC,6015,27.9032,96.174,India,IN,Arunachal Pradesh,Te-ju,1.19,1408838400000.0,1606348800000,96.174,27.9032,2014-05-08 00:00:00+00:00,False,prox:55:192:5399
12671,greaterkashmir,http://www.greaterkashmir.com/news/2010/Oct/14/doda-kishtwar-road-closed-hundreds-stranded-44.asp,2594,1286841600000.0,18:00,"Kulgadi, Doda-Kishtwar highway (NH-1B)","Thatri, Oct 13: Hundreds of passengers have been stranded on Doda-Kishtwar highway (NH-1B) as the road remained closed for the vehicular movement on the second consecutive day on Wednesday. Entire Kishtwar district was cut off from rest of the state, las","Kulgadi, Doda-Kishtwar highway (NH-1B)",25km,landslide,downpour,medium,unknown,0,0, , , ,GLC,2594,33.1847,75.8062,India,IN,Jammu and Kashmir,Shandero,3.57,1396310400000.0,1606348800000,75.8062,33.1847000000001,2010-10-12 00:00:00+00:00,False,prox:66:151:4964
12674,The hindu.com, ,237,1189036800000.0, ,Pithoragarh,"wiped out village, swept three houses away and buried everyone",Pithoragarh,25km,landslide,rain,large,unknown,0,0, , , ,GLC,237,29.5833,80.2167,India,IN,Uttaranchal,Pithoragarh,0.83,1396310400000.0,1606348800000,80.2167000000001,29.5833000000001,2007-09-06 00:00:00+00:00,False,prox:59:160:4587
12686,ICL, ,73,1178582400000.0, ,"Jammu-Srinagar hwy, Samarouli in Ramban district",hwy remains closed,"Jammu-Srinagar hwy, Samarouli in Ramban district",50km,landslide,rain,medium,unknown,0,0, , , ,GLC,73,33.242,75.231,India,IN,Jammu and Kashmir,Chaunkri,19.88,1396310400000.0,1606348800000,75.2310000000001,33.2420000000001,2007-05-08 00:00:00+00:00,False,prox:66:150:4547
12690,assamtribune,http://www.assamtribune.com/scripts/detailsnew.asp?id=jul3011/oth05,3840,1311552000000.0, ,Manipur,"Manipur road links restored Sobhapati Samom  IMPHAL, July 29 – Road links to Manipur, which remained cut off from the rest of the country since the last three days following heavy landslides on the National Highways, has been re-opened on Thursday.  Ho",Manipur,50km,landslide,downpour,medium,unknown,0,0, , , ,GLC,3840,24.6869,93.9157,India,IN,Manipur,Imphal,8.42,1396310400000.0,1606348800000,93.9157000000001,24.6869,2011-07-25 00:00:00+00:00,False,prox:49:187:5060
12699,hindustantimes,http://www.hindustantimes.com/Punjab/Chandigarh/Incessant-rains-trigger-landslide-disrupts-normal-life-in-Kashmir/SP-Article1-921169.aspx,4523,1346198400000.0, ,"Poonch, Kashmir","Incessant rain triggered a landslide in Poonch district of Jammu and Kashmir, damaging an old mosque and disrupting normal life in the region. The roads in the area were also damaged due to continuous downpour. Speaking to reporters, Mushtaq Ahmed, a res","Poonch, Kashmir",5km,landslide,downpour,medium,unknown,0,0, , , ,GLC,4523,33.775,74.0934,India,IN,Jammu and Kashmir,Punch,0.13,1396310400000.0,1606348800000,74.0934,33.775,2012-08-29 00:00:00+00:00,False,prox:67:148:5193
12702,ibnlive.in,http://ibnlive.in.com/generalnewsfeed/news/rains-lash-ukhand-landslides-block-roads/754140.html,3759,1310342400000.0, ,Highways leading to Badrinath and Gangotri,"Dehra Dun, Jul 11 (PTI) Fresh landslides triggered by rains in Uttarakhand today blocked national highways leading to Badrinath and Gangotri. The landslides blocked Rishikesh-Badrinath national highway at Karnprayag area in Chamoli district and Rishikesh",Highways leading to Badrinath and Gangotri,50km,landslide,downpour,medium,unknown,0,0, , , ,GLC,3759,30.506,79.1127,India,IN,Uttaranchal,Gaundar,12.57,1396310400000.0,1606348800000,79.1127000000001,30.506,2011-07-11 00:00:00+00:00,False,prox:61:158:5055
12707,dnaindia,http://www.dnaindia.com/india/report_one-dead-road-and-rail-communication-disrupted-due-to-rains-in-assam_1450237,2575,1286582400000.0, ,"road between Haflong and Lanka, Assam","Road communication, too, has been disrupted in the district with the road connecting Haflong and Lanka severely damaged, sources said.","road between Haflong and Lanka, Assam",50km,landslide,downpour,medium,unknown,0,0, , , ,GLC,2575,25.5242,92.9914,India,IN,Assam,Amring,29.82,1396310400000.0,1606348800000,92.9914000000001,25.5242000000001,2010-10-09 00:00:00+00:00,False,prox:51:185:4963
12712,ptinews,http://www.ptinews.com/news/540115_Two-die-in-landslide-near-Vaishno-Devi-cave-shrine,1526,1267142400000.0,23:00,"Hathi Matha, between Katra and Vaishno Devi cave shrine in Trikuta hills, Reasi District","Two pilgrims on way to Vaishno Devi cave shrine died in a landslide triggered by rains in Reasi district, police said today.  As the pilgrims were proceeding towards the cave shrine in Trikuta hills from Katra base camp, they were hit by falling boulders","Hathi Matha, between Katra and Vaishno Devi cave shrine in Trikuta hills, Reasi District",5km,landslide,downpour,medium,unknown,2,0, , , ,GLC,1526,33.0097,74.9402,India,IN,Jammu and Kashmir,Riasi,13.26,1396310400000.0,1606348800000,74.9402000000001,33.0097000000001,2010-02-26 00:00:00+00:00,False,prox:66:149:4888
12717,Indian Express,http://indianexpress.com/article/india/india-news-india/rains-throw-normal-life-out-of-gear-accidents-kill-4-persons-in-jammu-2960170/,9478,1470528000000.0, ,Kathua,"Various link roads in Udhampur, Reasi, Doda and Kathua districts were blocked due to landslides triggered by rains.",Kathua,5km,landslide,continuous_rain,medium,above_road,0,0, , , ,GLC,9478,32.4298,75.5807,India,IN,Jammu and Kashmir,Madhopur,7.39,1471910400000.0,1606348800000,75.5807,32.4298000000001,2016-08-07 00:00:00+00:00,False,prox:64:151:5673
12727,www.indiablooms.com,http://www.indiablooms.com/NewsDetailsPage/2013/newsDetails240613d.php,4978,1372032000000.0, ,"Rishikesh-Uttarkashi Route, Uttarakhand","According to reports, two minor landslides occurred between the Rudraprayag and Guptkashi road on Monday morning. A third minor landslide was reported from the Rishikesh-Uttarkashi route. At present, the areas are being cleared with the help of bulldozer","Rishikesh-Uttarkashi Route, Uttarakhand",50km,debris_flow,downpour,medium,unknown,0,0, , , ,GLC,4978,30.4542,78.3911,India,IN,Uttaranchal,Chham,8.56,1396310400000.0,1606348800000,78.3911000000001,30.4542000000001,2013-06-24 00:00:00+00:00,False,prox:60:156:5293
12739,assamtribune,http://www.assamtribune.com/scripts/detailsnew.asp?id=jun2511/oth05,3643,1308787200000.0,23:00,Villages surrounding the West Sikkim district of,June 24 – Sixteen people perished in three separate landslides which hit villages surrounding the West Sikkim district headquarters at Gyalshing. All three landslides took place at around 11.30 pm last night. Fourteen people were buried alive when roll,Villages surrounding the West Sikkim district of,5km,landslide,downpour,large,unknown,16,0, , , ,GLC,3643,27.2879,88.2579,India,IN,Sikkim,Tista,18.67,1396310400000.0,1606348800000,88.2579000000001,27.2879,2011-06-23 00:00:00+00:00,False,prox:54:176:5049
12746,sciencythoughts.blogspot.com,http://sciencythoughts.blogspot.com/2013/08/five-injured-in-uttarakhand-landslide.html,5410,1377648000000.0,18:00,Haridwar In Uttarakhand Province,"Five members of the same family, including three women, were injured when a house partially collapsed in a landslide at Haridwar in Uttarakhand Province, India, in the evening of Wednesday 28 August 2013. The incident comes following months of heavy rain",Haridwar In Uttarakhand Province,25km,landslide,downpour,medium,unknown,0,5, , , ,GLC,5410,29.9531,78.1514,India,IN,Uttaranchal,Jwalapur,5.22,1396310400000.0,1606348800000,78.1514000000001,29.9531000000001,2013-08-28 00:00:00+00:00,False,prox:59:156:5315
12747,India Today,http://indiatoday.intoday.in/story/landslide-in-manipur-near-myanmar-border-kills-21/1/455645.html,7385,1438387200000.0, ,"Holenjang, Chandel district","Another village Holenjang, which is 15km away from Joumol is also hit by landslide but due to non-motorable road rescue teams were yet to reach this area till late Saturday evening.","Holenjang, Chandel district",10km,landslide,continuous_rain,medium,unknown,0,0, ,http://www.e-pao.org/galleries/images/News_Related/2015/08/Hollenjang_20150813.jpg, ,GLC,7385,24.004,93.9815,India,IN,Manipur,Jun,19.75,1462492800000.0,1606348800000,93.9815,24.0040000000001,2015-08-01 00:00:00+00:00,False,prox:48:187:5549
12753,morungexpress,http://www.morungexpress.com/local/67492.html,3663,1309219200000.0, ,"Ruzapfu valley, Kikruma Village, Phek District, Nagaland","Kikruma | June 28 : Following the heavy down-pour of incessant monsoon rain for the last few weeks, paddy fields belonging to six families at Ruzapfu valley, Kikruma Village under Phek District have submerged under overflowing streams. The relentless rai","Ruzapfu valley, Kikruma Village, Phek District, Nagaland",50km,landslide,downpour,medium,unknown,0,0, , , ,GLC,3663,25.6682,94.1099,India,IN,Nagaland,Naga Hills,19.5,1396310400000.0,1606348800000,94.1099,25.6682000000001,2011-06-28 00:00:00+00:00,False,prox:51:188:5051
12756,onmanora,http://english.manoramaonline.com/news/just-in/cloudburst-strikes-jk-15-killed-as-unabated-rains-lash-north.html,7158,1436572800000.0, ,"Srinigar-Jammu Highway, Gangroo, Udhampur",Landslide at several places along highway; unspecific; highway closed,"Srinigar-Jammu Highway, Gangroo, Udhampur",5km,landslide,continuous_rain,medium,above_road,0,0, , , ,GLC,7158,32.9262,75.1447,India,IN,Jammu and Kashmir,Udhampur,1.51,1436745600000.0,1606348800000,75.1447000000001,32.9262,2015-07-11 00:00:00+00:00,False,prox:65:150:5542
12776,gsi.gov,"http://www.portal.gsi.gov.in/portal/page?_pageid=127,875814&_dad=portal&_schema=PORTAL",1775,1271808000000.0, ,Arunachal Pradesh,"As per PTI report at least 12 people have died in Arunachal Pradesh due to landslides triggered by heavy rains on 21st April 2010. Landslides have cut off road links at Lohit, Upper Siang, Dibang Valley, Anjan and East Kameng districts.",Arunachal Pradesh,unknown,landslide,downpour,medium,unknown,12,0, , , ,GLC,1775,27.8965,96.1779,India,IN,Arunachal Pradesh,Te-ju,2.03,1396310400000.0,1606348800000,96.1779000000001,27.8965,2010-04-21 00:00:00+00:00,False,prox:55:192:4906
12778,The Times of India,http://timesofindia.indiatimes.com/city/dehradun/Heavy-rains-lash-Ukhand-landslides-traffic-disruptions-reported-across-state/articleshow/48035142.cms,7161,1436572800000.0, ,Sirobagad area of Rudraprayag,Heavy landslides in the Sirobagad area of Rudraprayag resulted in vehicular movement coming to a standstill.,Sirobagad area of Rudraprayag,5km,landslide,continuous_rain,medium,unknown,0,0, , , ,GLC,7161,30.241,78.9,India,IN,Uttaranchal,Srinagar,6.7,1436745600000.0,1606348800000,78.9,30.241,2015-07-11 00:00:00+00:00,False,prox:60:157:5542
12779,monstersandcritics,http://www.monstersandcritics.com/news/southasia/news/article_1585977.php/Two-army-officers-killed-in-landslide-in-northern-India,2454,1284854400000.0,18:00,"near Mt. Kamet and Ghastoli village, near Mana pass, Chamoli district, Uttarakhand","Two Indian Army officers of a mountaineering team were killed when a snow avalanche hit their camp in Uttarakhand where torrential rains and landslides have left 66 people dead since Sunday, an official said on Tuesday. The dead army officers, Lt. Col. P","near Mt. Kamet and Ghastoli village, near Mana pass, Chamoli district, Uttarakhand",10km,landslide,downpour,medium,unknown,2,0, , , ,GLC,2454,30.9013,79.5322,India,IN,Uttaranchal,Saraswati,17.87,1396310400000.0,1606348800000,79.5322000000001,30.9013,2010-09-19 00:00:00+00:00,False,prox:61:159:4957
12794,Telegraph,https://www.telegraphindia.com/1090817/jsp/siliguri/story_11368309.jsp,1094,1250380800000.0,21:00,"Katare village, 80 km from Kalimpong","In Katare village, about 80km from Kalimpong, a landslide brought down the house of Nima Tshering Lepcha at 9.30 last night, burying alive three-year-old Samuel. Nima’s two other children had a narrow escape.","Katare village, 80 km from Kalimpong",exact,landslide,downpour,medium,deforested_slope,1,0, , , ,GLC,1094,27.15977181,88.63411246,India,IN,West Bengal,Kalimpong,18.16,1396310400000.0,1606348800000,88.6341124560001,27.159771807,2009-08-16 00:00:00+00:00,False,prox:54:177:4824
12808,hindu,http://www.hindu.com/2010/07/30/stories/2010073063780100.htm,2161,1280361600000.0, ,"Uttarkāshi : Landslips, triggered by heavy rain, blocked two key highways connecting Rishikesh, Gangotri and Badrinath in Uttarakhand on Thursday, le","Landslips, triggered by heavy rain, blocked two key highways connecting Rishikesh, Gangotri and Badrinath in Uttarakhand on Thursday, leaving hundreds of people stranded. The landslips occurred on the Rishikesh-Gangotri National Highway at Nalupani in Ut", ,10km,landslide,downpour,medium,unknown,0,0, , , ,GLC,2161,30.7467,78.4517,India,IN,Uttaranchal,Uttarkashi,1.89,1396310400000.0,1606348800000,78.4517000000001,30.7467,2010-07-29 00:00:00+00:00,False,prox:61:156:4939
12815,indiavision,http://www.indiavision.com/news/article/national/67832/1/print/,1995,1276646400000.0, ,Tripi (Tirpai?) road of Upper Gumfa area in Kalimpong,"Siliguri, (IANS) At least three people were killed Thursday when a landslide destroyed a house in West Bengal's Darjeeling district, police said. The incident occurred on the Tripi road of Upper Gumfa area in Kalimpong. The dead were identified as Surekh",Tripi (Tirpai?) road of Upper Gumfa area in Kalimpong,10km,landslide,rain,medium,unknown,3,0, , , ,GLC,1995,27.0765,88.4808,India,IN,West Bengal,Kalimpong,0.39,1396310400000.0,1606348800000,88.4808,27.0765000000001,2010-06-16 00:00:00+00:00,False,prox:54:176:4925
12821,Tribune India,http://www.tribuneindia.com/news/uttarakhand/mussoorie-tehri-road-closed-for-8-hours/266939.html,9002,1468627200000.0,15:00,"Mussoorie-Tehri bypass, near Landour, Uttarakhand, India",The Mussoorie-Tehri bypass was shut for nearly eight hours due to landslip near Landour Civil Hospital. Two tourist vehicles were also stuck in the landslip. Locals vented their ire at the PWD that responded late causing great deal of inconvenience to to,"Mussoorie-Tehri bypass, near Landour, Uttarakhand, India",5km,debris_flow,downpour,medium,above_road,0,0, ,http://images.tribuneindia.com/cms/gall_content/2016/7/2016_7$largeimg16_Saturday_2016_231334684.jpg, ,GLC,9002,30.4554,78.0973,India,IN,Uttaranchal,Mussorie,2.63,1468800000000.0,1606348800000,78.0973000000001,30.4554000000001,2016-07-16 00:00:00+00:00,False,prox:60:156:5666
12828,indianexpress,http://www.indianexpress.com/news/Rains--landslides-disrupt-Amarnath-Yatra-again/812403/,3708,1309651200000.0, ,South of Kashmir,"The Amarnath Yatra was temporarily suspended on Sunday because of the inclement weather and landslides along the yatra route. And as the Met office has predicted more rains in the valley, more interruptions in the annual pilgrimage are likely.  This is f",South of Kashmir,unknown,landslide,downpour,medium,unknown,0,0, , , ,GLC,3708,34.1491,76.826,India,IN,Jammu and Kashmir,Longzaling,6.87,1396310400000.0,1606348800000,76.8260000000001,34.1491,2011-07-03 00:00:00+00:00,False,prox:68:153:5052
12830,United Nations Development Programme - Relief Web,http://www.reliefweb.int/rw/RWB.NSF/db900SID/MCON-74J2QF?OpenDocument,98,1182729600000.0, ,Karimnagar,10 deaths reported b/w Karimnagar and Kurnool,Karimnagar,25km,landslide,rain,medium,unknown,10,0, , , ,GLC,98,18.431,79.1492,India,IN,Telangana,Karimnagar,1.13,1396310400000.0,1606348800000,79.1492000000001,18.431,2007-06-25 00:00:00+00:00,False,prox:36:158:4563
12834,articles.timesofindia,http://articles.timesofindia.indiatimes.com/2011-08-10/rajkot/29871537_1_heavy-rainfall-assistant-commandant-crpf,3902,1312848000000.0, ,"Mount Abu, Harna Hanuman temple","Landslide at Mt Abu after heavy rains TNN Aug 10, 2011, 11.39am IST  OUNT ABU/ PALANPUR: Heavy downpour at Mount Abu triggered off a landslide at Harna Hanuman temple on Tuesday morning blocking the Mount Abu road which connects the hill station with the","Mount Abu, Harna Hanuman temple",5km,landslide,downpour,medium,unknown,0,0, , , ,GLC,3902,24.5958,72.7169,India,IN,Rajasthan,Abu Road,13.89,1396310400000.0,1606348800000,72.7169000000001,24.5958000000001,2011-08-09 00:00:00+00:00,False,prox:49:145:5065
12835,Tribune,http://www.tribuneindia.com/news/himachal/landslides-block-dharamsala-road/119012.html,7678,1439251200000.0,23:00,Himachal Pradesh School Education Board,Landslides blocked Dharamsala-Kangra state highway this morning. A landslide occurred on Himachal Pradesh School Education Board building after heavy rains yesterday night.,Himachal Pradesh School Education Board,1km,landslide,rain,medium,above_road,0,0, , , ,GLC,7678,32.1967,76.3194,India,IN,Himachal Pradesh,Dharmsala,2.69,1462492800000.0,1606348800000,76.3194,32.1967000000001,2015-08-11 00:00:00+00:00,False,prox:64:152:5552
12837,www.kashmirtimes.in,http://www.kashmirtimes.in/newsdet.aspx?q=21471,5332,1376438400000.0, ,Khanater Village Near Poonch,A report from Poonch said that three members of a family were buried alive in a house collapse when the house was hit by a landslide in village Sanjiote today. They have been identified as 32-year old Shamima Akhtar wife of Mohammed Yunus and her two chi,Khanater Village Near Poonch,50km,landslide,downpour,medium,unknown,0,0, , , ,GLC,5332,33.7705,74.0967,India,IN,Jammu and Kashmir,Punch,0.66,1396310400000.0,1606348800000,74.0967000000001,33.7705,2013-08-14 00:00:00+00:00,False,prox:67:148:5310
12841,Nagaland Post,http://www.nagalandpost.com/channelnews/state/StateNews.aspx?news=TkVXUzEwMDA4MjI0OA%3D%3D,6990,1435104000000.0, ,"New Land (""New Colony"")","Incessant rain and heavy downpour took its toll, in the form of huge landslide which destroyed several houses, properties and road connectivity affecting the normal and regular life of the residents here in New Colony, Zunheboto.","New Land (""New Colony"")",5km,landslide,continuous_rain,medium,above_road,0,0, , , ,GLC,6990,26.0319,94.5466,India,IN,Nagaland,Yezami,4.0,1435276800000.0,1606348800000,94.5466000000001,26.0319000000001,2015-06-24 00:00:00+00:00,False,prox:52:189:5536
12843,voiceofsikkim.com,http://voiceofsikkim.com/2010/04/18/rains-trigger-major-landslide-at-pani-house/,1755,1271462400000.0,15:00,"Natl. Highway 31-A at Pani House(?), Gangtok","Much ahead of the Monsoon, Gangtok is already reeling under the ipact of incessant rains and resultant landslides.  The Gangtok traffic came to a stand still when a major landslide hit the road at Pani House this afternoon. The highway was blocked for se","Natl. Highway 31-A at Pani House(?), Gangtok",5km,landslide,downpour,small,unknown,0,0, , , ,GLC,1755,27.3341,88.6083,India,IN,Sikkim,Tista,16.66,1396310400000.0,1606348800000,88.6083,27.3341,2010-04-17 00:00:00+00:00,False,prox:54:177:4905
12847,NDTV,http://www.ndtv.com/india-news/another-major-landslide-at-mumbai-pune-expressway-reports-1204794,7596,1438905600000.0,03:00,Adoshi tunnel,A landslide occurred at the Mumbai-Pune Expressway in the early hours today.,Adoshi tunnel,5km,rock_fall,continuous_rain,small,above_road,0,0, ,http://i.ndtvimg.com/i/2015-08/landslide_650x400_71438929765.jpg, ,GLC,7596,18.7631,73.347,India,IN,Maharashtra,Lonoavale,6.17,1458777600000.0,1606348800000,73.347,18.7631000000001,2015-08-07 00:00:00+00:00,False,prox:37:146:5551
12852,ibnlive.in,http://ibnlive.in.com/generalnewsfeed/news/two-killed-as-heavy-rains-lash-uttarakhand/759890.html,3820,1311206400000.0, ,"Garhwal, Uttarakhand","Dehradun, July 21 (PTI) Two persons were killed and five injured in Uttarakhand, where incessant rains triggered landslides in Garhwal and Kumaon region, blocking several routes and disrupted normal life.Scores of pilgrims were stranded as the debris fro","Garhwal, Uttarakhand",25km,landslide,rain,medium,unknown,1,0, , , ,GLC,3820,30.1665,78.1123,India,IN,Uttaranchal,Dehradun,6.45,1396310400000.0,1606348800000,78.1123000000001,30.1665,2011-07-21 00:00:00+00:00,False,prox:60:156:5058
12864,Times of India,http://timesofindia.indiatimes.com/city/surat/Landslide-in-Valsad-village-no-casualties/articleshow/40670951.cms,6539,1408492800000.0,18:00,Korwad village of Dharampur taluka in Valsad district,"A landslide at Korwad village of Dharampur taluka in Valsad district on Wednesday evening blocked the interior road of the hamlet. However, there were no casualties in the incident, district collector Vikrant Pandey said.",Korwad village of Dharampur taluka in Valsad district,25km,landslide,rain,medium,unknown,0,0, , , ,GLC,6539,20.5349,73.1703,India,IN,Gujarat,Dharampur,0.07,1418688000000.0,1606348800000,73.1703000000001,20.5349,2014-08-20 00:00:00+00:00,False,prox:41:146:5434
12866,Greater Kashmir,http://aboutkashmir.com/news/2015/Apr/4/weather-improves-but-highway-remains-closed-53.asp,7178,1428019200000.0, ,"Reshi Mohalla, Tangmarg",There was no loss of life but the landslide damaged a cowshed completely,"Reshi Mohalla, Tangmarg",10km,landslide,continuous_rain,small,other,0,0, , , ,GLC,7178,34.0604,74.4203,India,IN,Jammu and Kashmir,Gulmarg,2.9,1436745600000.0,1606348800000,74.4203000000001,34.0604000000001,2015-04-03 00:00:00+00:00,False,prox:68:148:5509
12871,tribuneindia,http://www.tribuneindia.com/2008/20080815/himachal.htm#1,715,1218672000000.0, ,"Shimla, Mandi, Solan and Sirmaur districts",received between 50-100 mm of rainfall in 24 hours,"Shimla, Mandi, Solan and Sirmaur districts",unknown,complex,monsoon,medium,unknown,0,0, , , ,GLC,715,31.0,77.12,India,IN,Himachal Pradesh,Gannja,7.86,1396310400000.0,1606348800000,77.1200000000001,31.0000000000001,2008-08-14 00:00:00+00:00,False,prox:62:154:4701
12883,Assam Tribune,http://www.assamtribune.com/scripts/detailsnew.asp?id=sep2414/at051,6283,1411344000000.0, ,Dakhingaon,"Flash flood and landslides continued to cause devastation in Guwahati for the second day today with the death toll due to landslip rising to four. Two persons died in two separate incidents of landslides in Lalmati and Dakhingaon, whereas a woman was inj",Dakhingaon,1km,landslide,rain,small,unknown,0,0, , , ,GLC,6283,26.1314,91.7548,India,IN,Assam,Gauhati,5.83,1413849600000.0,1606348800000,91.7548,26.1314,2014-09-22 00:00:00+00:00,False,prox:52:183:5445
12892,dnaindia,http://www.dnaindia.com/india/report_rains-hit-normal-life-in-uttarakhand_1426128,2291,1282262400000.0, ,"Ranachatti(?), route to Yamunotri, Garwhal division, Uttarakhand","Friday, Aug 20, 2010, 15:19 IST   Incessant rains continued to lash Uttarakhand triggering landslides and most of the rivers flowing at danger level today.  Meanwhile, landslides occurred at a few places in Garhwal Himalayas due to heavy rains in at Badr","Ranachatti(?), route to Yamunotri, Garwhal division, Uttarakhand",10km,landslide,downpour,medium,unknown,0,0, , , ,GLC,2291,30.966,78.4151,India,IN,Uttaranchal,Phetari,25.74,1396310400000.0,1606348800000,78.4151000000001,30.9660000000001,2010-08-20 00:00:00+00:00,False,prox:61:156:4947
12903,thaindian,http://www.thaindian.com/newsportal/enviornment/landslides-in-kozhikode-after-heavy-rain_100255752.html,1213,1254528000000.0, ,"Puddipadi, Kozhikode, Kerala","Heavy rain lashing Kerala’s Kozhikode district for the past two days led to landslides at half a dozen places here Saturday. Revenue officials said that though there has been no loss of life, damage to crops and houses have been reported at places like","Puddipadi, Kozhikode, Kerala",10km,landslide,downpour,medium,unknown,0,0, , , ,GLC,1213,11.4816,75.9957,India,IN,Kerala,Meppadi,18.37,1396310400000.0,1606348800000,75.9957000000001,11.4816000000001,2009-10-03 00:00:00+00:00,False,prox:22:151:4840
12906,thestatesman.net,http://www.thestatesman.net/page.news.php?clid=10&theme=&usrsess=1&id=169578,260,1189468800000.0, ,"National Highway 31A, between Singtam and Rangpo","occurred in afternoon, slide was 40 m long, disrupted traffic","National Highway 31A, between Singtam and Rangpo",5km,debris_flow,rain,medium,unknown,0,0, , , ,GLC,260,27.2084,88.4909,India,IN,Sikkim,Tista,14.59,1396310400000.0,1606348800000,88.4909000000001,27.2084,2007-09-11 00:00:00+00:00,False,prox:54:176:4589
12908,www.deccanchronicle.com,http://www.deccanchronicle.com/130806/news-current-affairs/article/special-landslides-rain-havoc-kerala,5282,1375660800000.0, ,"Maniyarankudy, Kerala","as also Thankachan M. (56), in another incident at Maniyarankudy.","Maniyarankudy, Kerala",5km,landslide,monsoon,medium,unknown,1,0, , , ,GLC,5282,9.8957,76.9346,India,IN,Kerala,Devikolam,26.45,1396310400000.0,1606348800000,76.9346,9.89570000000003,2013-08-05 00:00:00+00:00,False,prox:19:153:5307
12922,ndtv,http://www.ndtv.com/article/india/four-die-in-landslides-in-uttarakhand-gangotri-rishikesh-highway-blocked-256310,4481,1345161600000.0, ,"Chamoli, Uttarakhand","Four persons were killed and two others injured following heavy landslides in the Karanprayag area of Chamoli district on Friday. The four persons were travelling in a jeep when it was buried under the landslides in the area, District Magistrate SA Murug","Chamoli, Uttarakhand",5km,landslide,downpour,medium,unknown,4,0, , , ,GLC,4481,30.6594,79.5605,India,IN,Uttaranchal,Saraswati,10.64,1396310400000.0,1606348800000,79.5605000000001,30.6594000000001,2012-08-17 00:00:00+00:00,False,prox:61:159:5189
12929,Hindustan Times,http://www.hindustantimes.com/india-news/sinking-sliding-land-in-budgam-triggers-migration/article1-1332899.aspx,6933,1427673600000.0, ,Three houses had sunk,Three houses had sunk in Khansahib area.,Khansahib,10km,landslide,continuous_rain,medium,unknown,0,0, , , ,GLC,6933,33.9344,74.6566,India,IN,Jammu and Kashmir,Srinagar,12.45,1432684800000.0,1606348800000,74.6566000000001,33.9344,2015-03-30 00:00:00+00:00,False,prox:67:149:5508
12938,articles.timesofindia,http://articles.timesofindia.indiatimes.com/2011-08-13/india/29883655_1_manali-leh-highway-heavy-snowfall-chandigarh-manali-national-highway,3917,1313193600000.0,09:00,"Manali-Leh highway, Rohtang pass",multiple landslides cause by heavy rain and snow. One killed in Aut and one in Mandi by being hit by rocks.  Highway damaged,"Manali-Leh highway, Rohtang pass",5km,landslide,downpour,medium,unknown,2,0, , , ,GLC,3917,31.7077,76.9313,India,IN,Himachal Pradesh,Mandi,0.86,1396310400000.0,1606348800000,76.9313000000001,31.7077,2011-08-13 00:00:00+00:00,False,prox:63:153:5066
12947,www.indiatvnews.com,http://www.indiatvnews.com/news/india/eight-tribals-die-in-landslide-after-heavy-rains-in-maharashtra-28381.html,5554,1380067200000.0,07:00,"Taloda, Nandurbar, Maharashtra",Eight persons died  when big stone boulders fell on a tribal family's hut inside a forest in Taloda tehsil of Nandurbar district this morning due to landslide during heavy rains. Among those dead are four children and four adults. It was raining heavily,"Taloda, Nandurbar, Maharashtra",unknown,rock_fall,downpour,medium,unknown,8,0, , , ,GLC,5554,21.6989,74.172,India,IN,Maharashtra,Taloda,15.87,1396310400000.0,1606348800000,74.1720000000001,21.6989,2013-09-25 00:00:00+00:00,False,prox:43:148:5324
12960,www.deccanchronicle.com,http://www.deccanchronicle.com/130806/news-current-affairs/article/special-landslides-rain-havoc-kerala,5284,1375660800000.0, ,"Nairpara, Kerala","In another landslip at nearby Nairpara, Annamma, 60, wife of Poulose, of Perumamthadathil, died when mud and rock fell on her house.","Nairpara, Kerala",unknown,landslide,monsoon,medium,unknown,1,0, , , ,GLC,5284,10.3228,76.4319,India,IN,Kerala,Kaladi,17.2,1396310400000.0,1606348800000,76.4319,10.3228,2013-08-05 00:00:00+00:00,False,prox:20:152:5307
12967,www.thehindubusinessline.com,http://www.thehindubusinessline.com/news/states/landslides-disrupt-vehicular-movement-on-nh29/article4912110.ece,5087,1373587200000.0, ,"National Highway 29 Near Phesama Village, Nagaland","A large number of vehicles were stranded on National Highway-29 near Phesama village in Nagaland following landslides triggered by rain, official sources said on Saturday. The highway connecting Nagaland and Manipur was badly damaged along a 200m stretch","National Highway 29 Near Phesama Village, Nagaland",10km,landslide,downpour,medium,unknown,0,0, , , ,GLC,5087,25.6269,94.1139,India,IN,Nagaland,Sochumei,20.62,1396310400000.0,1606348800000,94.1139000000001,25.6269,2013-07-12 00:00:00+00:00,False,prox:51:188:5299
12969,Assam Tribune,http://www.assamtribune.com/scripts/detailsnew.asp?id=sep2414/at051,6288,1411344000000.0, ,Noonmati,"On the other hand, several incidents of landslides were reported from Dhirenpara, Koinadhara, Gorhchuk, Noonmati and Pamohi.",Noonmati,5km,landslide,rain,small,unknown,0,0, , , ,GLC,6288,26.1985,91.7998,India,IN,Assam,Gauhati,5.04,1413849600000.0,1606348800000,91.7998000000001,26.1985,2014-09-22 00:00:00+00:00,False,prox:52:183:5445
12976,articles.timesofindia,http://articles.timesofindia.indiatimes.com/2011-06-16/racing/29664705_1_endurance-category-ultimate-mysore,3614,1308182400000.0, ,Munjur near Mettupalayam,"Meanwhile, stages for both cars and bikes in the 'Ultimate' category were cancelled following landslide after rainfall at Munjur near Mettupalayam.",Munjur near Mettupalayam,25km,landslide,rain,medium,unknown,0,0, , , ,GLC,3614,11.2993,76.9354,India,IN,Tamil Nadu,Mettupalaiyam,0.05,1396310400000.0,1606348800000,76.9354000000001,11.2993000000001,2011-06-16 00:00:00+00:00,False,prox:22:153:5047
12982,in.reuters,http://in.reuters.com/article/topNews/idINIndia-42219120090904,1133,1251936000000.0,23:00,"Saki Naka in Andheri area, Mumbai suburb/slum (Sakinaka is around 23 miles (35 kilometers) from downtown Mumbai)","heavy rains sent rocks and mud from a hill crashing into a slum late on Thursday. Around 20 tin-roofed shanties were buried under mud and rocks after a heavy downpour forced a nearby hillside to collapse late Thursday night in Sakinaka, a northeast Mumba","Saki Naka in Andheri area, Mumbai suburb/slum (Sakinaka is around 23 miles (35 kilometers) from downtown Mumbai)",10km,mudslide,downpour,large,unknown,12,0, , , ,GLC,1133,19.0949,72.8899,India,IN,Maharashtra,Bombay,2.43,1396310400000.0,1606348800000,72.8899000000001,19.0949,2009-09-03 00:00:00+00:00,False,prox:38:145:4830
12995,www.thehindubusinessline.com,http://www.thehindubusinessline.com/news/rains-trigger-cloudburst-landslides-in-uttarakhand/article4948408.ece,5182,1374624000000.0, ,"Thirpak, Uttarakhand",The rains also triggered landslides in Tefna and Tirfaq villages due to which several houses collapsed.,"Thirpak, Uttarakhand",5km,landslide,downpour,medium,unknown,0,0, , , ,GLC,5182,30.301,79.3628,India,IN,Uttaranchal,Langsu,8.54,1396310400000.0,1606348800000,79.3628,30.301,2013-07-24 00:00:00+00:00,False,prox:60:158:5303
12999,Times of India,http://timesofindia.indiatimes.com/city/dehradun/Valley-of-Flowers-shut-till-Aug-7-after-landslide-traps-86-trekkers/articleshow/53563403.cms,9449,1470268800000.0, ,Valley of Flowers near Badrinath, ,Valley of Flowers near Badrinath,5km,debris_flow,continuous_rain,medium,above_road,0,0, , , ,GLC,9449,30.7386,79.4954,India,IN,Uttaranchal,Saraswati,0.91,1470700800000.0,1606348800000,79.4954000000001,30.7386000000001,2016-08-04 00:00:00+00:00,False,prox:61:158:5672
13008,Indian Express,http://indianexpress.com/article/india/india-news-india/five-pilgrims-injured-after-landslide-in-uttarakhand-2946279/,9258,1469923200000.0, ,"Janki Chatti, Uttarakhand, India","Five persons were on Sunday injured following a landslide in Rudraprayag district of Uttarakhand where incessant rain led to blocking of several roads including the routes for the Chardham yatra. According to the State Emergency Operations Centre (SEOC),","Janki Chatti, Uttarakhand, India",1km,landslide,continuous_rain,medium,above_road,0,5, ,http://images.indianexpress.com/2016/07/pti7_22_2016_000250b_kuma759.jpg, ,GLC,9258,30.9753,78.4375,India,IN,Uttaranchal,Purali,25.96,1470009600000.0,1606348800000,78.4375000000001,30.9753,2016-07-31 00:00:00+00:00,False,prox:61:156:5671
13010,articles.timesofindia,http://articles.timesofindia.indiatimes.com/2011-07-02/mangalore/29729961_1_landslide-road-traffic,3696,1309564800000.0,18:00,"National Highway 66, connecting Kerala and Karnataka","MANGALORE: Traffic on the National Highway 66, connecting Kerala and Karnataka, was disrupted for nearly an hour following a landslide at Padupanambur in Mulky near here on Saturday.  Vehicles from both sides were stranded as the road was completely bloc","National Highway 66, connecting Kerala and Karnataka",unknown,landslide,rain,small,unknown,0,0, , , ,GLC,3696,13.1819,76.1147,India,IN,Karnataka,Hassan,19.47,1396310400000.0,1606348800000,76.1147000000001,13.1819000000001,2011-07-02 00:00:00+00:00,False,prox:26:152:5052
13019,ibnlive.in.com,http://ibnlive.in.com/news/jammusrinagar-highway-reopens-after-two-days/414825-3-245.html,5329,1376438400000.0, ,"Samroli, Udhampur District, Kashmir",Jammu-Srinagar national highway was reopened on Friday for vehicular traffic after remaining closed for two days due to landslides triggered by heavy rains in Ramban and Udhampur districts of the state. The 300-km long highway was reopened for vehicular,"Samroli, Udhampur District, Kashmir",10km,landslide,downpour,medium,unknown,0,0, , , ,GLC,5329,32.9913,75.1915,India,IN,Jammu and Kashmir,Udhampur,9.81,1396310400000.0,1606348800000,75.1915000000001,32.9913,2013-08-14 00:00:00+00:00,False,prox:65:150:5310
13022,Asian Age,http://www.asianage.com/mumbai/heavy-rain-lashes-mumbai-mudslide-disrupts-central-railway-464,9257,1469923200000.0,11:00,"Parsik/ Nutan Tunnel on Central rail, near Diva, Mumbai, India",Heavy rain once again brought Mumbai to a halt on Sunday. Central Railway (CR) services witnessed major disruptions after a mudslide at Nutan tunnel near Diva and Kalwa caused slow trains in both directions to be cancelled for a full two hours. The fast,"Parsik/ Nutan Tunnel on Central rail, near Diva, Mumbai, India",1km,mudslide,downpour,medium,above_road,0,0, , , ,GLC,9257,19.1869,73.02,India,IN,Maharashtra,Dombivli,7.14,1470009600000.0,1606348800000,73.02,19.1869,2016-07-31 00:00:00+00:00,False,prox:38:146:5671
13023,articles.timesofindia,http://articles.timesofindia.indiatimes.com/2011-03-07/india/28665223_1_manali-landslides-kullu-manali-traffic,3174,1299283200000.0, ,"Kullu-Manali rd, Himachal Pradesh","Traffic on the Kullu-Manali section of Chandigarh-Manali National Highway, which was blocked following landslides on Saturday, has been restored after 21-hour hard work. A public work department ( PWD) official confirmed that the traffic was restored aro","Kullu-Manali rd, Himachal Pradesh",25km,landslide,downpour,medium,unknown,0,0, , , ,GLC,3174,32.0996,77.1586,India,IN,Himachal Pradesh,Shirir,4.5,1396310400000.0,1606348800000,77.1586,32.0996000000001,2011-03-05 00:00:00+00:00,False,prox:64:154:5012
13036,www.thehindu.com,http://www.thehindu.com/news/cities/Kochi/all-quiet-at-cheeyappara-falls-but-landslip-threat-looms-large/article5110181.ece,5278,1375660800000.0,09:00,"Cheeyappara Waterfalls, Ernakulam, Kerala","The otherwise lively site of Cheeyappara waterfalls on the Kochi-Dhanushkodi national highway is eerily quiet. On August 6, tragedy struck the tourist spot when a landslide shook the region and claimed three lives. A month later, the memories remain, and","Cheeyappara Waterfalls, Ernakulam, Kerala",1km,mudslide,monsoon,medium,unknown,5,0, , , ,GLC,5278,10.0539,76.8298,India,IN,Kerala,Muvattupula,29.21,1396310400000.0,1606348800000,76.8298,10.0539000000001,2013-08-05 00:00:00+00:00,False,prox:20:153:5307
13038,Indian Express,http://indianexpress.com/article/india/india-news-india/jk-landslide-triggered-by-rain-kills-five/,9678,1458172800000.0, ,Batote-Doda national highway,"Apart from landslides at Khelani, there were also reports of shooting stones from various places along the Batote-Doda road, making the authorities suspend vehicular traffic from both sides.",Batote-Doda national highway,25km,landslide,continuous_rain,medium,above_road,0,0, , , ,GLC, ,33.13296295,75.43929097,India,IN,Jammu and Kashmir,Doda,10.18,,1606348800000,75.4392909680001,33.1329629530001,2016-03-17 00:00:00+00:00,False,prox:66:150:5625
13043,news.oneindia,http://news.oneindia.in/2010/06/12/sikkimcut-off-from-west-bengal-due-to-massivelandslide.html,1963,1276214400000.0, ,"near Sevok(Sevoke), Highway 31A to Sikkimand Kalimpong, Hatisura(?), Darjeeling","Sevoke (West Bengal), June 12 (ANI): Sikkim was cut off from West Bengal after landslides blocked National Highway 31 A on Friday.  The landslide occurred at Hatisura under Kurseong police station as rocks and boulders accompanied by mud came down the hi","near Sevok(Sevoke), Highway 31A to Sikkimand Kalimpong, Hatisura(?), Darjeeling",10km,landslide,downpour,medium,unknown,0,0,1 hour of rain, , ,GLC,1963,26.944,88.4441,India,IN,West Bengal,Kalimpong,14.79,1396310400000.0,1606348800000,88.4441,26.9440000000001,2010-06-11 00:00:00+00:00,False,named:1 hour of rain
13059,E-PAO,http://e-pao.net/GP.asp?src=Snipp16..250715.jul15,7279,1437696000000.0, ,Tamenglong Ward No-IV,"Due to incessant rainfalls in the last few days, a huge mudslide occurred on Friday which destroyed a garage along with a Bolero jeep and other belongings of one Namthiurai Daimei of Tamenglong Ward No-IV.",Tamenglong Ward No-IV,50km,mudslide,monsoon,medium,other,0,0, , , ,GLC,7279,24.9818,93.5142,India,IN,Manipur,Brail Range,11.04,1439337600000.0,1606348800000,93.5142000000001,24.9818000000001,2015-07-24 00:00:00+00:00,False,prox:49:187:5546
13063,articles.timesofindia,http://articles.timesofindia.indiatimes.com/2011-03-23/guwahati/29178165_1_road-links-rainfall-source,3269,1300752000000.0, ,"road from other districts to Hawai(Tawai?) which is  on Lojit river, near Hayuliang,  Anjaw district, Arunachal Pradesh","Mar 23, 2011, 11.15pm IST  ITANAGAR: Floods triggered by incessant rainfall for the last couple of days have snapped road links in several districts of Arunachal Pradesh. The water-level of Lohit and Dehing river have increased by two meters, posing thre","road from other districts to Hawai(Tawai?) which is  on Lojit river, near Hayuliang,  Anjaw district, Arunachal Pradesh",10km,landslide,downpour,medium,unknown,0,0, , , ,GLC,3269,28.0791,96.5242,India,IN,Arunachal Pradesh,Hayuliang,1.37,1470182400000.0,1606348800000,96.5242000000001,28.0791,2011-03-22 00:00:00+00:00,False,prox:56:193:5018
13097,Hindustan Times,http://www.hindustantimes.com/punjab/jandk/4-more-bodies-retrieved-from-mudslide/article1-1270692.aspx,6225,1410048000000.0, ,Saddal village in Pancheri block,"Earlier, only 13 bodies were recovered from the debris as the operation to retrieve other 27 missing persons was suspended since removing the heavy boulders was not possible manually, while the machinery could not be taken to the site due to absence of a",Saddal village in Pancheri block,25km,mudslide,downpour,medium,unknown,41,0, ,http://daylifeimages.newscred.com/imageserve/e1821451dd16b40a39af757c7a3ec0f8/650x.jpg, ,GLC,6225,33.0677,75.1466,India,IN,Jammu and Kashmir,Chaunkri,14.66,1419379200000.0,1606348800000,75.1466,33.0677000000001,2014-09-07 00:00:00+00:00,False,prox:66:150:5440
13099,Indian Express,http://indianexpress.com/article/india/india-news-india/west-bengal-rains-landslips-affect-life-in-north-of-state-3079833/,9603,1476230400000.0, ,Mirik,Another road also collapsed near Mirik in the district.,Mirik,10km,landslide,downpour,medium,below_road,0,0, , , ,GLC,9603,26.8861,88.1704,India,IN,West Bengal,Kurseong,10.79,1476748800000.0,1606348800000,88.1704000000001,26.8861,2016-10-12 00:00:00+00:00,False,prox:53:176:5695
13111,The Tribune,http://www.tribuneindia.com/news/himachal/woman-kids-die-in-theog-house-collapse/111662.html,7289,1437868800000.0, ,Mandi,"Heavy rain caused landslides blocking roads in interiors of Shimla, Chamba, Mandi and Kullu districts and over 100 roads in interior areas were blocked.",Mandi,5km,landslide,continuous_rain,small,above_road,0,0, , , ,GLC,7289,31.7085,76.9297,India,IN,Himachal Pradesh,Mandi,0.99,1437955200000.0,1606348800000,76.9297000000001,31.7085000000001,2015-07-26 00:00:00+00:00,False,prox:63:153:5547
13113,Liveleak.com,http://www.liveleak.com/view?i=6f2_1188615914&c=1,93,1181692800000.0, ,"Indira Bypass, Amdo Golai","on-duty policeman injured, road blocked by rocks causing closure","Indira Bypass, Amdo Golai",25km,landslide,rain,small,unknown,0,0, , , ,GLC,93,26.7324,88.4089,India,IN,West Bengal,Siliguri,2.11,1396310400000.0,1606348800000,88.4089000000001,26.7324,2007-06-13 00:00:00+00:00,False,prox:53:176:4559
13117,indiablooms,http://www.indiablooms.com/NewsDetailsPage/newsDetails170810t.php,2261,1282003200000.0,08:00,"Hatisur(?), Sevok(Sevoke), Kalimpong sub-division, NH 31A between Siliguri and Gangtok, Sikkim","Sikkim on Tuesday was cut off from the rest of the country following landslides on the main artery, 31A National Highway, linking Gangtok and West Bengal's Siliguri town.  Border Roads Organisation (BRO) officials said the link between Gangtok and Siligu","Hatisur(?), Sevok(Sevoke), Kalimpong sub-division, NH 31A between Siliguri and Gangtok, Sikkim",10km,landslide,downpour,medium,unknown,0,0, , , ,GLC,2261,26.9435,88.4445,India,IN,West Bengal,Kalimpong,14.84,1396310400000.0,1606348800000,88.4445000000001,26.9435,2010-08-17 00:00:00+00:00,False,prox:53:176:4946
13122,www.himvani.com,http://www.himvani.com/news/2013/08/29/devastating-landslide-tirah-lines-dharamshala/23355,5290,1375833600000.0,03:00,"Tirah Lines Which Is Almost 5 Kms From Dharamshala, Himachal Pradesh","ItÕs almost three weeks now when due to heavy rainfall, fifteen army houses were razed to ground and over a dozen houses were badly damaged as a massive landslide triggered the area. The houses were mainly of ex-servicemen. The incident took place at Ti","Tirah Lines Which Is Almost 5 Kms From Dharamshala, Himachal Pradesh",5km,landslide,downpour,medium,unknown,0,0, , , ,GLC,5290,32.2322,76.3037,India,IN,Himachal Pradesh,Dharmsala,1.9,1396310400000.0,1606348800000,76.3037,32.2322,2013-08-07 00:00:00+00:00,False,prox:64:152:5308
13124,The Times of India,http://timesofindia.indiatimes.com/city/pune/Midnight-landslide-flattens-trust-office-at-Karla-temple/articleshow/47777801.cms,6973,1434844800000.0,00:00,"Ekvira Devi temple, Karla near Khandala","Navnath Deshmukh, treasurer of the Ekvira Devi temple trust told TOI that the landslide took place following heavy rains in the area. ""Huge boulders fell on the office of the trust near the temple,"" he said. He said the office was completely destroyed...","Ekvira Devi temple, Karla near Khandala",exact,landslide,continuous_rain,small,natural_slope,0,0, , , ,GLC,6973,18.7833,73.4703,India,IN,Maharashtra,Lonoavale,8.15,1435190400000.0,1606348800000,73.4703000000001,18.7833,2015-06-21 00:00:00+00:00,False,prox:37:146:5535
13136,thestatesman.net,http://www.thestatesman.net/page.arcview.php?clid=10&id=195422&usrsess=1,218,1188345600000.0, ,"Ghayabari-Tindharia on National Highway 55, near Darjeeling hills",blocked Hwy 55 and railway transportation,"Ghayabari-Tindharia on National Highway 55, near Darjeeling hills",10km,landslide,rain,medium,unknown,0,0, , , ,GLC,218,27.0096,88.2548,India,IN,West Bengal,Darjeeling,3.5,1396310400000.0,1606348800000,88.2548,27.0096,2007-08-29 00:00:00+00:00,False,prox:54:176:4584
13140,www.newindianexpress.com,http://www.newindianexpress.com/nation/Fresh-landslides-in-Uttarakhand-as-bad-weather-persists/2013/07/25/article1701733.ece,5197,1374710400000.0, ,"Ganga Vihar Colony In Bhatwadi Area, Uttarkashi, Uttarakhand","Landslides struck Quaritok and Malla villages of Uttarkashi, but there were no immediate reports of any casualty, officials said.","Ganga Vihar Colony In Bhatwadi Area, Uttarkashi, Uttarakhand",5km,landslide,continuous_rain,medium,unknown,0,0, , , ,GLC,5197,30.8203,78.6185,India,IN,Uttaranchal,Uttarkashi,19.64,1396310400000.0,1606348800000,78.6185,30.8203,2013-07-25 00:00:00+00:00,False,prox:61:157:5303
13141,articles.timesofindia.indiatimes.com,http://articles.timesofindia.indiatimes.com/2013-07-08/india/40442779_1_food-grains-villages-pithoragarh-district-headquarters,5023,1372896000000.0, ,"Munsari Tehsil, Uttarakhand","A 52-member batch of Kailash Mansarovar pilgrims has been stuck in Gunji town, 120 km from Pithoragarh, since July 4 due to landslides triggered by incessant rainfall over the past five days. The pilgrims are on their way back to Pithoragarh. ""Gunji has","Munsari Tehsil, Uttarakhand",unknown,landslide,continuous_rain,medium,unknown,0,0, , , ,GLC,5023,30.0712,80.2386,India,IN,Uttaranchal,Mathkot,7.08,1396310400000.0,1606348800000,80.2386000000001,30.0712,2013-07-04 00:00:00+00:00,False,prox:60:160:5296
13153,thestatesman.net,http://www.thestatesman.net/page.news.php?clid=1&theme=&usrsess=1&id=164902,151,1186012800000.0, ,Kurseong,closest to predicted location of Ranchi (480.53),Kurseong,25km,mudslide,rain,medium,unknown,3,0, , , ,GLC,151,26.8905,88.2789,India,IN,West Bengal,Kurseong,0.72,1396310400000.0,1606348800000,88.2789000000001,26.8905,2007-08-02 00:00:00+00:00,False,prox:53:176:4575
13175,ibnlive.in,http://ibnlive.in.com/news/heavy-rains-trigger-landslides-in-himacahal/283604-3-254.html,4497,1345248000000.0, ,"Kaza, Himachal Pradesh","Several parts of Himachal Pradesh experienced heavy rainfall during the past 24 hours, triggering landslides at various places and disrupting vehicular traffic in the state.","Kaza, Himachal Pradesh",5km,landslide,downpour,medium,unknown,0,0, , , ,GLC,4497,32.2278,78.071,India,IN,Himachal Pradesh,Luling,0.28,1396310400000.0,1606348800000,78.0710000000001,32.2278000000001,2012-08-18 00:00:00+00:00,False,prox:64:156:5190
13202,articles.timesofindia.indiatimes.com,http://articles.timesofindia.indiatimes.com/2013-07-08/india/40442321_1_landslides-heavy-rainfall-isolated-places,5044,1373068800000.0, ,"Rohru-Shimla Road At Dochi, Himachal Pradesh","Heavy rainfall continued to lash several parts of Himachal Pradesh on Sunday, causing rise in water level in rivers, besides triggering landslides at some places. In Mandi town flooding of a nullah near the government hospital choked the hospital premise","Rohru-Shimla Road At Dochi, Himachal Pradesh",50km,landslide,downpour,medium,unknown,0,0, , , ,GLC,5044,31.1628,77.7241,India,IN,Himachal Pradesh,Saura,4.86,1396310400000.0,1606348800000,77.7241000000001,31.1628000000001,2013-07-06 00:00:00+00:00,False,prox:62:155:5297
13209,The Indian Express,http://indianexpress.com/article/india/india-others/jk-police-rescue-130-stranded-tourists-from-landslide-hit-manali-leh-road/,7262,1437436800000.0, ,"Miru, Manali-Leh highway",The J-K Police on Tuesday evening have rescued 130 tourists who were stranded due to landslides on the Manali –Leh road. “There were landslides on Rumtse and Meru spots on the Leh – Manali road due to heavy that blocked the way for tourists coming,"Miru, Manali-Leh highway",1km,landslide,continuous_rain,small,above_road,0,0, , , ,GLC,7262,33.7403,77.7559,India,IN,Jammu and Kashmir,Changa,17.98,1437609600000.0,1606348800000,77.7559000000001,33.7403,2015-07-21 00:00:00+00:00,False,prox:67:155:5545
13211,ibnlive.in,http://ibnlive.in.com/news/heavy-rains-trigger-landslides-in-himacahal/283604-3-254.html,4498,1345248000000.0, ,Kullu-Manali-Rohtang,he Kullu-Manali-Rohtang highway was blocked for several hours due to landslides while hundreds of tourists remained stranded in tribal Kaza area as landslide blocked the roads linking the tribal valley from other parts of the state.,Kullu-Manali-Rohtang,25km,landslide,downpour,medium,unknown,0,0, , , ,GLC,4498,32.1797,77.1947,India,IN,Himachal Pradesh,Shirir,13.44,1396310400000.0,1606348800000,77.1947000000001,32.1797,2012-08-18 00:00:00+00:00,False,prox:64:154:5190
13219,youtube,http://www.youtube.com/watch?v=WoWfWNSjTCI,2416,1284249600000.0, ,"Uttarkashi town, Uttarakhand","September 13, 2010  On Sunday, heavy monsoon rains triggered landslides in Uttarkashi, a town in India's Uttarakhand state.  Homes were damaged by landslides and soil erosion, leaving people homeless. They are now lying on roads, without food or shelter.","Uttarkashi town, Uttarakhand",5km,landslide,downpour,medium,unknown,0,0, , , ,GLC,2416,30.7333,78.4403,India,IN,Uttaranchal,Uttarkashi,0.04,1396310400000.0,1606348800000,78.4403,30.7333,2010-09-12 00:00:00+00:00,False,prox:61:156:4954
13221,articles.timesofindia,http://articles.timesofindia.indiatimes.com/2011-06-30/guwahati/29720982_1_heavy-rains-highway,3672,1309305600000.0, ,"Portions of NH 39, Connectin Manipur with Assam via Nagaland","Heavy downpour in the past few days threatens to cut off Nagaland and neighbouring Manipur from the rest of the country. Continuing heavy showers have caused landslides and led to the sinking of a portion of NH 39, creating immense hardship to the people","Portions of NH 39, Connectin Manipur with Assam via Nagaland",unknown,landslide,downpour,medium,unknown,0,0, , , ,GLC,3672,25.5125,93.3613,India,IN,Assam,Bara Digar,17.12,1396310400000.0,1606348800000,93.3613000000001,25.5125,2011-06-29 00:00:00+00:00,False,prox:51:186:5051
13244,e-pao.net,http://e-pao.net/GP.asp?src=24..050913.sep13,5431,1377993600000.0, ,"Tamenglong, Manipur",The incessant rains have caused mudslides causing great havoc in different parts of Tamenglong district. Many people have also lost their properties in the mudslides at Tamenglong town areas. One major mudslide was occurred at Tamenglong ward No.IV near,"Tamenglong, Manipur",5km,mudslide,continuous_rain,medium,unknown,0,0, , , ,GLC,5431,24.9829,93.5063,India,IN,Manipur,Brail Range,10.34,1396310400000.0,1606348800000,93.5063000000001,24.9829,2013-09-01 00:00:00+00:00,False,prox:49:187:5316
13261,hindustantimes,http://www.hindustantimes.com/Punjab/Chandigarh/Rain-triggers-landslides-in-Kashmir-buries-eight-jawans-seven-rescued-one-missing/SP-Article1-918154.aspx,4504,1345507200000.0, ,"Barnoi, Bandipora, Kashmir",An entire village on the edge of Line of Control in Gurez valley of North Kashmir was inundated on Tuesday night after heavy rains triggered land-slides and flashfloods in frontier district of Bandipora. Seven jawans of BSF's 113 battalion were injured w,"Barnoi, Bandipora, Kashmir",5km,landslide,downpour,medium,unknown,0,0, , , ,GLC,4504,34.6113,74.9499,India,IN,Jammu and Kashmir,Wampor,15.04,1396310400000.0,1606348800000,74.9499000000001,34.6113,2012-08-21 00:00:00+00:00,False,prox:69:149:5191
13287,himvani,http://www.himvani.com/news/2010/07/26/two-die-10-sustain-injuries-as-landslide-buried-shanties-in-shimla/6153/,2135,1280016000000.0, ,Dharamsala roads,"Meanwhile, intermittent rains disrupted normal life in Dharamsala, Solan and Nahan among other places as roads were blocked due to landslides. Dharamsala was wettest in the region with 86.4 mm rains,",Dharamsala roads,10km,landslide,downpour,medium,unknown,0,0, , , ,GLC,2135,32.2067,76.3641,India,IN,Himachal Pradesh,Dharmsala,4.54,1396310400000.0,1606348800000,76.3641000000001,32.2067000000001,2010-07-25 00:00:00+00:00,False,prox:64:152:4938
13298,Thaindian News,http://www.thaindian.com/newsportal/uncategorized/seven-die-in-west-bengal-landslides-lead_100233301.html,1091,1250380800000.0,09:00,"Kalimpong, Darjeeling, West Bengal","Landslide killed, occurred at various places, including in tea gardens, along the National Highway 65 connecting Kurseong with Siliguri and Darjeeling, as also in areas like Pankhabari and Rohini Sunday morning following heavy rains over the past two day","Kalimpong, Darjeeling, West Bengal",25km,landslide,downpour,medium,above_river,2,0, , , ,GLC,1091,27.02459801,88.43849551,India,IN,West Bengal,Kalimpong,6.73,1396310400000.0,1606348800000,88.4384955090001,27.0245980070001,2009-08-16 00:00:00+00:00,False,prox:54:176:4824
13310,e-pao.net,http://e-pao.net/GP.asp?src=6..270711.jul11,3830,1311292800000.0, ,Manipur,"PWD officials reject Moreh office collapse report Source: The Sangai Express  Moreh, July 26 2011: There is no question of caving in of the main building of Mini-Secretariat at Moreh and preparations are on for inauguration of the office building at the",Manipur,10km,landslide,downpour,small,unknown,0,0, , , ,GLC,3830,24.3527,94.3429,India,IN,Manipur,Tamu,15.75,1396310400000.0,1606348800000,94.3429,24.3527,2011-07-22 00:00:00+00:00,False,prox:48:188:5059
13327,The Times of India,http://timesofindia.indiatimes.com/city/bhubaneswar/Uttarakhand-landslide-54-pilgrims-to-board-train-back-home-today/articleshow/47118314.cms,7111,1430179200000.0, ,"Vishnuprayag, Joshimath","Fifty-four Bhadrak denizens, who were stranded in Uttarakhand due to landslide following heavy rain at Vishnuprayag since Tuesday,","Vishnuprayag, Joshimath",1km,landslide,continuous_rain,small,above_road,0,0, , , ,GLC,7111,30.5631,79.5765,India,IN,Uttaranchal,Joshimath,1.59,1436313600000.0,1606348800000,79.5765000000001,30.5631000000001,2015-04-28 00:00:00+00:00,False,prox:61:159:5517
13330,hindu,http://www.hindu.com/2010/07/30/stories/2010073063780100.htm,2293,1282262400000.0, ,"Nalupani(?), Rishikesh-Gangotri highway, Uttarkhand","Friday, Aug 20, 2010, 15:19 IST   Incessant rains continued to lash Uttarakhand triggering landslides and most of the rivers flowing at danger level today.  Meanwhile, landslides occurred at a few places in Garhwal Himalayas due to heavy rains in at Badr","Nalupani(?), Rishikesh-Gangotri highway, Uttarkhand",50km,landslide,downpour,medium,unknown,0,0, , , ,GLC,2293,30.7221,78.6437,India,IN,Uttaranchal,Uttarkashi,19.55,1396310400000.0,1606348800000,78.6437000000001,30.7221000000001,2010-08-20 00:00:00+00:00,False,prox:61:157:4947
13340,Telegraph India,http://www.telegraphindia.com/1090618/jsp/siliguri/story_11126449.jsp,1037,1245196800000.0,04:00,"Sevoke, 20km from Siliguri, North Eastern, India (Highway NH31A:Coronation Bridge to the Sevoke police outpost section blocked)","A landslide triggered by night-long heavy rain blocked the only road to Sikkim for more than eight hours today, leading to long queues of vehicles on both sides of the debris. A part of the road was cleared by 1pm.  Residents of Sevoke, 20km from here, s","Sevoke, 20km from Siliguri, North Eastern, India (Highway NH31A:Coronation Bridge to the Sevoke police outpost section blocked)",5km,mudslide,downpour,medium,unknown,0,0, , , ,GLC,1037,26.89,88.47,India,IN,West Bengal,Shaugaon,12.11,1396310400000.0,1606348800000,88.4700000000001,26.89,2009-06-17 00:00:00+00:00,False,prox:53:176:4804
13352,news.oneindia,http://news.oneindia.in/2010/09/04/strategicroad-link-cut-off-due-to-landslide-insikkim.html,2392,1283558400000.0, ,"17th mile(?), Jawaharlal Nehru Marg hwy, between Gangtok and Nathu La, Sikkim","Gangtok, Sep.4 (ANI): Incessant rains in the last few weeks have caused extensive landslides in Sikkim, as on Saturday, vehicular traffic on the road connecting Gangtok with Nathu La located along the India-China border came to a standstill due to landsl","17th mile(?), Jawaharlal Nehru Marg hwy, between Gangtok and Nathu La, Sikkim",10km,landslide,downpour,medium,unknown,0,0, , , ,GLC,2392,27.3702,88.7334,India,IN,Sikkim,Xarsingma,19.91,1396310400000.0,1606348800000,88.7334000000001,27.3702000000001,2010-09-04 00:00:00+00:00,False,prox:54:177:4952
13353,sindhtoday,http://www.sindhtoday.net/south-asia/32058.htm,870,1225238400000.0, ,"West Kameng, Arunachal Pradesh",So far about 12 people have died in separate incidents. Most victims died after hillocks caved in on their houses or they were washed away in flash floods caused by unseasonal heavy rains for the past four days,"West Kameng, Arunachal Pradesh",50km,mudslide,downpour,medium,unknown,12,0, , , ,GLC,870,27.4,92.35,India,IN,Arunachal Pradesh,Nashir,13.16,1396310400000.0,1606348800000,92.3500000000001,27.4,2008-10-29 00:00:00+00:00,False,prox:54:184:4727
13381,Times of India,http://timesofindia.indiatimes.com/City/Madurai/Landslide-hits-traffic-on-Kodai-road/articleshow/44957640.cms,6322,1414368000000.0,09:00,Dum Dum Parai,"Incessant rain for the past few days in Kodaikanal hills have washed away a 50 feet road at Dum Dum Parai area, around seven km from the starting point of Ghat road section, on early hours of Monday.",Dum Dum Parai,25km,rock_fall,downpour,medium,above_road,0,0, , , ,GLC,6322,10.2379,77.6377,India,IN,Tamil Nadu,Devadanappatti,10.41,1414540800000.0,1606348800000,77.6377000000001,10.2379,2014-10-27 00:00:00+00:00,False,prox:20:155:5456
13385,himvani,http://www.himvani.com/news/2010/07/26/two-die-10-sustain-injuries-as-landslide-buried-shanties-in-shimla/6153/,2136,1280016000000.0, ,Solan roads,"Meanwhile, intermittent rains disrupted normal life in Dharamsala, Solan and Nahan among other places as roads were blocked due to landslides. Dharamsala was wettest in the region with 86.4 mm rains,",Solan roads,25km,landslide,downpour,medium,unknown,0,0, , , ,GLC,2136,30.904,77.0969,India,IN,Himachal Pradesh,Gannja,8.5,1396310400000.0,1606348800000,77.0969000000001,30.9040000000001,2010-07-25 00:00:00+00:00,False,prox:61:154:4938
13389,ibnlive.in.com,http://ibnlive.in.com/news/3-killed-in-rainrelated-incidents-as-heavy-showers-lash-hp/408192-3-254.html,5097,1373760000000.0, ,"Near Rampur, Himachal Pradesh","Three persons were killed in rain-related incidents in Himachal Pradesh as incessant heavy showers wreaked havoc causing landslides at several places, blocking highways and damaging several houses. A truck driver, who was sleeping in his truck along with","Near Rampur, Himachal Pradesh",10km,landslide,downpour,medium,unknown,1,0, , , ,GLC,5097,31.4711,77.6746,India,IN,Himachal Pradesh,Rampur,3.73,1396310400000.0,1606348800000,77.6746000000001,31.4711,2013-07-14 00:00:00+00:00,False,prox:62:155:5300
13390,articles.timesofindia.indiatimes.com,http://articles.timesofindia.indiatimes.com/2013-11-13/thiruvananthapuram/44028783_1_train-traffic-mangalore-central-parasuram-express-heavy-rain,5638,1384300800000.0, ,"Nagercoil, Tamil Nadu",The train traffic at Thiruvananthapuram has been disrupted due to heavy incessant rain which has caused waterlogging on railway tracks and landslides at several places including the yard at Thiruvananthapuram Central station and Nagarcoil on Wednesday.,"Nagercoil, Tamil Nadu",10km,landslide,downpour,medium,unknown,0,0, , , ,GLC,5638,8.1747,77.444,India,IN,Tamil Nadu,Nagercoil,1.16,1396310400000.0,1606348800000,77.4440000000001,8.17470000000001,2013-11-13 00:00:00+00:00,False,prox:16:154:5340
13391,timesofindia.indiatimes,http://timesofindia.indiatimes.com/Mumbai/Mumbai-Pune_trains_to_resume_today/articleshow/3354105.cms,705,1218326400000.0, ,"Monkey Hill and Khandala, Maharashtra","occurred Sunday morning, blocked tracks and delayed roads","Monkey Hill and Khandala, Maharashtra",unknown,landslide,rain,medium,unknown,0,0, , , ,GLC,705,18.72,73.47,India,IN,Maharashtra,Lonoavale,7.67,1396310400000.0,1606348800000,73.4700000000001,18.72,2008-08-10 00:00:00+00:00,False,prox:37:146:4700
13396,Sikkim times.com,http://www.thestatesman.net/page.arcview.php?clid=10&id=184730&usrsess=1,78,1179878400000.0, ,"Pangthang, on road b/t Gangtok and North Sikkim",along highway,"Pangthang, on road b/t Gangtok and North Sikkim",50km,landslide,rain,medium,unknown,0,0, , , ,GLC,78,27.3383,88.6069,India,IN,Sikkim,Tista,16.53,1396310400000.0,1606348800000,88.6069000000001,27.3383000000001,2007-05-23 00:00:00+00:00,False,prox:54:177:4552
13404,economictimes.indiatimes,http://economictimes.indiatimes.com/articleshow/6492259.cms,2391,1283558400000.0, ,"Ranachatti(?), on road to Yamunotri","DEHRA DUN: Fresh triggered by rains today disrupted the pilgrimage to , and in the Garhwal Himalayas of Uttarakhand.  The landslides hit various places in Chamoli and Uttarkashi districts blocking the routes to the shrines of Badrinath, Gangotri and Yamu","Ranachatti(?), on road to Yamunotri",25km,landslide,downpour,medium,unknown,0,0, , , ,GLC,2391,30.8987,78.3399,India,IN,Uttaranchal,Uttarkashi,20.72,1396310400000.0,1606348800000,78.3399000000001,30.8987000000001,2010-09-04 00:00:00+00:00,False,prox:61:156:4952
13412,timesofindia.indiatimes,http://timesofindia.indiatimes.com/india/8000-pilgrims-stranded-in-Uttarakhand/articleshow/6494279.cms,2379,1283472000000.0, ,"Rudraprayag, Rishikesh-Badrinath hwy","Sep 5, 2010, 05.13am IST  DEHRADUN: Over 8,000 pilgrims and tourists on the Char Dham Yatra are stranded following heavy downpour and landslides on Rishikesh-Badrinath and Rishikesh-Gangotri national highways in Chamoli district of Uttarakhand since Frid","Rudraprayag, Rishikesh-Badrinath hwy",10km,landslide,downpour,medium,unknown,0,0, , , ,GLC,2379,30.2851,78.9829,India,IN,Uttaranchal,Srinagar,15.72,1396310400000.0,1606348800000,78.9829,30.2851,2010-09-03 00:00:00+00:00,False,prox:60:157:4951
13416,Frify,http://frify.com/video/watch-landslide-at-gangotri-highway-near-helgugad-in-uttarkashi-caught-on-cam,9166,1468800000000.0, ,"Gangotri Highway near Helgugad, Uttarkashi, Uttarakhand, India","Rock falls off slope side and into road. In a rare video, a landslide at Gangotri Highway near Helgugad here is caught live on camera.  The 26-second video shows a small part of mountain falling followed by the big boulders.  The incident happened on Jul","Gangotri Highway near Helgugad, Uttarkashi, Uttarakhand, India",1km,rock_fall,rain,medium,above_road,0,0, , , ,GLC,9166,30.7313,78.4358,India,IN,Uttaranchal,Uttarkashi,0.44,1469404800000.0,1606348800000,78.4358,30.7313,2016-07-18 00:00:00+00:00,False,prox:61:156:5666
13417,Mizoram Express,http://mizoramexpress.com/index.php/2010/09/mizoram-landslides-kill-one-woman/,2424,1284336000000.0, ,"near Tuivawl(?), Aizawl-Champhai rd, Aizawl district, Mizoram","Sep 15, 2010  AIZAWL: Aizawl-Champhai road also was blocked by landslides in two places near Tuivawl and Tuichang.  ZONET Champhai Corr. said, the road block near Tuivawl was cleared while men are still at work till in the afternoon to clear the road blo","near Tuivawl(?), Aizawl-Champhai rd, Aizawl district, Mizoram",25km,landslide,downpour,medium,unknown,0,0, , , ,GLC,2424,23.591,92.9296,India,IN,Mizoram,Baktawng,10.95,1396310400000.0,1606348800000,92.9296000000001,23.5910000000001,2010-09-13 00:00:00+00:00,False,prox:47:185:4955
13422,United Nations Development Programme - Relief Web,http://www.reliefweb.int/rw/RWB.NSF/db900SID/MCON-74J2QF?OpenDocument,100,1182729600000.0, ,Kozhikode,United Nations Development Programme - Relief Web,Kozhikode,50km,landslide,rain,medium,unknown,0,0, , , ,GLC,100,11.2738,75.8275,India,IN,Kerala,Kozhikode,5.49,1396310400000.0,1606348800000,75.8275000000001,11.2738,2007-06-25 00:00:00+00:00,False,prox:22:151:4563
13423,beacononline.wordpress,http://beacononline.wordpress.com/2009/08/25/kalimpong-highway-doom-for-hill-economy/,1112,1250726400000.0, ,"NH31A, Mile 27 near Rambi","Vehicles ply on 27 Mile, a landslide-affected stretch of NH31A, after fresh mudslide on Monday. The rain-triggered landslides and cave-ins have reduced the highway to a potholed and slushy track at numerous places, leading to frequent traffic jams and in","NH31A, Mile 27 near Rambi",25km,mudslide,downpour,medium,unknown,0,0, , , ,GLC,1112,27.1761,88.5287,India,IN,Sikkim,Kalimpong,12.38,1396310400000.0,1606348800000,88.5287000000001,27.1761000000001,2009-08-20 00:00:00+00:00,False,prox:54:177:4825
13448,NDTV (New Delhi Television Limited),http://www.ndtv.com/india-news/9-dead-in-cloudburst-in-uttarakhand-many-injured-1426802,8367,1467244800000.0,22:00,"Didihat, Uttarakhand, India","At least 10 people have died and many are missing after cloudburst and landslides triggered by heavy rain in Uttarakhand, an official said.   Many are feared missing in Didihaat where 10 houses caved in due to heavy rain and mudslide late last night.","Didihat, Uttarakhand, India",1km,mudslide,monsoon,large,unknown,0,0, , , ,GLC,8367,29.8002,80.2565,India,IN,Uttaranchal,Tham,9.46,1467763200000.0,1606348800000,80.2565000000001,29.8002000000001,2016-06-30 00:00:00+00:00,False,prox:59:160:5660
13452,articles.timesofindia,http://articles.timesofindia.indiatimes.com/2012-06-04/guwahati/32030359_1_barail-hill-harangajao-landslides,4382,1338681600000.0, ," between Harangajao and Mailongdisa, Assa,",Torrential rain in the Barail Hill range for the past many days triggered landslides at least five places along the Lumding-Silchar section of Northeast Frontier Railway (NFR) early on Sunday. Authorities have suspended and regulated services of all the," between Harangajao and Mailongdisa, Assa,",5km,landslide,downpour,medium,unknown,0,0, , , ,GLC,4382,25.1175,92.8573,India,IN,Assam,Narainpur,3.42,1396310400000.0,1606348800000,92.8573000000001,25.1175000000001,2012-06-03 00:00:00+00:00,False,prox:50:185:5164
13460,Deccan Chronicle,http://www.deccanchronicle.com/140906/nation-current-affairs/article/jammu-7-people-die-house-collapse-due-landslide-udhampur,6358,1409961600000.0, ,Rakha Jaganoo,"In the first incident, five members were killed and two went missing when a house collapsed in Rakha Jaganoo area of Ramnagar teshil in Udhampur district, he said, adding two missing are being traced as five bodies have been recovered.",Rakha Jaganoo,1km,landslide,rain,medium,unknown,5,0, , , ,GLC,6358,32.8468,75.137,India,IN,Jammu and Kashmir,Udhampur,6.3,1415232000000.0,1606348800000,75.1370000000001,32.8468,2014-09-06 00:00:00+00:00,False,prox:65:150:5439
13463,Times of India,http://timesofindia.indiatimes.com/city/bhubaneswar/Landslide-derails-traffic-in-Koraput/articleshow/39596467.cms,6189,1407024000000.0,09:00,"Rayagada, Odisha","Train communication between Koraput-Rayagada came to a grinding halt as tracks were blocked by huge boulders, which fell from adjacent mountains after a landslide, on Sunday. Railway officials at Koraput said plying of trains was disrupted as mud has als","Rayagada, Odisha",25km,landslide,continuous_rain,small,above_road,0,0, , , ,GLC,6189,19.1497,83.6299,India,IN,Andhra Pradesh,Gunupur,20.87,1408838400000.0,1606348800000,83.6299000000001,19.1497,2014-08-03 00:00:00+00:00,False,prox:38:167:5428
13505,hindustantimes,http://www.hindustantimes.com/Rains-continue-to-suspend-Chardham-yatra/Article1-731900.aspx,3905,1312934400000.0, ,Chardham yatra,"The Chardham yatra comprising pilgrimage to four Himalayan shrines of Badrinath, Kedarnath, Gangotri and Yamunotri on Wednesday continued to remain suspended as due to fresh landslides triggered by rains in Uttarakhand. The landslides blocked the nationa",Chardham yatra,50km,landslide,rain,medium,unknown,0,0, , , ,GLC,3905,30.2828,78.3041,India,IN,Uttaranchal,Dehradun,16.21,1396310400000.0,1606348800000,78.3041000000001,30.2828000000001,2011-08-10 00:00:00+00:00,False,prox:60:156:5065
13511,en.apa,http://en.apa.az/news.php?id=119178,1611,1270080000000.0, ,"Paglanala village, Dholai Block, near Dwarbandh locality of the district, Cachar district (could only find district) 45 km from Silchar, Assam","The latest disaster has come from Assam where three children aged 7, 5 and 2 were crushed to death after the side of a mountain slid onto their house in Cachar, wiping it out. Their parents, Deepak and Supriti Roy, who survived the catastrophe were serio","Paglanala village, Dholai Block, near Dwarbandh locality of the district, Cachar district (could only find district) 45 km from Silchar, Assam",25km,landslide,downpour,medium,unknown,3,0, , , ,GLC,1611,25.1553,93.028,India,IN,Assam,Mahur,9.75,1410480000000.0,1606348800000,93.0280000000001,25.1553000000001,2010-04-01 00:00:00+00:00,False,prox:50:186:4900
13512,WebIndia123.com,http://news.webindia123.com/news/ar_showdetails.asp?id=704100915&cat=&n_date=20070410,57,1176249600000.0, ,"Sikkim, 13 km north of Gangtok","1000 tourists stranded, more than 180 vehicles stranded, 150 m stretch of road was covered, occurred at 2:00 local time","Sikkim, 13 km north of Gangtok",5km,landslide,downpour,medium,unknown,0,0, , , ,GLC,57,27.4459,88.6193,India,IN,Sikkim,Mangan,12.47,1396310400000.0,1606348800000,88.6193000000001,27.4459,2007-04-11 00:00:00+00:00,False,prox:54:177:4538
13528,First Post,http://www.firstpost.com/india/two-dead-2-injured-landslide-arunachal-pradesh-school-remain-shut-heavy-rainfall-alert-2287954.html,6971,1433808000000.0, ,"Itanagar, Arunachal Pradesh",Two people died while two others were seriously injured when their dwelling was hit by a landslide on Tuesday,"Itanagar, Arunachal Pradesh",5km,landslide,continuous_rain,medium,above_road,2,2, , , ,GLC,6971,27.0987,93.816,India,IN,Arunachal Pradesh,North Lakhimpur,32.68,1435190400000.0,1606348800000,93.816,27.0987000000001,2015-06-09 00:00:00+00:00,False,prox:54:187:5531
13531,www.nagalandpost.com,http://www.nagalandpost.com/ChannelNews/Regional/RegionalNews.aspx?news=TkVXUzEwMDA0MzUxNQ%3D%3D-zy3k3F6024s%3D,5343,1376697600000.0,23:00,The Imphal-Jiribam Section Of Nh-37 In Tamenglong District,Over 700 Imphal-bound freight trucks were Sunday stranded between Rengpan and Khambirong on the stretch of the Imphal-Jiribam section of NH-37 in Tamenglong district after the road was totally blocked by a landslide triggered by continuous heavy rainfall,The Imphal-Jiribam Section Of Nh-37 In Tamenglong District,10km,landslide,continuous_rain,medium,unknown,0,0, , , ,GLC,5343,24.7625,93.4341,India,IN,Manipur,Sempang,9.59,1396310400000.0,1606348800000,93.4341000000001,24.7625,2013-08-17 00:00:00+00:00,False,prox:49:186:5311
13549,deccanchronicle,http://www.deccanchronicle.com/national/timely-army-action-saves-landslide-hit-school-boys-245,1908,1274918400000.0,10:00,"Tyakshi(?) village near Turtuk(Nubra Valley) on Leh-Saichen(Siachan) rd, Jammu and kashmir","Srinagar: The Army averted a major tragedy by evacuating 15 school children trapped in a major landslide in a village in the frontier region of Ladakh recently, defence sources said on Sunay.  The landslide triggered by rain and snowfall struck Tyakshi v","Tyakshi(?) village near Turtuk(Nubra Valley) on Leh-Saichen(Siachan) rd, Jammu and kashmir",50km,landslide,rain,medium,unknown,0,0, , , ,GLC,1908,34.5628,77.6001,India,IN,Jammu and Kashmir,Sumur,6.45,1410307200000.0,1606348800000,77.6001000000001,34.5628,2010-05-27 00:00:00+00:00,False,prox:69:155:4918
13553,Goa,http://www.goacom.com/goa-news-highlights/27394-cm-announces-rs1-lakh-ex-gratia-for-dongri-landslide-hit-families,6962,1434585600000.0,22:00,Dhaktebhat in Dongri village of St Andre constituency,"The landslide had occurred late night on June 18, following incessant rains, with the mud and boulders damaging at least 3 to 4 houses",Dhaktebhat in Dongri village of St Andre constituency,10km,landslide,continuous_rain,medium,unknown,0,0, , , ,GLC,6962,15.4465,73.927,India,IN,Goa,Goa Dabolim,12.27,1435190400000.0,1606348800000,73.9270000000001,15.4465000000001,2015-06-18 00:00:00+00:00,False,prox:30:147:5534
13555,Assam Tribune,http://www.assamtribune.com/scripts/detailsnew.asp?id=may0216/oth058,9405,1461024000000.0, ,"Techahan Ward, Mon, Nagaland, India","(Landslide may have occurred within a week of April 19. )Altogether, 200 hailstorm affected families in Mon town of Nagaland have been given cash relief under the State Disaster Response Fund. Nagaland State Disaster Management Authority (NSDMA) and Dist","Techahan Ward, Mon, Nagaland, India",1km,landslide,continuous_rain,medium,unknown,0,0, , , ,GLC,9405,26.7223,95.0243,India,IN,Nagaland,Mon,3.06,1470182400000.0,1606348800000,95.0243,26.7223000000001,2016-04-19 00:00:00+00:00,False,prox:53:190:5636
13562,hindustantimes,http://www.hindustantimes.com/Girl-dies-in-landslide-flash-flood-wrecks-havoc-in-Meghalaya/Article1-564450.aspx,2025,1277683200000.0, ,"Police CID complex(?), Shillong, Meghalaya","A 14-year-old girl was killed and at least seven others were injured on Monday after heavy rains triggered a landslide in Shillong. Alicia Arengngma, daughter of a policeman, was buried when debris of a landslide following heavy rain blocked the ground f","Police CID complex(?), Shillong, Meghalaya",5km,landslide,downpour,medium,unknown,1,0, , , ,GLC,2025,25.5728,91.885,India,IN,Meghalaya,Shillong,17.17,1396310400000.0,1606348800000,91.885,25.5728,2010-06-28 00:00:00+00:00,False,prox:51:183:4929
13567,tribuneindia,http://www.tribuneindia.com/2010/20100923/main1.htm,2460,1284854400000.0, ,"roads to Manali, Himachal Pradesh",Incessant rains and resultant floods and landslides have badly affected adventure tourism with tourists cancelling bookings. Some tourists were still stranded in upper reaches of Himalayas like Gangotri and Manali as landslides have blocked national high,"roads to Manali, Himachal Pradesh",50km,landslide,downpour,medium,unknown,0,0, , , ,GLC,2460,31.9843,77.1889,India,IN,Himachal Pradesh,Kulu,7.91,1396310400000.0,1606348800000,77.1889,31.9843000000001,2010-09-19 00:00:00+00:00,False,prox:63:154:4957
13575,gsi.gov,"http://www.portal.gsi.gov.in/portal/page?_pageid=127,875814&_dad=portal&_schema=PORTAL",2120,1279756800000.0, ,"Patlot-Aghora road, Almora District","As per media report a landslide triggered by incessant rains on 22nd July 2010 on the Patlot-Aghora road, Almora District led to the death of one person.","Patlot-Aghora road, Almora District",10km,landslide,downpour,medium,unknown,1,0, , , ,GLC,2120,29.6095,79.6628,India,IN,Uttaranchal,Almora,1.19,1396310400000.0,1606348800000,79.6628,29.6095,2010-07-22 00:00:00+00:00,False,prox:59:159:4937
13577,china,http://www.china.org.cn/environment/2011-07/22/content_23044018.htm,3899,1312761600000.0, ,"Chhatanga area; Helkugad; and Netala, all on the Rishikesh-Yamunotri National Highway","The pilgrimage to the Himalayan shrines of Badrinath, Gangotri and Yamunotri was suspended after the roads leading to them were hit by fresh landslides following heavy rains on Monday, leaving hundreds of pilgrims stranded.  Landslides struck the Rishike","Chhatanga area; Helkugad; and Netala, all on the Rishikesh-Yamunotri National Highway",unknown,landslide,downpour,medium,unknown,0,0, , , ,GLC,3899,30.2258,78.3755,India,IN,Uttaranchal,Dehradun,19.88,1396310400000.0,1606348800000,78.3755,30.2258,2011-08-08 00:00:00+00:00,False,prox:60:156:5064
13578,Red Cross - Field reports,https://www-secure.ifrc.org/dmis/prepare/view_report.asp?ReportID=2987,148,1185753600000.0, ,Saiha,road networks disrupted,Saiha,25km,landslide,downpour,medium,unknown,0,0, , , ,GLC,148,22.479,92.967,India,IN,Mizoram,Kaladan,5.66,1396310400000.0,1606348800000,92.9670000000001,22.479,2007-07-30 00:00:00+00:00,False,prox:44:185:4574
13593,greaterkashmir,http://www.greaterkashmir.com/full_story.asp?Date=10_1_2008&ItemID=43&cat=1,419,1199836800000.0, ,"Panthihal near Ramban,  Srinagar-Jammu highway",600 vehicles stranded,"Panthihal near Ramban,  Srinagar-Jammu highway",25km,landslide,rain,medium,unknown,0,0, , , ,GLC,419,33.23738085,75.24528226,India,IN,Jammu and Kashmir,Chaunkri,20.89,1396310400000.0,1606348800000,75.245282258,33.237380848,2008-01-09 00:00:00+00:00,False,prox:66:150:4629
13603,ptinews,http://www.ptinews.com/news/508380_One-killed--six-injured-in-landslides,1487,1265587200000.0,18:00,"Narundi area of Uri, Jammu and Kashmir","One person was killed and six others were injured when five houses were damaged in landslides in Uri sector of north Kashmir's Baramulla district, officials said today. Mohammad Yousuf Gojjar was killed when his house collapsed due to the landslide at Na","Narundi area of Uri, Jammu and Kashmir",10km,landslide,downpour,medium,unknown,1,0, , , ,GLC,1487,34.0876,74.0225,India,IN,Jammu and Kashmir,Uri,2.36,1396310400000.0,1606348800000,74.0225,34.0876000000001,2010-02-08 00:00:00+00:00,False,prox:68:148:4882
13611,nbtvlive,"http://www.nbtvlive.com/latest-news-4 die, 10 injured in landslide along assam-meghalaya border-crime-23-sep-2011-guwahati-press trust of india-54889.html",3983,1316736000000.0, ,"Maighuli, Guwahati, Meghalaya","Four persons today got buried alive and 10 others were injured in a landslide at Maighuli, along the Assam-Meghalaya border, police said. Incessant rains triggered the landslip along the hills of Maighuli on the Meghalaya side of the border, Kamrup (metr","Maighuli, Guwahati, Meghalaya",unknown,landslide,downpour,large,unknown,4,0, , , ,GLC,3983,26.1548,91.7351,India,IN,Assam,Gauhati,3.65,1396310400000.0,1606348800000,91.7351,26.1548,2011-09-23 00:00:00+00:00,False,prox:52:183:5080
13613,thestatesman.net,http://www.thestatesman.net/page.news.php?clid=10&theme=&usrsess=1&id=164069,141,1185408000000.0, ,Singtam,closest to predicted location of Shillong (397.72 km),Singtam,50km,landslide,rain,medium,unknown,0,0, , , ,GLC,141,25.38,91.88,India,IN,Meghalaya,Pinursla,9.55,1396310400000.0,1606348800000,91.8800000000001,25.38,2007-07-26 00:00:00+00:00,False,prox:50:183:4573
13615,NDTV,http://www.ndtv.com/others-news/3-injured-in-landslide-in-kupwara-in-jammu-and-kashmir-752941,7167,1428451200000.0, ,Keran,"A landslide struck between Mundian and Det Bridge in Keran sector near the Line of Control (LoC) this afternoon, trapping three persons, a police official told PTI in Srinagar.",Keran,1km,landslide,continuous_rain,small,above_road,0,3, , , ,GLC,7167,34.6609,73.9593,India,IN,Jammu and Kashmir,Bakwali,31.29,1436745600000.0,1606348800000,73.9593,34.6609,2015-04-08 00:00:00+00:00,False,prox:69:147:5511
13619,Oherald Goa,http://www.heraldgoa.in/Goa/Mudslides-trees-uprooted-in-Canacona/103142.html,8962,1466208000000.0, ,"main road between Gulem and Loliem and Cotigao, at Baddem, Goa, India","Incessant rains lashed most parts of Canacona taluka on Saturday leading to mudslides, uprooting of trees and disturbing normal life. . He said the rain brought down debris on the main road between Gulem and Loliem and Cotigao, at Baddem. As it was obstr","main road between Gulem and Loliem and Cotigao, at Baddem, Goa, India",25km,mudslide,downpour,medium,above_road,0,0, , , ,GLC,8962,15.0275,74.1623,India,IN,Goa,Majali,14.33,1468454400000.0,1606348800000,74.1623000000001,15.0275,2016-06-18 00:00:00+00:00,False,prox:30:148:5656
13621,hindustantimes,http://www.hindustantimes.com/2-minor-landslides-at-Kurla-Sewri/Article1-563290.aspx,2014,1277424000000.0, ,"Sewri(?), New Shivaji Nagar, Mumbai","Friday saw a few incidents of minor landslides occurring in the city. One of them occurred in Sewri at New Shivaji Nagar, when three boulders rolled down a hillock, uprooting a tree and injuring two people. Both were taken to KEM hospital but were discha","Sewri(?), New Shivaji Nagar, Mumbai",1km,landslide,downpour,medium,unknown,0,0, , , ,GLC,2014,19.153,72.9266,India,IN,Maharashtra,Bombay,9.48,1396310400000.0,1606348800000,72.9266000000001,19.1530000000001,2010-06-25 00:00:00+00:00,False,prox:38:145:4928
13628,Times of India,http://timesofindia.indiatimes.com/City/Coimbatore/Landslide-brings-traffic-to-halt/articleshow/40842022.cms,6544,1408665600000.0,22:00,second hairpin bend near Varattupallam,"Erode Distrct witnessed a major landslide on the Burgur-Thalavadi ghat road near Andhiyur on Friday night. According to villagers, with huge rocks blocking roads, traffic was completely disrupted on Erode-Mysore state highways. However, no injuries were",second hairpin bend near Varattupallam,1km,other,downpour,medium,above_road,0,0, , , ,GLC,6544,11.683,77.571,India,IN,Tamil Nadu,Andiyur,12.13,1418774400000.0,1606348800000,77.5710000000001,11.6830000000001,2014-08-22 00:00:00+00:00,False,prox:23:155:5434
13655,ibnlive.in,http://ibnlive.in.com/news/crops-worth-rs-185-lakh-destroyed-in-idukki/156739-60-116.html,3568,1306972800000.0, ,"Thodpuzha(Thodupuzha) municipality, Idukki, Kerala","Jun 05, 2011 at 12:04pm IST  KATTAPPANA: The heavy rain which has been lashing the district for the last several days has caused heavy damage to crops and property. According to the Agriculture Department sources, crops worth Rs 18.5 lakh in 150 hectares","Thodpuzha(Thodupuzha) municipality, Idukki, Kerala",25km,landslide,downpour,medium,unknown,0,0, , , ,GLC,3568,9.8721,76.7046,India,IN,Kerala,Ramaouram,8.0,1396310400000.0,1606348800000,76.7046000000001,9.87210000000004,2011-06-02 00:00:00+00:00,False,prox:19:153:5042
13658,www.livemint.com,http://www.livemint.com/Politics/BoCQF6gfN3g4k7x0giBp4N/Fresh-incidents-of-cloud-burst-as-heavy-rains-lash-Uttarakah.html,5179,1374624000000.0, ,"Karnaprayag, Uttarakhand","Dozens of houses collapsed due to landslides and cloudbursts in Karnaprayag, Thirpak and Tefana in Chamoli district,Ó he said, adding that the affected families are being shifted to safer places.","Karnaprayag, Uttarakhand",5km,landslide,downpour,medium,unknown,0,0, , , ,GLC,5179,30.262,79.2191,India,IN,Uttaranchal,Langsu,6.9,1396310400000.0,1606348800000,79.2191000000001,30.2620000000001,2013-07-24 00:00:00+00:00,False,prox:60:158:5303
13663,daijiworld,http://www.daijiworld.com/news/news_disp.asp?n_id=49719&n_tit=Puttur:+Landslide+on+Track+Halts+Mangalore-Bangalore+Trains,704,1218326400000.0, ,Edakumeri near Subrahmanya,all railway events are likely related and could be redundant entries,Edakumeri near Subrahmanya,50km,landslide,downpour,medium,unknown,0,0, , , ,GLC,704,12.6445,75.605,India,IN,Karnataka,Panaje,14.7,1396310400000.0,1606348800000,75.6050000000001,12.6445000000001,2008-08-10 00:00:00+00:00,False,prox:25:151:4700
13672,The Times of India,http://timesofindia.indiatimes.com/city/pune/Industrialist-from-Wakad-dies-in-Spiti-landslide/articleshow/48077096.cms,7215,1436745600000.0,23:00,"Spiti Valley, Himachal Pradesh",They were travelling by two cars on NH-22 in Spiti Valley when part of a mountainside fell on Bafna's vehicle. The landslide took place around three to four kilometres before Sangla Valley,"Spiti Valley, Himachal Pradesh",1km,landslide,continuous_rain,small,above_road,1,0, , , ,GLC,7215,32.2473,78.037,India,IN,Himachal Pradesh,Luling,3.62,1437091200000.0,1606348800000,78.037,32.2473000000001,2015-07-13 00:00:00+00:00,False,prox:64:156:5543
13674,Shillong Times,http://www.theshillongtimes.com/2015/08/20/child-washed-away-in-tura/,7335,1439856000000.0,09:00,Tura Civil Hospital,A landslip on Tuesday also damaged shops in the Tura Civil Hospital vicinity.,Tura Civil Hospital,1km,landslide,continuous_rain,medium,urban,0,0, , , ,GLC,7335,25.5145,90.2023,India,IN,Meghalaya,Tura,2.93,1464220800000.0,1606348800000,90.2023000000001,25.5145000000001,2015-08-18 00:00:00+00:00,False,prox:51:180:5555
13679,fullhyderabad,http://www.fullhyderabad.com/hyderabad-news/landslides-damage-2-houses-in-vijayawada-1480,2369,1283212800000.0, ,"Chittinagar, Vijayawada city, Andhra Pradesh","VIJAYAWADA: Incessant rains in the city have left nearly one lakh people residing on the hill slopes spend sleepless nights due to the fear of landslides. Though no casualty has been reported so far, the falling boulders from the hill blocks during the n","Chittinagar, Vijayawada city, Andhra Pradesh",1km,landslide,downpour,medium,unknown,0,0, , , ,GLC,2369,16.5332,80.6103,India,IN,Andhra Pradesh,Vijayawada,3.3,1396310400000.0,1606348800000,80.6103,16.5332,2010-08-31 00:00:00+00:00,False,prox:33:161:4950
13680,english.manoramaonline.com,http://english.manoramaonline.com/cgi-bin/MMOnline.dll/portal/ep/contentView.do?contentId=15449436&tabId=1&programId=11565535,5633,1384300800000.0,04:00,"Valiyasalai, Thiruvananthapuram, Kerala",The railway has cancelled five train services due to a landslide that occurred at Valiyasala and Kochuveli around 4 am on Wednesday.,"Valiyasalai, Thiruvananthapuram, Kerala",5km,landslide,downpour,medium,unknown,0,0, , , ,GLC,5633,8.4951,76.921,India,IN,Kerala,Trivandrum,1.79,1396310400000.0,1606348800000,76.921,8.49510000000003,2013-11-13 00:00:00+00:00,False,prox:16:153:5340
13681,Greater Kashmir,http://www.greaterkashmir.com/news/state/landslide-on-mughal-road-hampers-vehicular-movement/186410.html,7062,1431561600000.0,09:00,"Poshiana, 27 km point of road from Bafliaz","As per reports, the rainfall since early morning triggered landslide near Poshana Village which forced authorities to close Mughal Road for traffic movement.","Poshiana, 27 km point of road from Bafliaz",1km,landslide,downpour,small,above_road,0,0, , , ,GLC,7062,33.6303,74.4838,India,IN,Jammu and Kashmir,Pir Panjal Range,6.71,1435795200000.0,1606348800000,74.4838,33.6303,2015-05-14 00:00:00+00:00,False,prox:67:148:5523
13706,Telegraph India,http://www.telegraphindia.com/1080616/jsp/northeast/story_9416169.jsp,587,1213488000000.0, ,"Lakhimpur district, Bihpuria, Assam","heavy flooding and landslides in Assam and Arunachal Pradesh, difficult to determine if casualties were from flooding or landslides","Lakhimpur district, Bihpuria, Assam",25km,landslide,downpour,medium,unknown,17,0, , , ,GLC,587,27.2298,94.0989,India,IN,Assam,North Lakhimpur,1.24,1396310400000.0,1606348800000,94.0989000000001,27.2298000000001,2008-06-15 00:00:00+00:00,False,prox:54:188:4681
13718,sify.com,http://sify.com/news/traffic-resumes-on-manali-chandigarh-highway-after-a-landslide-blockage-news-national-kigrOfjcfcd.html,2215,1281052800000.0,01:00,Manali-Chandigarh highway,"Traffic resumed on the Manali-Chandigarh highway after the rubble from a landslide was cleared by the Public Works Department. The road was blocked on Friday at around 1 a.m. due to continuous rains, and was reopened in the morning.tation House Officer (",Manali-Chandigarh highway,25km,landslide,downpour,medium,unknown,0,0, , , ,GLC,2215,32.371,77.2468,India,IN,Himachal Pradesh,Chandra,4.0,1396310400000.0,1606348800000,77.2468000000001,32.371,2010-08-06 00:00:00+00:00,False,prox:64:154:4942
13719,kanglaonline.com,http://kanglaonline.com/2011/06/two-children-claimed-by-landslide-at-tamenglong/,3560,1306800000000.0,14:00,"Gaoilung(Gadailong) village(?), Ward 4(?), Tamenglong, Manipur","June 1, 2011  A major landslide at Tamenglong has reportedly claimed two lives yesterday. According to a source, two members of a family, a brother and a sister were killed in a massive landslide at the Gaoilung village, Tamenlong ward No. 4 yesterday af","Gaoilung(Gadailong) village(?), Ward 4(?), Tamenglong, Manipur",50km,landslide,downpour,medium,unknown,2,0, , , ,GLC,3560,24.8286,93.5935,India,IN,Manipur,Sempang,16.58,1396310400000.0,1606348800000,93.5935000000001,24.8286,2011-05-31 00:00:00+00:00,False,prox:49:187:5041
13727,The Tribune,http://www.tribuneindia.com/news/nation/heavy-rain-lashes-north-india-farmers-happy/105318.html,7159,1436486400000.0, ,"Baliyanala, Nainithal","A massive landslide was reported from Baliyanala in Nainital, the tourist spot, which has been battered by downpour for the last few days. Officials said they had no information on any loss of life.","Baliyanala, Nainithal",5km,landslide,continuous_rain,medium,unknown,0,0, , , ,GLC,7159,29.3908,79.4552,India,IN,Uttaranchal,Nainital,1.27,1436745600000.0,1606348800000,79.4552,29.3908000000001,2015-07-10 00:00:00+00:00,False,prox:58:158:5542
13729,The Times of India,http://timesofindia.indiatimes.com/city/kolkata/Landslides-claim-1-life-block-Hills-road-in-Darjeeling/articleshow/47858393.cms,7021,1435363200000.0,23:00,"Old Monastery Road, Ghum",The body of Phupu Doma Bhutia (45) was recovered by her relatives in her shanty in Ghoom on Sunday morning. It is suspected that a loose boulder tumbled down on the hut where Phupu lived.,"Old Monastery Road, Ghum",1km,landslide,downpour,medium,unknown,1,0, , , ,GLC,7021,27.0076,88.251,India,IN,West Bengal,Darjeeling,3.79,1435622400000.0,1606348800000,88.251,27.0076,2015-06-27 00:00:00+00:00,False,prox:54:176:5537
13730,personal communication, ,554,1211932800000.0, ,"Periyanmala, Kottayam district, Kerala, India", ,"Periyanmala, Kottayam district, Kerala, India",5km,landslide,downpour,medium,unknown,0,0, , , ,GLC,554,9.7327,76.8403,India,IN,Kerala,Kanjirapalli,19.74,1396310400000.0,1606348800000,76.8403000000001,9.73270000000002,2008-05-28 00:00:00+00:00,False,prox:19:153:4675
13739,Arunachal Times,http://www.arunachaltimes.in/landslide-blocks-ziro-tamen-road/,9168,1465689600000.0,23:00,"NH 13 10 kilometers from Old Ziro, Arunachal Pradesh, India","Estimated location along road. Heavy rains on Sunday night triggered series of landslides between Ziro and Ripali, Tamen, 10Kms from Old Ziro, stranding the commuters for the entire day. However due to heavy rains, the restoration work had to be halted a","NH 13 10 kilometers from Old Ziro, Arunachal Pradesh, India",10km,landslide,downpour,medium,above_road,0,0, ,http://www.arunachaltimes.in/wp-content/uploads/2016/06/Landslide-blocks-Ziro-Tamen-road-300x206.jpg, ,GLC,9168,27.6438,93.871,India,IN,Arunachal Pradesh,Zero,7.35,1469404800000.0,1606348800000,93.871,27.6438,2016-06-12 00:00:00+00:00,False,prox:55:187:5654
13740,Kashmir Life,http://www.kashmirlife.net/landslide-in-budgam-four-houses-collapse-76246/,7175,1428192000000.0, ,"Wadpora, Budgam near Vidyala School","Four houses collapsed, inmates were already evacuated no loss of life","Wadpora, Budgam near Vidyala School",25km,landslide,continuous_rain,medium,unknown,0,0, , , ,GLC,7175,33.9243,74.6163,India,IN,Jammu and Kashmir,Kasba,16.25,1436745600000.0,1606348800000,74.6163000000001,33.9243000000001,2015-04-05 00:00:00+00:00,False,prox:67:149:5510
13742,Times of India,http://timesofindia.indiatimes.com/india/Landslides-in-Arunachal-Pradesh-due-to-incessant-rain/articleshow/37379365.cms,6105,1403740800000.0,23:00,Arunachal Pradesh,"Landslides, triggered by incessant rain in the past couple of days have wrecked havoc in several districts of Arunachal Pradesh throwing life out of gear. While flood-like situation prevails in low-lying areas of various districts, road link between Nirj",Arunachal Pradesh,unknown,landslide,continuous_rain,medium,above_road,0,0, , , ,GLC,6105,28.9205,95.3429,India,IN,Arunachal Pradesh,Nyereng,31.81,1408838400000.0,1606348800000,95.3429000000001,28.9205000000001,2014-06-26 00:00:00+00:00,False,prox:57:190:5415
13745,newindpress,http://www.newindpress.com/NewsItems.asp?ID=IET20080210024010&Page=T&Title=Southern+News+-+Tamil+Nadu&Topic=0,448,1202428800000.0, ,Kodaikanal,85.4mm of rain recorded in a few hours,Kodaikanal,25km,landslide,rain,medium,unknown,0,0, , , ,GLC,448,12.9752,77.6092,India,IN,Karnataka,Bangalore,2.3,1396310400000.0,1606348800000,77.6092,12.9752,2008-02-08 00:00:00+00:00,False,prox:25:155:4639
13746,himachal.us,http://himachal.us/2010/09/22/heavy-rains-damage-roads-in-himachal-alert-sounded-in-kinnaur/22231/news/ravinder,2467,1284854400000.0, ,"Kumarhatti-Nahan road, Himachal Pradesh",(posted 9/22 but may cover events from past weeks)A police spokesman said that traffic on the Shimla- Kalka highway was disrupted near Solan. The beaten track of the Theog-Kotkhai-Jubbal road was blocked at several places because of landslides or traffic,"Kumarhatti-Nahan road, Himachal Pradesh",25km,landslide,downpour,medium,unknown,0,0, , , ,GLC,2467,30.7198,77.1695,India,IN,Himachal Pradesh,Nahan,21.19,1396310400000.0,1606348800000,77.1695000000001,30.7198000000001,2010-09-19 00:00:00+00:00,False,prox:61:154:4957
13753,kanglaonline,http://www.kanglaonline.com/index.php?template=headline&newsid=48686&typeid=2,1108,1250726400000.0, ,"Tamei, Tamenglong district on Imphal-Tamenglong (IT) road","Landslides on the Imphal-Tamenglong (IT) road have put the people of Tamei, Tamenglong district in difficult times as the stock of essential supplies required for daily use are running short and the concerned department of the state government is not doi","Tamei, Tamenglong district on Imphal-Tamenglong (IT) road",10km,landslide,downpour,medium,unknown,0,0, , , ,GLC,1108,24.9925,93.5,India,IN,Manipur,Brail Range,9.18,1396310400000.0,1606348800000,93.5000000000001,24.9925000000001,2009-08-20 00:00:00+00:00,False,prox:49:187:4825
13759,www.moneycontrol.com,http://www.moneycontrol.com/news/wire-news/one-killed-another-injuredlandslideuttarakhand_930257.html,5285,1375660800000.0, ,"Jhulaghat Area Of Pithoragarh District, Uttarakhand","One person was killed and another was severely injured in a landslide in Pithoragarh district of Uttarakhand today, officials said. ""A passerby was killed while another person sustained serious injuries in a landslide near a mountain in Jhulaghat area of","Jhulaghat Area Of Pithoragarh District, Uttarakhand",10km,landslide,monsoon,medium,unknown,1,1, , , ,GLC,5285,29.5659,80.3657,India,IN,Uttaranchal,Baitadi,5.59,1396310400000.0,1606348800000,80.3657000000001,29.5659000000001,2013-08-05 00:00:00+00:00,False,prox:59:160:5307
13776,himvani,http://www.himvani.com/news/2010/08/21/jeori-ganvi-link-road-blocked-after-massive-landslide/6697/,2305,1282348800000.0, ,"Jeori-Ganvi(?) rd, Kinnuar(Kinnaur) district, Himachal Pradesh","Shimla: Moderate to heavy rainfall lashed many parts of Himachal Pradesh, throwing life out of gear as many road were blocked with landslides and uprooted trees. Disconnecting road communication with five tribal panchayats of Kinnuar district, the Jeori-","Jeori-Ganvi(?) rd, Kinnuar(Kinnaur) district, Himachal Pradesh",25km,landslide,downpour,medium,unknown,0,0, , , ,GLC,2305,31.5304,77.7755,India,IN,Himachal Pradesh,Sarahan,2.82,1396310400000.0,1606348800000,77.7755000000001,31.5304,2010-08-21 00:00:00+00:00,False,prox:63:155:4947
13785,ibnlive.in.com,http://ibnlive.in.com/news/3-killed-in-rainrelated-incidents-as-heavy-showers-lash-hp/408192-3-254.html,5099,1373760000000.0, ,"Sirmaur District, Himachal Pradesh","Three persons were killed in rain-related incidents in Himachal Pradesh as incessant heavy showers wreaked havoc causing landslides at several places, blocking highways and damaging several houses. Sub Divisional Magistrate O P Rathore said the losses ar","Sirmaur District, Himachal Pradesh",25km,landslide,rain,medium,unknown,0,0, , , ,GLC,5099,30.6738,77.3544,India,IN,Himachal Pradesh,Nahan,14.19,1396310400000.0,1606348800000,77.3544,30.6738,2013-07-14 00:00:00+00:00,False,prox:61:154:5300
13790,himachal.us,http://himachal.us/2010/09/22/heavy-rains-damage-roads-in-himachal-alert-sounded-in-kinnaur/22231/news/ravinder,2464,1284854400000.0, ,"road to Chopal, Himachal Pradesh",(posted 9/22 but may cover events from past weeks)A police spokesman said that traffic on the Shimla- Kalka highway was disrupted near Solan. The beaten track of the Theog-Kotkhai-Jubbal road was blocked at several places because of landslides or traffic,"road to Chopal, Himachal Pradesh",25km,landslide,downpour,medium,unknown,0,0, , , ,GLC,2464,30.9544,77.5063,India,IN,Himachal Pradesh,Silori,17.21,1396310400000.0,1606348800000,77.5063000000001,30.9544000000001,2010-09-19 00:00:00+00:00,False,prox:61:155:4957
13792,alertnet,http://www.alertnet.org/thenews/fromthefield/222031/128136284695.htm,2210,1281052800000.0,00:00,"Leh airport, Ladakh, Jammu and Kashmir","On the night of 5th and 6th August 2010, between 00:00 hrs and 00:30 hrs, intensive rainfall followed by massive cloudburst in high altitude terrain of Leh (3505m), triggered numerous debris flows, mud flows (earth spreads) and sand flows. These widespre","Leh airport, Ladakh, Jammu and Kashmir",5km,landslide,downpour,large,unknown,0,0, , , ,GLC,2210,34.1619,77.5528,India,IN,Jammu and Kashmir,Leh,2.89,1410393600000.0,1606348800000,77.5528,34.1619000000001,2010-08-06 00:00:00+00:00,False,prox:68:155:4942
13803,hindustantimes,http://www.hindustantimes.com/Technical-glitch-landslide-delay-CR-trains-during-peak-hour/Article1-720439.aspx,3764,1310428800000.0,17:00,Between Kasara and Igatpuri,Central Railway services running down from Chhatrapati Shivaji Terminus (CST) faced delays on Tuesday. Local as well as long distance train services were affected due to a unit failure at Mulund in the morning and a landslide outside the suburban section,Between Kasara and Igatpuri,5km,landslide,rain,medium,unknown,0,0, , , ,GLC,3764,19.6699,73.5111,India,IN,Maharashtra,Igatpuri,5.69,1396310400000.0,1606348800000,73.5111000000001,19.6699,2011-07-12 00:00:00+00:00,False,prox:39:147:5055
13808,e-pao,http://www.e-pao.net/GP.asp?src=28..210810.aug10,2253,1281830400000.0,23:00,"Chingai-Kuingai(Quingai) route (16 kms), Chingai subdivision, Ukhrul district, Manipur","Since the Chingai-Quingai road has been sunk due to landslides at various points following heavy rainfall that occured twice during the past 20 days, nearly 5,000 villagers of five villages in the sub-division are facing the alarming possibility of starv","Chingai-Kuingai(Quingai) route (16 kms), Chingai subdivision, Ukhrul district, Manipur",25km,landslide,downpour,medium,unknown,0,0, , , ,GLC,2253,25.31006064,94.48265093,India,IN,Manipur,Somra,29.12,1396310400000.0,1606348800000,94.48265093,25.310060643,2010-08-15 00:00:00+00:00,False,prox:50:188:4945
13816,northindiatimes,http://www.northindiatimes.com/news/140/ARTICLE/2291/2009-09-13.html,1157,1252713600000.0,23:00,Kalka-Shimla toy train track near Kaithlighat,"A huge landslide triggered by recent torrential rains on Saturday night blocked the Kalka-Shimla toy train track near Kaithlighat, 31 kms from here. Hundreds of passengers were stranded at different places and traffic on the heritage track remained suspe",Kalka-Shimla toy train track near Kaithlighat,5km,landslide,downpour,small,unknown,0,0, , , ,GLC,1157,31.1032,77.1625,India,IN,Himachal Pradesh,Simla,8.99,1396310400000.0,1606348800000,77.1625000000001,31.1032000000001,2009-09-12 00:00:00+00:00,False,prox:62:154:4833
13820,The New India Express,http://www.newindianexpress.com/nation/Landslide-Blocks-Road-in-Nainital/2015/07/07/article2906046.ece,7084,1436140800000.0, ,"Mall Rd, Nainital","Rains since Sunday evening brought what it seemed the whole mountain down onto the mall road, Nainital's prime destination for hotels and businesses.  Huge amounts of debris have blocked access to the main market and efforts to remove the silt and debris","Mall Rd, Nainital",5km,landslide,downpour,medium,above_road,0,0, , , ,GLC,7084,29.393,79.4525,India,IN,Uttaranchal,Nainital,0.92,1436227200000.0,1606348800000,79.4525,29.393,2015-07-06 00:00:00+00:00,False,prox:58:158:5540
13822,business-standard,http://www.business-standard.com/generalnews/news/heavy-rains-lash-some-partshp-triggering-landslides/47847/,4514,1345766400000.0, ,"Mandi, Himachal Pradesh,","Heavy rains lashed some parts of Himachal Pradesh, triggering landslides at some places and leading to slight drop in maximum temperatures. Several link rooads in the interiors of Kangra, Mandi, Sirmaur and Solan districts were blocked due to landslides.","Mandi, Himachal Pradesh,",5km,landslide,downpour,medium,unknown,0,0, , , ,GLC,4514,31.709,76.9312,India,IN,Himachal Pradesh,Mandi,0.84,1396310400000.0,1606348800000,76.9312,31.7090000000001,2012-08-24 00:00:00+00:00,False,prox:63:153:5192
13827,dna,http://www.dnaindia.com/mumbai/commentary_live-heavy-rains-hit-mumbai-landslide-in-chembur_1736269,4535,1346630400000.0, ,"Chembur, Mumbai, Maharashtra",Heavy rains lead to landslide in Chembur area of suburban Mumbai. Two fire engines and an ambulance has been rushed to the spot,"Chembur, Mumbai, Maharashtra",5km,landslide,downpour,medium,urban,0,0, , , ,GLC,4535,19.0397,72.907,India,IN,Maharashtra,Trombay,2.47,1452729600000.0,1606348800000,72.907,19.0397,2012-09-03 00:00:00+00:00,False,prox:38:145:5195
13829,The Times Of India,http://timesofindia.indiatimes.com/city/goa/Wall-falls-as-flooded-Cansaulim-PHC-site-triggers-landslide/articleshow/52963543.cms,7932,1467072000000.0, ,"PHC Cansaulim, Goa, India","Heavy rainfall over the last few days and the stagnation of water at the construction site of the primary health centre (PHC) at Cansaulim, triggered a landslide and led to the collapse of a compound wall on Tuesday. Even as locals had voiced their fears","PHC Cansaulim, Goa, India",exact,landslide,downpour,small,mine,0,0, , , ,GLC,7932,15.3455,73.8976,India,IN,Goa,Goa Dabolim,7.93,1467244800000.0,1606348800000,73.8976000000001,15.3455000000001,2016-06-28 00:00:00+00:00,False,prox:30:147:5660
13840,sify.com,http://sify.com/news/landslide-disrupts-supply-lines-between-siliguri-darjeeling-news-national-kgqtabgbdjc.html,1993,1276646400000.0, ,"Kurseong sub-division, Road between Kurseong and New Jalpaiguri","2010-06-16 19:00:00  Supply lines between Siliguri and Darjeeling districts of West Bengal were disrupted Wednesday following a landslide on national highway 55 in the Kurseong sub-division of Darjeeling district, officials said.  No casualties were repo","Kurseong sub-division, Road between Kurseong and New Jalpaiguri",10km,landslide,downpour,medium,unknown,0,0, , , ,GLC,1993,26.8073,88.3162,India,IN,West Bengal,Kurseong,9.27,1396310400000.0,1606348800000,88.3162,26.8073,2010-06-16 00:00:00+00:00,False,prox:53:176:4925
13847,pakistantimes,http://www.pakistantimes.net/pt/detail.php?newsId=20010,3250,1300492800000.0, ,"Jammu-Srinagar hwy, Digdol, Ramban, Jammu and Kashmir","The landslides blocked the road on at least four places including Sheeri, Panithal and Digdol.","Jammu-Srinagar hwy, Digdol, Ramban, Jammu and Kashmir",5km,landslide,downpour,medium,unknown,0,0, , , ,GLC,3250,33.3308,75.1773,India,IN,Jammu and Kashmir,Gund,11.64,1410307200000.0,1606348800000,75.1773000000001,33.3308000000001,2011-03-19 00:00:00+00:00,False,prox:66:150:5017
13855,articles.timesofindia.indiatimes.com,http://articles.timesofindia.indiatimes.com/2013-07-08/india/40442321_1_landslides-heavy-rainfall-isolated-places,5053,1373155200000.0, ,"Mandi-Pathankot Highway At Gumma In Mandi, Himachal Pradesh","Heavy rainfall continued to lash several parts of Himachal Pradesh on Sunday, causing rise in water level in rivers, besides triggering landslides at some places. In Mandi town flooding of a nullah near the government hospital choked the hospital premise","Mandi-Pathankot Highway At Gumma In Mandi, Himachal Pradesh",1km,landslide,downpour,medium,unknown,0,0, , , ,GLC,5053,31.9671,76.8521,India,IN,Himachal Pradesh,Tarmahr,11.98,1396310400000.0,1606348800000,76.8521000000001,31.9671000000001,2013-07-07 00:00:00+00:00,False,prox:63:153:5297
13865,www.business-standard.com,http://www.business-standard.com/article/current-affairs/clear-weather-in-most-parts-of-uttarakhand-113072600531_1.html,5208,1374796800000.0, ,Rishikesh-Badrinath Highway Near Kaleshwar,"The Rishikesh-Badrinath highway near Kaleshwar was also blocked and efforts are on to open these blocked routes, said the officials.",Rishikesh-Badrinath Highway Near Kaleshwar,5km,landslide,rain,medium,unknown,0,0, , , ,GLC,5208,30.2835,79.2498,India,IN,Uttaranchal,Langsu,3.1,1410307200000.0,1606348800000,79.2498000000001,30.2835000000001,2013-07-26 00:00:00+00:00,False,prox:60:158:5304
13866,Indian Express,http://www.newindianexpress.com/nation/Malshej-ghat-closed-after-landslide-3rd-incident-this-season/2016/08/03/article3561161.ece,9356,1470096000000.0,22:00,"Malshej ghat, Maharashtra, India","Malshej ghat, a vital link to Mumbai and other parts of the state via Murbad taluka in the district, has been closed for vehicular traffic after landslide and boulder crash late tonight, police said.  This is the third such incident on Malshej ghat route","Malshej ghat, Maharashtra, India",1km,rock_fall,monsoon,medium,above_road,0,0, , , ,GLC,9356,19.3421,73.7735,India,IN,Maharashtra,Harischandra Range,13.44,1470182400000.0,1606348800000,73.7735000000001,19.3421000000001,2016-08-02 00:00:00+00:00,False,prox:38:147:5671
13868,ibnlive.in,http://ibnlive.in.com/news/landslides-in-parts-of-idukki/156453-60-116.html,3562,1306886400000.0,23:00,"Kottayam-Kattapana road, at Ellapara(Elappara) village, Idukki, Kerala","Jun 04, 2011   Heavy rain lashing the state has caused landslides at various parts of the district. A landslide was reported at Ellapara on Wednesday night disrupting the vehicular movement on the Kottayam-Kattapana road for a few hours. A house was part","Kottayam-Kattapana road, at Ellapara(Elappara) village, Idukki, Kerala",5km,landslide,downpour,medium,unknown,0,0, , , ,GLC,3562,9.6326,76.9792,India,IN,Kerala,Kanjirapalli,21.76,1396310400000.0,1606348800000,76.9792,9.63260000000002,2011-06-01 00:00:00+00:00,False,prox:19:153:5042
13882,Samachar Today,http://www.samachartoday.com/gangotri-national-highway-block-due-to-landslides/9243,2241,1281657600000.0, ,"Gangotree national highway near Bhatvaree, Uttarkashi district","In Uttarakhand, Gangotree national highway has been blocked due to landslides near Bhatvaree in Uttarkashi District today.  According to District Magistrate Saurabh Jain, landslide happened due to heavy rain which occurred in last two-three days. Meanwhi","Gangotree national highway near Bhatvaree, Uttarkashi district",5km,landslide,downpour,medium,above_road,0,0, , , ,GLC,2241,30.80200029,78.61786282,India,IN,Uttaranchal,Uttarkashi,18.67,1396310400000.0,1606348800000,78.6178628170001,30.8020002860001,2010-08-13 00:00:00+00:00,False,prox:61:157:4944
13888,articles.timesofindia,http://articles.timesofindia.indiatimes.com/2011-06-18/kolkata/29673649_1_rescue-operations-fire-brigade-mudslide,3621,1308268800000.0, ,"St Mary's Hill, 3 km from Kurseong, West Bengal",A man and his three children were killed when a mudslide crushed their house in St Mary's Hills early on Friday. His wife had a narrow escape. The place is around 3 km from Kurseong town.  The Hills had been receiving incessant overnight rain. Apart from,"St Mary's Hill, 3 km from Kurseong, West Bengal",5km,mudslide,downpour,large,unknown,4,0, , , ,GLC,3621,26.88,88.28,India,IN,West Bengal,Kurseong,0.45,1396310400000.0,1606348800000,88.2800000000001,26.88,2011-06-17 00:00:00+00:00,False,prox:53:176:5047
13893,ibnlive.in,http://ibnlive.in.com/news/amarnath-yatra-suspended-due-to-landslides/164665-3.html,3707,1309651200000.0, ,Blocked the track between Railpathri and Baltal,"Srinagar: The Amarnath yatra was on Sunday suspended from both Baltal and Pahalgam routes following landslides triggered by heavy rains, officials said.  ""The pilgrims were not allowed from either Pahalgam or Baltal route today due to landslides triggere",Blocked the track between Railpathri and Baltal,25km,landslide,rain,medium,unknown,0,0, , , ,GLC,3707,34.1601,75.496,India,IN,Jammu and Kashmir,Baziran,18.0,1396310400000.0,1606348800000,75.496,34.1601000000001,2011-07-03 00:00:00+00:00,False,prox:68:150:5052
13913,E-PAO,http://e-pao.net/GP.asp?src=21..020815.aug15,7370,1438387200000.0, ,between Moltuk to New Songjang village,one landslide between Moltuk to New Songjang village,between Moltuk to New Songjang village,5km,landslide,continuous_rain,medium,above_road,0,0, , , ,GLC,7370,24.1419,94.1078,India,IN,Manipur,Jun,19.11,1448064000000.0,1606348800000,94.1078000000001,24.1419000000001,2015-08-01 00:00:00+00:00,False,prox:48:188:5549
13950,Morung Express,http://morungexpress.com/landslides-mizoram-aizawl-cut-off/,9770,1496275200000.0, ,"Landslide in Mizoram, off of Aizawl",NH 54 was blocked by rain-triggered landslides from Cyclone Mora,"Hunthar Area, NH 54, off of Aizawl",5km,landslide,tropical_cyclone,medium,above_road,0,0,Cyclone Mora, , ,GLC, ,23.73941422,92.71505961,India,IN,Mizoram,Aizwal,9.48,1497571200000.0,1606348800000,92.7150596110001,23.739414218,2017-06-01 00:00:00+00:00,False,named:cyclone mora
13953,Arunachal Times,http://www.arunachaltimes.in/mudslide-kills-one/,9797,1495584000000.0,14:00,Mudslide in on Sarli-Damin road,Landslide in jungle road buries woman,"Sarli-Damin road in Kurung Kumey district, near Lee village",25km,mudslide,rain,small,above_road,1,0, , , ,GLC, ,27.769793,93.50995626,India,IN,Arunachal Pradesh,Iyaba,11.97,1497916800000.0,1606348800000,93.5099562630001,27.7697929990001,2017-05-24 00:00:00+00:00,False,prox:55:187:5770
13957,India Times,http://www.indiatimes.com/news/india/caught-in-a-landslide-near-manali-a-group-of-brave-travellers-builds-road-helps-others-325022.html,9925,1498953600000.0, ,Landslide blocks road 3km from near Langza,"Landslide 3km down road blocks road linking Langza with Manali, travelers stranded + forced to repair  road themselves","Spiti, Lahul & Spiti, Himachal Pradesh",5km,landslide,rain,small,above_road,0,0, , , ,GLC, ,32.24637329,78.06616409,India,IN,Himachal Pradesh,Luling,2.04,1499040000000.0,1606348800000,78.0661640860001,32.2463732890001,2017-07-02 00:00:00+00:00,False,prox:64:156:5783
13958,India Times,http://www.indiatimes.com/news/india/caught-in-a-landslide-near-manali-a-group-of-brave-travellers-builds-road-helps-others-325022.html,9924,1498953600000.0, ,Landslide temporarily strands travelers near Langza,"Landslide blocks road linking Langza with Manali, travelers stranded + forced to repair  road themselves","Langza, Lahaul and Spiti, Himachal Pradesh, India",5km,landslide,rain,small,above_road,0,0, , ,Article has Instagram video of travelers organizing road repair,GLC, ,32.26186432,78.0685005,India,IN,Himachal Pradesh,Luling,3.76,1499040000000.0,1606348800000,78.0685005030001,32.26186432,2017-07-02 00:00:00+00:00,False,prox:64:156:5783
13960,Arunachal Times,http://www.arunachaltimes.in/nature-unleashes-fury-leaves-trail-of-devastation-in-itanagar/,9934,1498867200000.0, ,Landslide blocks road,Landslide near Waii International Hotel blocks Mowb-II-Zero Point Road,"Bhalukpong, West Kameng, Arunachal Pradesh",1km,landslide,continuous_rain,small,above_road,0,0, , , ,GLC, ,27.01145644,92.64204045,India,IN,Arunachal Pradesh,Digbaljuli,19.46,1499040000000.0,1606348800000,92.642040449,27.011456438,2017-07-01 00:00:00+00:00,False,prox:54:185:5782
13966,The Economic Times,http://economictimes.indiatimes.com/news/politics-and-nation/jk-highway-closed-for-traffic-due-to-landslides/articleshow/59380382.cms,9897,1498780800000.0, ,Multiple landslides along highway,Landslides along Jammu-Srinagar National Highway triggered by heavy rains. Landslide marked near Nashri tunnel.,"NH-1A, Patnitop, Chenani, Udhampur, Jammu & Kashmir, 182142",1km,landslide,downpour,small,above_road,0,0, , , ,GLC, ,33.08146902,75.29750088,India,IN,Jammu and Kashmir,Udhampur,23.81,1498780800000.0,1606348800000,75.2975008760001,33.081469021,2017-06-30 00:00:00+00:00,False,prox:66:150:5782
13968,Tribune India,http://www.tribuneindia.com/news/uttarakhand/no-clue-of-gangnani-man-buried-under-landslide/287797.html,9915,1472342400000.0, ,Landslide at Gangnani,1 man was buried under a landslide and the body was not found.,"Gangnani, Uttarakhand, India",1km,landslide,rain,small,above_road,1,0, , , ,GLC, ,30.922325,78.681379,India,IN,Uttaranchal,Purali,12.73,1499040000000.0,1606348800000,78.681379,30.9223250000001,2016-08-28 00:00:00+00:00,False,prox:61:157:5680
13969,The Northlines,http://thenorthlines.com/batote-kishtwar-highway-blocked-landslide/,9899,1498694400000.0, ,Landslide blocks highway,Landslide blocks Batote-Kishtwar Highway near Drabshalla,"NH-1B, Drabshalla, Jammu and Kashmir",5km,landslide,rain,medium,above_road,0,0, ,http://thenorthlines.com/wp-content/uploads/2017/06/Batote-Kishtwar-highway-blocked-after-landslide-.jpg, ,GLC, ,33.18477201,75.80813836,India,IN,Jammu and Kashmir,Shandero,3.65,1498780800000.0,1606348800000,75.8081383580001,33.184772011,2017-06-29 00:00:00+00:00,False,prox:66:151:5782
13970,Arunachal Pradesh,http://www.arunachaltimes.in/nature-unleashes-fury-leaves-trail-of-devastation-in-itanagar/,9935,1498867200000.0,07:00,House in Itanagar washed away by landslide,Landslide completely destroys house in Sanglo Potum. No casualties as house was vacated immediately prior.,"Sanglo Potum (??), Itanagar, Papum Pare, Arunachal Pradesh",5km,landslide,continuous_rain,medium,natural_slope,0,0, , , ,GLC, ,27.08168565,93.60815652,India,IN,Arunachal Pradesh,Kaolakhat,50.3,1499040000000.0,1606348800000,93.608156524,27.081685647,2017-07-01 00:00:00+00:00,False,prox:54:187:5782
13972,Sahil Online,http://www.sahilonline.net/en/kumta-bargi-landslide,9937,1499040000000.0, ,Landslide blocks NH-66,Landslide completely blocks NH-66 in Bargi for 3 hours.,"Bargi, Kumta, Uttara Kannada, Karnataka",1km,landslide,rain,medium,above_road,0,0, ,http://www.sahilonline.net/uploads/2017/June-30/IMG-20170629-WA0098_slider.jpg, ,GLC, ,14.52203442,74.41035052,India,IN,Karnataka,Gokarn,10.8,1499040000000.0,1606348800000,74.410350518,14.522034424,2017-07-03 00:00:00+00:00,False,prox:29:148:5783
13973,The Arunachal Times,http://www.arunachaltimes.in/nature-unleashes-fury-leaves-trail-of-devastation-in-itanagar/,9932,1498867200000.0,05:00,Landslide near Dree Festival Ground,Incessant rains trigger floods and landslides around Itanagar. The National Highway 415 road between Itanagar and Naharlagun is blocked as a large portion of the highway near Dree Ground was washed away early on Saturday morning.,"Dree Festival Ground, NH-415, Arunachal Pradesh, India",exact,landslide,downpour,medium,below_road,0,0, ,http://www.arunachaltimes.in/wp-content/uploads/2017/07/Near-Dree-Ground-300x206.jpg, ,GLC, ,27.10647226,93.65975252,India,IN,Arunachal Pradesh,North Lakhimpur,46.6,1499040000000.0,1606348800000,93.659752515,27.1064722620001,2017-07-01 00:00:00+00:00,False,prox:54:187:5782
13981,Indian Express,http://indianexpress.com/article/india/india-news-india/sporadic-rains-in-himachal-pradesh-trapped-pilgrim-dies-in-landslide-2989186/,9892,1471737600000.0, ,Landslide in Kinner Kailash,Sporadic rains occurred in some places in Himachal Pradesh even as a pilgrim trapped due to a landslide died while three others were rescued.,"Kinner Kailash, Himachal Pradesh",exact,landslide,rain,small,natural_slope,1,0, , , ,GLC, ,31.45206,78.401303,India,IN,Himachal Pradesh,Chitkal,10.72,1498780800000.0,1606348800000,78.401303,31.4520600000001,2016-08-21 00:00:00+00:00,False,prox:62:156:5678
13987,E-Pao,http://e-pao.net/GP.asp?src=2..020717.jul17,9931,1498780800000.0, ,NH-2 blocked by landslide along Imphal-Dimapur section,http://e-pao.net/GP.asp?src=2..020717.jul17,Torrential downpour causes road-blocking lansdlide along NH-2 near Bimparao village,1km,landslide,downpour,small,above_road,0,0, , , ,GLC, ,25.06657276,93.9310888,India,IN,Manipur,Kalapahar,6.37,1499040000000.0,1606348800000,93.931088796,25.06657276,2017-06-30 00:00:00+00:00,False,prox:50:187:5782
13995,Nagaland Post,http://nagalandpost.com/ChannelNews/State/StateNews.aspx?news=TkVXUzEwMDEwMTQ5OQ%3d%3d,9904,1472083200000.0, ,Mudslide near Kohima,"Torrential rainfall on Thursday triggered heavy mudslide at the old dumping zone area, around 11 kms away from the state capital. North traffic control room informed that the debris was cleared around 6.30 p.m. Vehicles travelling to Kohima and those veh","Near Kohima, Nagaland, India",25km,mudslide,rain,small,natural_slope,0,0, , , ,GLC, ,25.660517,94.104931,India,IN,Nagaland,Naga Hills,20.49,1498780800000.0,1606348800000,94.1049310000001,25.660517,2016-08-25 00:00:00+00:00,False,prox:51:188:5679
13996,Hindustan Times,http://www.hindustantimes.com/mumbai-news/landslide-at-mumbra-bypass-affects-traffic/story-iZ2z9sZrZA3p6JkRHYPSGJ.html,9913,1472428800000.0,04:00,Landslide near Rehamania Hospital,Small landslide caused minor road delays.,"Rehamania Hospital, Mumbra Bypass, Thane, Maharashtra, India",exact,landslide,rain,small,above_road,0,0, , , ,GLC, ,19.170539,73.022276,India,IN,Maharashtra,Dombivli,7.8,1499040000000.0,1606348800000,73.022276,19.1705390000001,2016-08-29 00:00:00+00:00,False,prox:38:146:5680
13999,India Times,http://www.indiatimes.com/news/india/caught-in-a-landslide-near-manali-a-group-of-brave-travellers-builds-road-helps-others-325022.html,9927,1498953600000.0, ,Landslide blocks road to Manali,Landslide blocks road 8km from near Langza,"Spiti, Lahul & Spiti, Himachal Pradesh",10km,landslide,rain,small,above_road,0,0, , , ,GLC, ,32.23843313,78.06239076,India,IN,Himachal Pradesh,Luling,1.27,1499040000000.0,1606348800000,78.062390759,32.238433128,2017-07-02 00:00:00+00:00,False,prox:64:156:5783
14005,www.assamtribune.com,http://www.assamtribune.com/scripts/detailsnew.asp?id=jul1613/oth06,5084,1373587200000.0,23:00,"National Highway 2 Near Phesama Village Close To Kisama Naha Heritage Site, Kohima District, Nagaland",Inter-State bus services in Manipur have been suspended for the past three days following the landslide on the National Highway near Kohima on Friday night. A 200 feet stretch of National Highway (NH 2) near Phesama village close to Kisama Naha heritage,"National Highway 2 Near Phesama Village Close To Kisama Naha Heritage Site, Kohima District, Nagaland",10km,landslide,downpour,medium,unknown,0,0, , , ,GLC,5084,25.616,94.1167,India,IN,Nagaland,Sochumei,19.49,1396310400000.0,1606348800000,94.1167,25.616,2013-07-12 00:00:00+00:00,False,prox:51:188:5299
14007,www.deccanchronicle.com,http://www.deccanchronicle.com/131114/news-current-affairs/article/heavy-rains-landslide-hit-train-services-kumari-thiruvana%C2%ADntha,5635,1384300800000.0,23:00,"Karakkamandapam, Kerala","Train services between Kanyakumari and Thiru_va__nanthapuram were cancelled following a landslide on the track at Nemom on Wednesday. The landslide, caused by heavy rain last night, was said to have partially covered the railway track. According to south","Karakkamandapam, Kerala",5km,landslide,downpour,medium,unknown,0,0, , , ,GLC,5635,8.4557,77.009,India,IN,Kerala,Trivandrum,10.24,1396310400000.0,1606348800000,77.0090000000001,8.45570000000004,2013-11-13 00:00:00+00:00,False,prox:16:154:5340
14013,thehindu,http://www.thehindu.com/news/states/other-states/article797102.ece,2502,1285372800000.0, ,"Dharam-Tharad area(?), Ramban district","As many as 44 structures were on Sunday damaged in a landslide in Ramban district of Jammu and Kashmir today, officials said.  Heavy rains in the Dharam-Tharad area caused the landslide which destroyed 42 houses, a mosque and a government school, they sa","Dharam-Tharad area(?), Ramban district",25km,landslide,downpour,medium,unknown,0,0, , , ,GLC,2502,33.241,75.2382,India,IN,Jammu and Kashmir,Chaunkri,20.44,1396310400000.0,1606348800000,75.2382000000001,33.241,2010-09-25 00:00:00+00:00,False,prox:66:150:4959
14023,dnaindia,http://www.dnaindia.com/india/report_amarnath-pilgrims-held-up-on-j-and-k-highway-due-to-landslides_1413298,2118,1279756800000.0,05:00,"near Panthal, between Ramban and Ramsu(?), on Jammu-Srinagar hwy, Jammu and Kashmir","The Amarnath pilgrims were today stranded on Jammu-Srinagar highway due to landslides triggered by heavy rains between Ramban and Ramsu.  A batch of 2244 pilgrims, which had left here in a fleet of 49 vehicles around 5am, was not allowed to proceed furth","near Panthal, between Ramban and Ramsu(?), on Jammu-Srinagar hwy, Jammu and Kashmir",10km,landslide,downpour,medium,unknown,0,0, , , ,GLC,2118,33.3893,75.203,India,IN,Jammu and Kashmir,Gund,4.97,1396310400000.0,1606348800000,75.203,33.3893,2010-07-22 00:00:00+00:00,False,prox:66:150:4937
14034,dailypioneer,http://www.dailypioneer.com/nation/78471-cloudburst-landslide-in-u-khand-claim-one.html,4445,1341446400000.0, ,"Badrinath Rd,  Rishikesh, Uttarakhand","Chamoli District Magistrate SA Murugeshan told The Pioneer that due to landslide resulting from a cloudburst at Berhi, 28-year-old Pramila Rai died at the Tapovan resort where some tourists were staying. The cloudburst occurred at 2.30 am on Thursday and","Badrinath Rd,  Rishikesh, Uttarakhand",1km,landslide,downpour,large,unknown,1,0, , , ,GLC,4445,30.1281,78.3221,India,IN,Uttaranchal,Rishikesh,8.85,1396310400000.0,1606348800000,78.3221,30.1281000000001,2012-07-05 00:00:00+00:00,False,prox:60:156:5175
14035,The Indian EXPRESS,http://www.indianexpress.com/news/50-major-landslides-hit-four-road-stretches-in-uttarakhand-govt/1131703/,4928,1371340800000.0, ,"Rudraprayag-Gaurikund Road, Uttarakhand","Between June 15 and 17th. ""Extensive damage has been done to lives and property due to torrential rains, cloudbursts and landslides between June 15 and 17. Vital road and infrastructure has been destroyed.... A number of bridges have been washed away or","Rudraprayag-Gaurikund Road, Uttarakhand",25km,landslide,rain,medium,unknown,0,0, , , ,GLC,4928,30.4619,79.0765,India,IN,Uttaranchal,Gaundar,18.52,1396310400000.0,1606348800000,79.0765000000001,30.4619000000001,2013-06-16 00:00:00+00:00,False,prox:60:158:5290
14067,samaylive,http://www.samaylive.com/news/rains-landslides-disrupt-kailash-mansarovar-pilgrimage/648603.html,1097,1250467200000.0,18:00,Pithoragarh district,"Dehra Dun, Aug 18 Rivers in Uttarakhand swelled as heavy rains lashed several places in the hill state while traffic was affected on many roads, including highways, after landslides swamped many stretches with soil and boulders. Official sources said roa",Pithoragarh district,25km,landslide,continuous_rain,medium,unknown,0,0, , , ,GLC,1097,29.4085,80.1327,India,IN,Uttaranchal,Pithoragarh,21.26,1396310400000.0,1606348800000,80.1327000000001,29.4085000000001,2009-08-17 00:00:00+00:00,False,prox:58:160:4824
14092,Times of India,http://timesofindia.indiatimes.com/city/mysuru/-Traffic-disrupted-for-4-hours-due-to-landslide/articleshow/9004179.cms?from=mdr,3659,1309132800000.0, ,Madikeri-Mangalore highway,"Traffic was disrupted for four hours on Madikeri-Mangalore highway following a huge landslide, which dumped a lot of wet mud on to the road. It took the PWD over five hours to clear the road with the help of excavators. Deputy commissioner Chandregowda v",Madikeri-Mangalore highway,unknown,landslide,rain,medium,unknown,0,0, , , ,GLC,3659,12.6771,75.2565,India,IN,Karnataka,Puttur,10.71,1396310400000.0,1606348800000,75.2565000000001,12.6771,2011-06-27 00:00:00+00:00,False,prox:25:150:5050
14111,Oheraldo news,http://oheraldo.in/node/27006,143,1185580800000.0, ,Vasco,closest to predicted location of Alibag (383.81 km),Vasco,5km,landslide,rain,medium,unknown,0,0, , , ,GLC,143,15.4014,73.8277,India,IN,Goa,Goa Dabolim,2.25,1396310400000.0,1606348800000,73.8277,15.4014,2007-07-28 00:00:00+00:00,False,prox:30:147:4574
14130,The Northlines,http://thenorthlines.com/readMore.aspx?nid=38648,7176,1427932800000.0, ,Frasthar,38 houses have been damaged due to landslide,Frasthar,1km,landslide,continuous_rain,medium,natural_slope,0,0, , , ,GLC,7176,34.1587,74.4725,India,IN,Jammu and Kashmir,Palhalan,6.49,1436745600000.0,1606348800000,74.4725000000001,34.1587000000001,2015-04-02 00:00:00+00:00,False,prox:68:148:5509
14133,Tribune India.com, ,37,1174262400000.0, ,Doba,"2 killed, 5 injured",Doba,25km,landslide,rain,medium,unknown,2,0, , , ,GLC,37,33.8778,74.3333,India,IN,Jammu and Kashmir,Rajpur,9.74,1396310400000.0,1606348800000,74.3333000000001,33.8778,2007-03-19 00:00:00+00:00,False,prox:67:148:4530
14139,The Assam Tribune,http://www.assamtribune.com/scripts/detailsnew.asp?id=jul1117/city050,10004,1499644800000.0, ,Landslide damages house,Temporary house near Srimanta Sankar Academy damaged by landslides amid storms and flooding throughout Assam State,"Dispur, Kamrup Metropolitan, Assam",1km,landslide,continuous_rain,small,urban,0,0, ,http://www.assamtribune.com/jul1117/city050.jpg, ,GLC, ,26.14547804,91.79364785,India,IN,Assam,Gauhati,5.96,1499731200000.0,1606348800000,91.7936478510001,26.145478042,2017-07-10 00:00:00+00:00,False,prox:52:183:5785
14147,Scroll.in,http://scroll.in/latest/848827/nagpur-mumbai-duronto-express-derails-in-maharashtra-injuries-reported,10046,1503964800000.0,08:00,Train derailed by landslide,"7 coaches derailed after hitting an unexpected landslide, although it slowed down before collision, preventing casualties.","Shahapur, Thane, Maharashtra",5km,landslide,rain,medium,above_road,0,0, ,https://d1u4oo4rb13yy8.cloudfront.net/article/67018-vbeqmcaixs-1503983529.jpg, ,GLC, ,19.41286968,73.28423263,India,IN,Maharashtra,Shahapur,6.77,1503964800000.0,1606348800000,73.2842326270001,19.412869679,2017-08-29 00:00:00+00:00,False,prox:38:146:5802
14155,The Assam Tribune,http://www.assamtribune.com/scripts/detailsnew.asp?id=jul0417/city055,9949,1499040000000.0, ,Landslide opposite Jorabat Police Outpost,Landslide blocks road opposite Jorabat Police Outpost following heavy rains,"G S Road, Sonapur, Kamrup Metropolitan, Assam, 781141",1km,landslide,downpour,small,above_road,0,0, , ,"Date is approximate as article states ""Following Sunday's [7/2] heavy rainfall""",GLC, ,26.10035658,91.87351723,India,IN,Assam,Pomahi,0.89,1499212800000.0,1606348800000,91.873517231,26.1003565830001,2017-07-03 00:00:00+00:00,False,prox:52:183:5783
14157,The Northeast Today,https://thenortheasttoday.com/manipur-ukhrul-district-affected-by-landslide-along-imphal-ukhrul-highway-namthilog/,9948,1498867200000.0,unknown,Landslide causes Ukhrul-Imphal road to sink,"Landslide affects 200m of Ukhrul-Imphal road near Litan police station, road sinks 6 meters. From the attached picture it appears a bus/truck was damaged.","NH-150, Ukhrul Central, Ukhrul, Manipur, 795142",1km,landslide,rain,small,below_road,0,0, ,https://thenortheasttoday.com/wp-content/uploads/2017/07/efront-2___Landslides-hit-Ukhrul-district.jpg,"Article states ""within last 5 days"" of 7/3/17",GLC, ,24.95178179,94.20340026,India,IN,Manipur,Manipur,26.94,1499212800000.0,1606348800000,94.203400262,24.9517817930001,2017-07-01 00:00:00+00:00,False,prox:49:188:5782
14159,The Arunachal Times,http://www.arunachaltimes.in/nature-unleashes-fury-leaves-trail-of-devastation-in-itanagar/,9933,1498780800000.0,23:00,Landslide threatens orphanage with collapse,"Gyan Mission Orphanage at Jollang is also on the verge of caving in as a major chunk of earth was washed away by Friday night’s heavy rainfall throughout Itanagar, which caused numerous landslides and floods.","Jollang, Itanagar Sub-District, Papum Pare, Arunachal Pradesh, 791123",1km,landslide,downpour,medium,natural_slope,0,0, , , ,GLC, ,27.04768643,93.61899644,India,IN,Arunachal Pradesh,Kaolakhat,46.51,1499040000000.0,1606348800000,93.618996441,27.0476864280001,2017-06-30 00:00:00+00:00,False,prox:54:187:5782
14160,The Hindu,http://www.thehindu.com/news/national/other-states/Rains-trigger-landslide-on-Gangotri-highway-in-Uttarakhand/article15617212.ece,9912,1472428800000.0,08:00,Landslide on Gangotri Highway,More than five dozen people were stranded and the priest of a famous temple was trapped under debris in Gangotri after heavy rains triggered a landslide in the regio,"Gangotri Highway, Uttarakhand, India",exact,landslide,rain,medium,above_road,0,1, , , ,GLC, ,30.995694,78.936314,India,IN,Uttaranchal,Dhumku,12.54,1499040000000.0,1606348800000,78.936314,30.9956940000001,2016-08-29 00:00:00+00:00,False,prox:61:157:5680
14165,The Hindu,http://www.thehindu.com/news/national/other-states/fresh-mudslides-affect-traffic-in-nagalandmanipur/article4928261.ece,5123,1374019200000.0, ,"National Highway 2 Near Meriema Village, 10 Km Away From Kohima",Fresh mudslides were reported in some parts of Nagaland affecting the vehicular movements in Nagaland and Manipur. The mudslides had buried some portions of highways 2 and 29 on Tuesday. An 80 metre long breach at NH 2 near Kohima has disrupted all vehic,"National Highway 2 Near Meriema Village, 10 Km Away From Kohima",50km,mudslide,rain,medium,unknown,0,0, , , ,GLC,5123,25.7131,94.0885,India,IN,Nagaland,Naga Hills,16.99,1396310400000.0,1606348800000,94.0885000000001,25.7131,2013-07-17 00:00:00+00:00,False,prox:51:188:5301
14167,The Hindu,http://www.thehindu.com/news/national/other-states/fresh-mudslides-affect-traffic-in-nagalandmanipur/article4928261.ece,5122,1374019200000.0, ,"National Highway 29 Between Patkai Bridge And Kukidolong, Nagaland",Fresh mudslides were reported in some parts of Nagaland affecting the vehicular movements in Nagaland and Manipur. The mudslides had buried some portions of highways 2 and 29 on Tuesday. An 80 metre long breach at NH 2 near Kohima has disrupted all vehic,"National Highway 29 Between Patkai Bridge And Kukidolong, Nagaland",50km,mudslide,rain,medium,unknown,0,0, , , ,GLC,5122,25.7658,93.9413,India,IN,Nagaland,Chashinya,19.41,1396310400000.0,1606348800000,93.9413000000001,25.7658000000001,2013-07-17 00:00:00+00:00,False,prox:51:187:5301
14169,timesofindia.indiatimes.com,http://timesofindia.indiatimes.com/city/kozhikode/Landslide-holds-up-traffic-at-Nadukani-for-hours-none-injured/articleshow/20771153.cms,4983,1372118400000.0,08:00,"Jaram, Kerala-Tamil Nadu Inter-State Highway, Nadukani Ghat Road Connecting Nilambur With Gudallur In Tamilnadu","The landslides occurred at First Hairpin Bend, Thenpara and Jaram regions of Ghat Road, after the heavy rain received at Nadukani last night. Efforts to clear the block began early morning on Tuesday by forest officials who arrived from Nellikkuthu.","Jaram, Kerala-Tamil Nadu Inter-State Highway, Nadukani Ghat Road Connecting Nilambur With Gudallur In Tamilnadu",unknown,landslide,downpour,medium,unknown,0,0, , , ,GLC,4983,10.9628,77.5947,India,IN,Tamil Nadu,Kangayam,6.08,1396310400000.0,1606348800000,77.5947,10.9628000000001,2013-06-25 00:00:00+00:00,True,prox:21:155:5293
14170,timesofindia.indiatimes.com,http://timesofindia.indiatimes.com/city/kozhikode/Landslide-holds-up-traffic-at-Nadukani-for-hours-none-injured/articleshow/20771153.cms,4982,1372118400000.0,08:00,"Thenpara, Kerala-Tamil Nadu Inter-State Highway, Nadukani Ghat Road Connecting Nilambur With Gudallur In Tamilnadu","The landslides occurred at First Hairpin Bend, Thenpara and Jaram regions of Ghat Road, after the heavy rain received at Nadukani last night. Efforts to clear the block began early morning on Tuesday by forest officials who arrived from Nellikkuthu.","Thenpara, Kerala-Tamil Nadu Inter-State Highway, Nadukani Ghat Road Connecting Nilambur With Gudallur In Tamilnadu",unknown,landslide,downpour,medium,unknown,0,0, , , ,GLC,4982,10.9628,77.5947,India,IN,Tamil Nadu,Kangayam,6.08,1396310400000.0,1606348800000,77.5947,10.9628000000001,2013-06-25 00:00:00+00:00,True,prox:21:155:5293
14172,The Indian EXPRESS,http://www.indianexpress.com/news/50-major-landslides-hit-four-road-stretches-in-uttarakhand-govt/1131703/,4931,1371340800000.0, ,"Pithoragarh-Ghatiabgarh Road, Uttarakhand","Between June 15 and 17th. ""Extensive damage has been done to lives and property due to torrential rains, cloudbursts and landslides between June 15 and 17. Vital road and infrastructure has been destroyed.... A number of bridges have been washed away or","Pithoragarh-Ghatiabgarh Road, Uttarakhand",50km,landslide,rain,medium,unknown,0,0, , , ,GLC,4931,29.7986,80.417,India,IN,Uttaranchal,Tham,6.99,1396310400000.0,1606348800000,80.417,29.7986000000001,2013-06-16 00:00:00+00:00,False,prox:59:160:5290
14173,The Indian EXPRESS,http://www.indianexpress.com/news/50-major-landslides-hit-four-road-stretches-in-uttarakhand-govt/1131703/,4930,1371340800000.0, ,"Dharasu-Gangotri Road, Uttarakhand","Between June 15 and 17th. ""Extensive damage has been done to lives and property due to torrential rains, cloudbursts and landslides between June 15 and 17. Vital road and infrastructure has been destroyed.... A number of bridges have been washed away or","Dharasu-Gangotri Road, Uttarakhand",50km,landslide,rain,medium,unknown,0,0, , , ,GLC,4930,30.885,78.6695,India,IN,Uttaranchal,Purali,16.99,1396310400000.0,1606348800000,78.6695000000001,30.885,2013-06-16 00:00:00+00:00,False,prox:61:157:5290
14174,The Indian EXPRESS,http://www.indianexpress.com/news/50-major-landslides-hit-four-road-stretches-in-uttarakhand-govt/1131703/,4929,1371340800000.0, ,"Rishikesh-Joshimath-Mana Road, Uttarakhand","Between June 15 and 17th. ""Extensive damage has been done to lives and property due to torrential rains, cloudbursts and landslides between June 15 and 17. Vital road and infrastructure has been destroyed.... A number of bridges have been washed away or","Rishikesh-Joshimath-Mana Road, Uttarakhand",50km,landslide,rain,medium,unknown,0,0, , , ,GLC,4929,30.4954,78.3881,India,IN,Uttaranchal,Chham,4.63,1396310400000.0,1606348800000,78.3881000000001,30.4954000000001,2013-06-16 00:00:00+00:00,False,prox:60:156:5290
14179,Hindustan Times,http://www.hindustantimes.com/india/flash-floods-and-landslides-kill-21-in-sikkim/story-4FYliiSqiH1MnwaoLBIUnO.html,4571,1348012800000.0, ," Chungthang and Pegong. Houses, between Rangma and Chungthang","At least twenty one bodies, including those of the Indo-Tibetan Border Police (ITBP) and the Border Roads Organisation (BRO) personnel, have so far been found while eight persons are still missing due to flash flood and landslides in remote areas of Nort"," Chungthang and Pegong. Houses, between Rangma and Chungthang",10km,landslide,downpour,large,unknown,0,0, , , ,GLC,4571,27.6558,88.605,India,IN,Sikkim,Sikkim,11.88,1396310400000.0,1606348800000,88.6050000000001,27.6558000000001,2012-09-19 00:00:00+00:00,False,prox:55:177:5200
14180,Hindustan Times,http://www.hindustantimes.com/india/flash-floods-and-landslides-kill-21-in-sikkim/story-4FYliiSqiH1MnwaoLBIUnO.html,4569,1348012800000.0, ,"North Skkimm Hwy between, Chungthang and Mangan, North Skimm (9 landslides)","At least twenty one bodies, including those of the Indo-Tibetan Border Police (ITBP) and the Border Roads Organisation (BRO) personnel, have so far been found while eight persons are still missing due to flash flood and landslides in remote areas of Nort","North Skkimm Hwy between, Chungthang and Mangan, North Skimm (9 landslides)",10km,landslide,downpour,large,unknown,20,0, , , ,GLC,4569,27.8385,88.556,India,IN,Sikkim,Sikkim,21.4,1396310400000.0,1606348800000,88.5560000000001,27.8385000000001,2012-09-19 00:00:00+00:00,False,prox:55:177:5200
14181,Hindustan Times,http://www.hindustantimes.com/chandigarh/landslide-hits-train-services-on-kalka-shimla-section/story-C4FiXc6ERCioiTLnS9e8eI.html,4565,1347926400000.0, ,"Jatog and Kaithlighat railway stations, Kaithleeghat, Himachal Pradesh","As many as five trains came to a halt on Tuesday following a landslide between Jatog and Kaithlighat railway stations on Kalka-Shimla railway section. The landslide, which was triggered following torrential rains on the track, was noticed by railway.  e","Jatog and Kaithlighat railway stations, Kaithleeghat, Himachal Pradesh",1km,landslide,downpour,medium,unknown,0,0, , , ,GLC,4565,31.0226,77.1029,India,IN,Himachal Pradesh,Simla,6.77,1396310400000.0,1606348800000,77.1029,31.0226000000001,2012-09-18 00:00:00+00:00,False,prox:62:154:5200
14194,ibnlive.in,http://ibnlive.in.com/generalnewsfeed/news/two-killed-as-heavy-rains-lash-uttarakhand/759890.html,3819,1311206400000.0, ,"Chamoli , Uttarakhand","Dehradun, July 21 (PTI) Two persons were killed and five injured in Uttarakhand, where incessant rains triggered landslides in Garhwal and Kumaon region, blocking several routes and disrupted normal life.Scores of pilgrims were stranded as the debris fro","Chamoli , Uttarakhand",25km,landslide,rain,medium,unknown,1,0, , , ,GLC,3819,30.4043,79.3318,India,IN,Uttaranchal,Langsu,12.63,1396310400000.0,1606348800000,79.3318,30.4043,2011-07-21 00:00:00+00:00,False,prox:60:158:5058
14197,ibnlive.in,http://ibnlive.in.com/generalnewsfeed/news/two-killed-as-heavy-rains-lash-uttarakhand/759890.html,3821,1311206400000.0, ,"Kumaon, Uttarakhand","Dehradun, July 21 (PTI) Two persons were killed and five injured in Uttarakhand, where incessant rains triggered landslides in Garhwal and Kumaon region, blocking several routes and disrupted normal life.Scores of pilgrims were stranded as the debris fro","Kumaon, Uttarakhand",25km,landslide,rain,medium,unknown,1,0, , , ,GLC,3821,29.7334,79.6367,India,IN,Uttaranchal,Almora,14.54,1396310400000.0,1606348800000,79.6367000000001,29.7334000000001,2011-07-21 00:00:00+00:00,False,prox:59:159:5058
14198,ibnlive.in,http://ibnlive.in.com/generalnewsfeed/news/chardham-yatra-suspended-due-to-rains/752982.html,3752,1310169600000.0, ,Yamunotri,"Dehra Dun, Jul 9 (PTI) The 'Chardham' yatra in Garhwal Himalayas was temporarily suspended today due to inclement weather and landslides triggered by incessant rains along the yatra route.Landslides struck a number of places leading to the four shrines o",Yamunotri,25km,landslide,downpour,medium,unknown,0,0, , , ,GLC,3752,31.0188,78.4129,India,IN,Uttaranchal,Phetari,21.42,1396310400000.0,1606348800000,78.4129,31.0188000000001,2011-07-09 00:00:00+00:00,False,prox:62:156:5054
14199,ibnlive.in,http://ibnlive.in.com/generalnewsfeed/news/chardham-yatra-suspended-due-to-rains/752982.html,3751,1310169600000.0, ,Kedarnath,"Dehra Dun, Jul 9 (PTI) The 'Chardham' yatra in Garhwal Himalayas was temporarily suspended today due to inclement weather and landslides triggered by incessant rains along the yatra route.Landslides struck a number of places leading to the four shrines o",Kedarnath,25km,landslide,downpour,medium,unknown,0,0, , , ,GLC,3751,30.7331,79.0685,India,IN,Uttaranchal,Gaundar,16.94,1396310400000.0,1606348800000,79.0685000000001,30.7331,2011-07-09 00:00:00+00:00,False,prox:61:158:5054
14200,ibnlive.in,http://ibnlive.in.com/generalnewsfeed/news/chardham-yatra-suspended-due-to-rains/752982.html,3750,1310169600000.0, ,Gangotri,"Dehra Dun, Jul 9 (PTI) The 'Chardham' yatra in Garhwal Himalayas was temporarily suspended today due to inclement weather and landslides triggered by incessant rains along the yatra route.Landslides struck a number of places leading to the four shrines o",Gangotri,50km,landslide,downpour,medium,unknown,0,0, , , ,GLC,3750,30.7652,78.5925,India,IN,Uttaranchal,Uttarkashi,15.03,1396310400000.0,1606348800000,78.5925,30.7652,2011-07-09 00:00:00+00:00,False,prox:61:157:5054
14204,IBN,http://ibnlive.in.com/generalnewsfeed/news/yatra-to-kedarnath-gangotri-yamunotri-resumes/745000.html,3669,1309305600000.0, ,"National Highway leading to Gangotri, from Dehradun","Jul 1 (PTI) National highways leading to Kedarnath, Gangotri and Yamunotri, which were blocked due to landslides following heavy rains, were reopened today for traffic to resume the yatra, official sources said.The national highways leading to Kedarnath,","National Highway leading to Gangotri, from Dehradun",50km,landslide,downpour,medium,unknown,0,0, , , ,GLC,3669,30.7666,78.7963,India,IN,Uttaranchal,Bhatgaon,25.29,1396310400000.0,1606348800000,78.7963,30.7666,2011-06-29 00:00:00+00:00,False,prox:61:157:5051
14211,E-Pao,http://www.e-pao.net/GP.asp?src=28..210810.aug10,2164,1280361600000.0,23:00,"Chingai-Kuingai(Quingai) route (16 kms), Chingai subdivision, Ukhrul district, Manipur","Since the Chingai-Quingai road has been sunk due to landslides at various points following heavy rainfall that occured twice during the past 20 days, nearly 5,000 villagers of five villages in the sub-division are facing the alarming possibility of starv","Chingai-Kuingai(Quingai) route (16 kms), Chingai subdivision, Ukhrul district, Manipur",25km,landslide,downpour,medium,unknown,0,0, , , ,GLC,2164,25.3098633,94.48214677,India,IN,Manipur,Somra,29.17,1396310400000.0,1606348800000,94.4821467720001,25.309863296,2010-07-29 00:00:00+00:00,False,prox:50:188:4939
14225,Telegraph India,https://www.telegraphindia.com/1090707/jsp/siliguri/story_11202557.jsp,1061,1246406400000.0,06:00,Bridge destroyed at 4th Mile,Landslides triggered by heavy rains hit an iron bridge on the North Sikkim Highway over Bar Khola at 4th Mile at around 5:40 am.,"4th Mile, Lower Mangshila in North Sikkim",1km,landslide,downpour,medium,unknown,0,0, , ,"Original source is unknown, but it appears to have given the time.",GLC,1061,27.478,88.527,India,IN,Sikkim,Mangan,3.98,1396310400000.0,1606348800000,88.527,27.4780000000001,2009-07-01 00:00:00+00:00,False,prox:54:177:4808
14228,One India,https://www.oneindia.com/2009/07/23/darjeelingtoy-trainsuspended.html,1055,1248220800000.0, ,"Kerseong, West Bengal","The disruption of popular toy train services in Darjeeling disappointed the tourists as the rail track was damaged by the landslides in the region. The track has been washed away at Gayabari, Kerseong and Darjeeling due to heavy incessant rainfall and la","Kerseong, West Bengal",10km,landslide,downpour,medium,unknown,0,0, , , ,GLC,1055,26.8826,88.2788,India,IN,West Bengal,Kurseong,0.16,1396310400000.0,1606348800000,88.2788,26.8826,2009-07-22 00:00:00+00:00,False,prox:53:176:4815
14235,One India,https://www.oneindia.com/2009/07/23/darjeelingtoy-trainsuspended.html,1054,1248220800000.0, ,"Gayabari,  West Bengal","The disruption of popular toy train services in Darjeeling disappointed the tourists as the rail track was damaged by the landslides in the region. The track has been washed away at Gayabari, Kerseong and Darjeeling due to heavy incessant rainfall and la","Gayabari,  West Bengal",10km,landslide,downpour,medium,unknown,0,0, , , ,GLC,1054,26.8572,88.3143,India,IN,West Bengal,Kurseong,4.6,1396310400000.0,1606348800000,88.3143000000001,26.8572,2009-07-22 00:00:00+00:00,False,prox:53:176:4815
